0x0073A7E0	0x0033A7E0	ff 37                           	push    	dword ptr [edi]
0x0073A7E2	0x0033A7E2	8b 8d 2c ff ff ff               	mov     	ecx, dword ptr [ebp - 0xd4]
0x0073A7E8	0x0033A7E8	56                              	push    	esi
0x0073A7E9	0x0033A7E9	50                              	push    	eax
0x0073A7EA	0x0033A7EA	e8 c1 e2 ff ff                  	call    	0x738ab0
0x0073A7EF	0x0033A7EF	8b b5 30 ff ff ff               	mov     	esi, dword ptr [ebp - 0xd0]
0x0073A7F5	0x0033A7F5	85 f6                           	test    	esi, esi
0x0073A7F7	0x0033A7F7	74 70                           	je      	0x73a869
0x0073A7F9	0x0033A7F9	8b 1d 78 16 c7 00               	mov     	ebx, dword ptr [0xc71678]
0x0073A7FF	0x0033A7FF	83 3b 0a                        	cmp     	dword ptr [ebx], 0xa
0x0073A802	0x0033A802	75 6b                           	jne     	0x73a86f
0x0073A804	0x0033A804	83 7b 04 00                     	cmp     	dword ptr [ebx + 4], 0
0x0073A808	0x0033A808	75 2b                           	jne     	0x73a835
0x0073A80A	0x0033A80A	8d 8b a8 ba 01 00               	lea     	ecx, [ebx + 0x1baa8]
0x0073A810	0x0033A810	68 a1 00 00 00                  	push    	0xa1
0x0073A815	0x0033A815	e8 96 3e 28 00                  	call    	0x9be6b0
0x0073A81A	0x0033A81A	85 c0                           	test    	eax, eax
0x0073A81C	0x0033A81C	74 11                           	je      	0x73a82f
0x0073A81E	0x0033A81E	68 a1 00 00 00                  	push    	0xa1
0x0073A823	0x0033A823	8b c8                           	mov     	ecx, eax
0x0073A825	0x0033A825	e8 b6 0e 09 00                  	call    	0x7cb6e0
0x0073A82A	0x0033A82A	83 f8 02                        	cmp     	eax, 2
0x0073A82D	0x0033A82D	7f 36                           	jg      	0x73a865
0x0073A82F	0x0033A82F	8b 1d 78 16 c7 00               	mov     	ebx, dword ptr [0xc71678]
0x0073A835	0x0033A835	83 3b 0a                        	cmp     	dword ptr [ebx], 0xa
0x0073A838	0x0033A838	75 35                           	jne     	0x73a86f
0x0073A83A	0x0033A83A	83 7b 04 01                     	cmp     	dword ptr [ebx + 4], 1
0x0073A83E	0x0033A83E	75 2f                           	jne     	0x73a86f
0x0073A840	0x0033A840	8d 8b a8 ba 01 00               	lea     	ecx, [ebx + 0x1baa8]
0x0073A846	0x0033A846	68 9b 00 00 00                  	push    	0x9b
0x0073A84B	0x0033A84B	e8 60 3e 28 00                  	call    	0x9be6b0
0x0073A850	0x0033A850	85 c0                           	test    	eax, eax
0x0073A852	0x0033A852	74 15                           	je      	0x73a869
0x0073A854	0x0033A854	68 9b 00 00 00                  	push    	0x9b
0x0073A859	0x0033A859	8b c8                           	mov     	ecx, eax
0x0073A85B	0x0033A85B	e8 80 0e 09 00                  	call    	0x7cb6e0
0x0073A860	0x0033A860	83 f8 02                        	cmp     	eax, 2
0x0073A863	0x0033A863	7e 04                           	jle     	0x73a869
0x0073A865	0x0033A865	83 4e 3c 04                     	or      	dword ptr [esi + 0x3c], 4
0x0073A869	0x0033A869	8b 1d 78 16 c7 00               	mov     	ebx, dword ptr [0xc71678]
0x0073A86F	0x0033A86F	83 bd 14 ff ff ff 00            	cmp     	dword ptr [ebp - 0xec], 0
0x0073A876	0x0033A876	75 08                           	jne     	0x73a880
0x0073A878	0x0033A878	8b 07                           	mov     	eax, dword ptr [edi]
0x0073A87A	0x0033A87A	89 85 1c ff ff ff               	mov     	dword ptr [ebp - 0xe4], eax
0x0073A880	0x0033A880	8b 85 2c ff ff ff               	mov     	eax, dword ptr [ebp - 0xd4]
0x0073A886	0x0033A886	8b b3 50 65 02 00               	mov     	esi, dword ptr [ebx + 0x26550]
0x0073A88C	0x0033A88C	0b 70 0c                        	or      	esi, dword ptr [eax + 0xc]
0x0073A88F	0x0033A88F	e8 6c eb fb ff                  	call    	0x6f9400
0x0073A894	0x0033A894	8b f8                           	mov     	edi, eax
0x0073A896	0x0033A896	0b fe                           	or      	edi, esi
0x0073A898	0x0033A898	e8 03 ed fb ff                  	call    	0x6f95a0
0x0073A89D	0x0033A89D	f7 d0                           	not     	eax
0x0073A89F	0x0033A89F	23 c7                           	and     	eax, edi
0x0073A8A1	0x0033A8A1	a8 02                           	test    	al, 2
0x0073A8A3	0x0033A8A3	74 21                           	je      	0x73a8c6
0x0073A8A5	0x0033A8A5	8b 85 14 ff ff ff               	mov     	eax, dword ptr [ebp - 0xec]
0x0073A8AB	0x0033A8AB	be 64 00 00 00                  	mov     	esi, 0x64
0x0073A8B0	0x0033A8B0	8b bd dc fe ff ff               	mov     	edi, dword ptr [ebp - 0x124]
0x0073A8B6	0x0033A8B6	40                              	inc     	eax
0x0073A8B7	0x0033A8B7	89 85 14 ff ff ff               	mov     	dword ptr [ebp - 0xec], eax
0x0073A8BD	0x0033A8BD	83 f8 02                        	cmp     	eax, 2
0x0073A8C0	0x0033A8C0	0f 82 6d fb ff ff               	jb      	0x73a433
0x0073A8C6	0x0033A8C6	8b bd dc fe ff ff               	mov     	edi, dword ptr [ebp - 0x124]
0x0073A8CC	0x0033A8CC	8b 85 1c ff ff ff               	mov     	eax, dword ptr [ebp - 0xe4]
0x0073A8D2	0x0033A8D2	f3 0f 7e 05 6c f6 b1 00         	movq    	xmm0, qword ptr [0xb1f66c]
0x0073A8DA	0x0033A8DA	8b b5 2c ff ff ff               	mov     	esi, dword ptr [ebp - 0xd4]
0x0073A8E0	0x0033A8E0	89 07                           	mov     	dword ptr [edi], eax
0x0073A8E2	0x0033A8E2	a1 74 f6 b1 00                  	mov     	eax, dword ptr [0xb1f674]
0x0073A8E7	0x0033A8E7	66 0f d6 47 04                  	movq    	qword ptr [edi + 4], xmm0
0x0073A8EC	0x0033A8EC	89 47 0c                        	mov     	dword ptr [edi + 0xc], eax
0x0073A8EF	0x0033A8EF	8b 9d 24 ff ff ff               	mov     	ebx, dword ptr [ebp - 0xdc]
0x0073A8F5	0x0033A8F5	8b ce                           	mov     	ecx, esi
0x0073A8F7	0x0033A8F7	e8 d4 32 01 00                  	call    	0x74dbd0
0x0073A8FC	0x0033A8FC	8b 17                           	mov     	edx, dword ptr [edi]
0x0073A8FE	0x0033A8FE	c7 85 30 ff ff ff 00 00 00 00   	mov     	dword ptr [ebp - 0xd0], 0
0x0073A908	0x0033A908	d9 9d 14 ff ff ff               	fstp    	dword ptr [ebp - 0xec]
0x0073A90E	0x0033A90E	85 d2                           	test    	edx, edx
0x0073A910	0x0033A910	75 16                           	jne     	0x73a928
0x0073A912	0x0033A912	68 54 bf b6 00                  	push    	0xb6bf54
0x0073A917	0x0033A917	6a 10                           	push    	0x10
0x0073A919	0x0033A919	e8 a2 69 2d 00                  	call    	0xa112c0
0x0073A91E	0x0033A91E	8b 17                           	mov     	edx, dword ptr [edi]
0x0073A920	0x0033A920	83 c4 08                        	add     	esp, 8
0x0073A923	0x0033A923	85 d2                           	test    	edx, edx
0x0073A925	0x0033A925	75 01                           	jne     	0x73a928
0x0073A927	0x0033A927	cc                              	int3    	
0x0073A928	0x0033A928	8b 4f 04                        	mov     	ecx, dword ptr [edi + 4]
0x0073A92B	0x0033A92B	8b c2                           	mov     	eax, edx
0x0073A92D	0x0033A92D	d3 e8                           	shr     	eax, cl
0x0073A92F	0x0033A92F	8b 4f 08                        	mov     	ecx, dword ptr [edi + 8]
0x0073A932	0x0033A932	33 c2                           	xor     	eax, edx
0x0073A934	0x0033A934	8b d0                           	mov     	edx, eax
0x0073A936	0x0033A936	6a ff                           	push    	-1
0x0073A938	0x0033A938	d3 e2                           	shl     	edx, cl
0x0073A93A	0x0033A93A	8b 4f 0c                        	mov     	ecx, dword ptr [edi + 0xc]
0x0073A93D	0x0033A93D	33 d0                           	xor     	edx, eax
0x0073A93F	0x0033A93F	6a ff                           	push    	-1
0x0073A941	0x0033A941	8b c2                           	mov     	eax, edx
0x0073A943	0x0033A943	d3 e8                           	shr     	eax, cl
0x0073A945	0x0033A945	8d 8d 30 ff ff ff               	lea     	ecx, [ebp - 0xd0]
0x0073A94B	0x0033A94B	51                              	push    	ecx
0x0073A94C	0x0033A94C	6a 0a                           	push    	0xa
0x0073A94E	0x0033A94E	6a 01                           	push    	1
0x0073A950	0x0033A950	6a ff                           	push    	-1
0x0073A952	0x0033A952	6a 00                           	push    	0
0x0073A954	0x0033A954	6a 0d                           	push    	0xd
0x0073A956	0x0033A956	6a 18                           	push    	0x18
0x0073A958	0x0033A958	6a 00                           	push    	0
0x0073A95A	0x0033A95A	33 c2                           	xor     	eax, edx
0x0073A95C	0x0033A95C	8b cb                           	mov     	ecx, ebx
0x0073A95E	0x0033A95E	6a 01                           	push    	1
0x0073A960	0x0033A960	50                              	push    	eax
0x0073A961	0x0033A961	89 07                           	mov     	dword ptr [edi], eax
0x0073A963	0x0033A963	e8 68 1e 0f 00                  	call    	0x82c7d0
0x0073A968	0x0033A968	89 85 1c ff ff ff               	mov     	dword ptr [ebp - 0xe4], eax
0x0073A96E	0x0033A96E	8d 48 38                        	lea     	ecx, [eax + 0x38]
0x0073A971	0x0033A971	51                              	push    	ecx
0x0073A972	0x0033A972	ff 70 48                        	push    	dword ptr [eax + 0x48]
0x0073A975	0x0033A975	8b 8d 20 ff ff ff               	mov     	ecx, dword ptr [ebp - 0xe0]
0x0073A97B	0x0033A97B	e8 60 37 27 00                  	call    	0x9ae0e0
0x0073A980	0x0033A980	8b 9d e4 fe ff ff               	mov     	ebx, dword ptr [ebp - 0x11c]
0x0073A986	0x0033A986	8b cb                           	mov     	ecx, ebx
0x0073A988	0x0033A988	89 85 28 ff ff ff               	mov     	dword ptr [ebp - 0xd8], eax
0x0073A98E	0x0033A98E	8d 85 30 ff ff ff               	lea     	eax, [ebp - 0xd0]
0x0073A994	0x0033A994	50                              	push    	eax
0x0073A995	0x0033A995	8d 85 fc fe ff ff               	lea     	eax, [ebp - 0x104]
0x0073A99B	0x0033A99B	c7 85 30 ff ff ff 18 00 00 00   	mov     	dword ptr [ebp - 0xd0], 0x18
0x0073A9A5	0x0033A9A5	50                              	push    	eax
0x0073A9A6	0x0033A9A6	e8 f5 de ce ff                  	call    	0x4288a0
0x0073A9AB	0x0033A9AB	8b 85 04 ff ff ff               	mov     	eax, dword ptr [ebp - 0xfc]
0x0073A9B1	0x0033A9B1	80 78 0d 00                     	cmp     	byte ptr [eax + 0xd], 0
0x0073A9B5	0x0033A9B5	75 54                           	jne     	0x73aa0b
0x0073A9B7	0x0033A9B7	83 78 10 18                     	cmp     	dword ptr [eax + 0x10], 0x18
0x0073A9BB	0x0033A9BB	7f 4e                           	jg      	0x73aa0b
0x0073A9BD	0x0033A9BD	8b 33                           	mov     	esi, dword ptr [ebx]
0x0073A9BF	0x0033A9BF	3b c6                           	cmp     	eax, esi
0x0073A9C1	0x0033A9C1	75 7f                           	jne     	0x73aa42
0x0073A9C3	0x0033A9C3	eb 48                           	jmp     	0x73aa0d
0x0073A9C5	0x0033A9C5	8b 9d 30 ff ff ff               	mov     	ebx, dword ptr [ebp - 0xd0]
0x0073A9CB	0x0033A9CB	8b 9b 6c 1e 00 00               	mov     	ebx, dword ptr [ebx + 0x1e6c]
0x0073A9D1	0x0033A9D1	f7 db                           	neg     	ebx
0x0073A9D3	0x0033A9D3	1b db                           	sbb     	ebx, ebx
0x0073A9D5	0x0033A9D5	83 e3 02                        	and     	ebx, 2
0x0073A9D8	0x0033A9D8	e9 68 fd ff ff                  	jmp     	0x73a745
0x0073A9DD	0x0033A9DD	8b 9d 30 ff ff ff               	mov     	ebx, dword ptr [ebp - 0xd0]
0x0073A9E3	0x0033A9E3	f7 db                           	neg     	ebx
0x0073A9E5	0x0033A9E5	1b db                           	sbb     	ebx, ebx
0x0073A9E7	0x0033A9E7	83 e3 02                        	and     	ebx, 2
0x0073A9EA	0x0033A9EA	e9 56 fd ff ff                  	jmp     	0x73a745
0x0073A9EF	0x0033A9EF	8b 85 30 ff ff ff               	mov     	eax, dword ptr [ebp - 0xd0]
0x0073A9F5	0x0033A9F5	8b 80 6c 1e 00 00               	mov     	eax, dword ptr [eax + 0x1e6c]
0x0073A9FB	0x0033A9FB	e9 37 fd ff ff                  	jmp     	0x73a737
0x0073AA00	0x0033AA00	8b 85 30 ff ff ff               	mov     	eax, dword ptr [ebp - 0xd0]
0x0073AA06	0x0033AA06	e9 2c fd ff ff                  	jmp     	0x73a737
0x0073AA0B	0x0033AA0B	8b 33                           	mov     	esi, dword ptr [ebx]
0x0073AA0D	0x0033AA0D	8d 85 30 ff ff ff               	lea     	eax, [ebp - 0xd0]
0x0073AA13	0x0033AA13	c7 85 30 ff ff ff 04 00 00 00   	mov     	dword ptr [ebp - 0xd0], 4
0x0073AA1D	0x0033AA1D	50                              	push    	eax
0x0073AA1E	0x0033AA1E	8d 85 fc fe ff ff               	lea     	eax, [ebp - 0x104]
0x0073AA24	0x0033AA24	8b cb                           	mov     	ecx, ebx
0x0073AA26	0x0033AA26	50                              	push    	eax
0x0073AA27	0x0033AA27	e8 74 de ce ff                  	call    	0x4288a0
0x0073AA2C	0x0033AA2C	8b 85 04 ff ff ff               	mov     	eax, dword ptr [ebp - 0xfc]
0x0073AA32	0x0033AA32	80 78 0d 00                     	cmp     	byte ptr [eax + 0xd], 0
0x0073AA36	0x0033AA36	75 1d                           	jne     	0x73aa55
0x0073AA38	0x0033AA38	83 78 10 04                     	cmp     	dword ptr [eax + 0x10], 4
0x0073AA3C	0x0033AA3C	7f 17                           	jg      	0x73aa55
0x0073AA3E	0x0033AA3E	3b c6                           	cmp     	eax, esi
0x0073AA40	0x0033AA40	74 13                           	je      	0x73aa55
0x0073AA42	0x0033AA42	8b 85 28 ff ff ff               	mov     	eax, dword ptr [ebp - 0xd8]
0x0073AA48	0x0033AA48	85 c0                           	test    	eax, eax
0x0073AA4A	0x0033AA4A	0f 84 f5 00 00 00               	je      	0x73ab45
0x0073AA50	0x0033AA50	e9 c8 00 00 00                  	jmp     	0x73ab1d
0x0073AA55	0x0033AA55	83 bd 28 ff ff ff 00            	cmp     	dword ptr [ebp - 0xd8], 0
0x0073AA5C	0x0033AA5C	0f 84 e3 00 00 00               	je      	0x73ab45
0x0073AA62	0x0033AA62	8b 17                           	mov     	edx, dword ptr [edi]
0x0073AA64	0x0033AA64	85 d2                           	test    	edx, edx
0x0073AA66	0x0033AA66	75 16                           	jne     	0x73aa7e
0x0073AA68	0x0033AA68	68 54 bf b6 00                  	push    	0xb6bf54
0x0073AA6D	0x0033AA6D	6a 10                           	push    	0x10
0x0073AA6F	0x0033AA6F	e8 4c 68 2d 00                  	call    	0xa112c0
0x0073AA74	0x0033AA74	8b 17                           	mov     	edx, dword ptr [edi]
0x0073AA76	0x0033AA76	83 c4 08                        	add     	esp, 8
0x0073AA79	0x0033AA79	85 d2                           	test    	edx, edx
0x0073AA7B	0x0033AA7B	75 01                           	jne     	0x73aa7e
0x0073AA7D	0x0033AA7D	cc                              	int3    	
0x0073AA7E	0x0033AA7E	8b 4f 04                        	mov     	ecx, dword ptr [edi + 4]
0x0073AA81	0x0033AA81	8b c2                           	mov     	eax, edx
0x0073AA83	0x0033AA83	d3 e8                           	shr     	eax, cl
0x0073AA85	0x0033AA85	8b 4f 08                        	mov     	ecx, dword ptr [edi + 8]
0x0073AA88	0x0033AA88	33 c2                           	xor     	eax, edx
0x0073AA8A	0x0033AA8A	8b d0                           	mov     	edx, eax
0x0073AA8C	0x0033AA8C	d3 e2                           	shl     	edx, cl
0x0073AA8E	0x0033AA8E	8b 4f 0c                        	mov     	ecx, dword ptr [edi + 0xc]
0x0073AA91	0x0033AA91	33 d0                           	xor     	edx, eax
0x0073AA93	0x0033AA93	8b da                           	mov     	ebx, edx
0x0073AA95	0x0033AA95	d3 eb                           	shr     	ebx, cl
0x0073AA97	0x0033AA97	33 da                           	xor     	ebx, edx
0x0073AA99	0x0033AA99	8b c3                           	mov     	eax, ebx
0x0073AA9B	0x0033AA9B	89 1f                           	mov     	dword ptr [edi], ebx
0x0073AA9D	0x0033AA9D	c1 e8 1f                        	shr     	eax, 0x1f
0x0073AAA0	0x0033AAA0	66 0f 6e c3                     	movd    	xmm0, ebx
0x0073AAA4	0x0033AAA4	f3 0f e6 c0                     	cvtdq2pd	xmm0, xmm0
0x0073AAA8	0x0033AAA8	f2 0f 58 04 c5 00 cb ba 00      	addsd   	xmm0, qword ptr [eax*8 + 0xbacb00]
0x0073AAB1	0x0033AAB1	66 0f 5a c8                     	cvtpd2ps	xmm1, xmm0
0x0073AAB5	0x0033AAB5	f3 0f 10 85 14 ff ff ff         	movss   	xmm0, dword ptr [ebp - 0xec]
0x0073AABD	0x0033AABD	f3 0f 59 0d f0 9f ba 00         	mulss   	xmm1, dword ptr [0xba9ff0]
0x0073AAC5	0x0033AAC5	0f 2f c1                        	comiss  	xmm0, xmm1
0x0073AAC8	0x0033AAC8	76 4d                           	jbe     	0x73ab17
0x0073AACA	0x0033AACA	a1 9c 16 c7 00                  	mov     	eax, dword ptr [0xc7169c]
0x0073AACF	0x0033AACF	80 b8 e2 01 00 00 00            	cmp     	byte ptr [eax + 0x1e2], 0
0x0073AAD6	0x0033AAD6	75 22                           	jne     	0x73aafa
0x0073AAD8	0x0033AAD8	83 78 08 02                     	cmp     	dword ptr [eax + 8], 2
0x0073AADC	0x0033AADC	75 39                           	jne     	0x73ab17
0x0073AADE	0x0033AADE	8b 35 78 16 c7 00               	mov     	esi, dword ptr [0xc71678]
0x0073AAE4	0x0033AAE4	85 f6                           	test    	esi, esi
0x0073AAE6	0x0033AAE6	74 2f                           	je      	0x73ab17
0x0073AAE8	0x0033AAE8	83 be 30 66 02 00 00            	cmp     	dword ptr [esi + 0x26630], 0
0x0073AAEF	0x0033AAEF	77 09                           	ja      	0x73aafa
0x0073AAF1	0x0033AAF1	80 be 89 65 02 00 00            	cmp     	byte ptr [esi + 0x26589], 0
0x0073AAF8	0x0033AAF8	74 1d                           	je      	0x73ab17
0x0073AAFA	0x0033AAFA	6a 00                           	push    	0
0x0073AAFC	0x0033AAFC	51                              	push    	ecx
0x0073AAFD	0x0033AAFD	8b 8d 2c ff ff ff               	mov     	ecx, dword ptr [ebp - 0xd4]
0x0073AB03	0x0033AB03	53                              	push    	ebx
0x0073AB04	0x0033AB04	ff b5 1c ff ff ff               	push    	dword ptr [ebp - 0xe4]
0x0073AB0A	0x0033AB0A	ff b5 28 ff ff ff               	push    	dword ptr [ebp - 0xd8]
0x0073AB10	0x0033AB10	e8 9b df ff ff                  	call    	0x738ab0
0x0073AB15	0x0033AB15	eb 2e                           	jmp     	0x73ab45
0x0073AB17	0x0033AB17	8b 85 28 ff ff ff               	mov     	eax, dword ptr [ebp - 0xd8]
0x0073AB1D	0x0033AB1D	8b 8d 20 ff ff ff               	mov     	ecx, dword ptr [ebp - 0xe0]
0x0073AB23	0x0033AB23	83 c0 04                        	add     	eax, 4
0x0073AB26	0x0033AB26	81 c1 70 03 00 00               	add     	ecx, 0x370
0x0073AB2C	0x0033AB2C	8b 51 04                        	mov     	edx, dword ptr [ecx + 4]
0x0073AB2F	0x0033AB2F	3b 51 08                        	cmp     	edx, dword ptr [ecx + 8]
0x0073AB32	0x0033AB32	74 0a                           	je      	0x73ab3e
0x0073AB34	0x0033AB34	8b 00                           	mov     	eax, dword ptr [eax]
0x0073AB36	0x0033AB36	89 02                           	mov     	dword ptr [edx], eax
0x0073AB38	0x0033AB38	83 41 04 04                     	add     	dword ptr [ecx + 4], 4
0x0073AB3C	0x0033AB3C	eb 07                           	jmp     	0x73ab45
0x0073AB3E	0x0033AB3E	50                              	push    	eax
0x0073AB3F	0x0033AB3F	52                              	push    	edx
0x0073AB40	0x0033AB40	e8 db 1d cf ff                  	call    	0x42c920
0x0073AB45	0x0033AB45	8b 85 2c ff ff ff               	mov     	eax, dword ptr [ebp - 0xd4]
0x0073AB4B	0x0033AB4B	83 38 0b                        	cmp     	dword ptr [eax], 0xb
0x0073AB4E	0x0033AB4E	0f 8d 9c 15 00 00               	jge     	0x73c0f0
0x0073AB54	0x0033AB54	8b 17                           	mov     	edx, dword ptr [edi]
0x0073AB56	0x0033AB56	85 d2                           	test    	edx, edx
0x0073AB58	0x0033AB58	75 16                           	jne     	0x73ab70
0x0073AB5A	0x0033AB5A	68 54 bf b6 00                  	push    	0xb6bf54
0x0073AB5F	0x0033AB5F	6a 10                           	push    	0x10
0x0073AB61	0x0033AB61	e8 5a 67 2d 00                  	call    	0xa112c0
0x0073AB66	0x0033AB66	8b 17                           	mov     	edx, dword ptr [edi]
0x0073AB68	0x0033AB68	83 c4 08                        	add     	esp, 8
0x0073AB6B	0x0033AB6B	85 d2                           	test    	edx, edx
0x0073AB6D	0x0033AB6D	75 01                           	jne     	0x73ab70
0x0073AB6F	0x0033AB6F	cc                              	int3    	
0x0073AB70	0x0033AB70	8b 4f 04                        	mov     	ecx, dword ptr [edi + 4]
0x0073AB73	0x0033AB73	8b c2                           	mov     	eax, edx
0x0073AB75	0x0033AB75	d3 e8                           	shr     	eax, cl
0x0073AB77	0x0033AB77	8b 4f 08                        	mov     	ecx, dword ptr [edi + 8]
0x0073AB7A	0x0033AB7A	33 c2                           	xor     	eax, edx
0x0073AB7C	0x0033AB7C	8b d0                           	mov     	edx, eax
0x0073AB7E	0x0033AB7E	d3 e2                           	shl     	edx, cl
0x0073AB80	0x0033AB80	8b 4f 0c                        	mov     	ecx, dword ptr [edi + 0xc]
0x0073AB83	0x0033AB83	33 d0                           	xor     	edx, eax
0x0073AB85	0x0033AB85	8b f2                           	mov     	esi, edx
0x0073AB87	0x0033AB87	b8 1f 85 eb 51                  	mov     	eax, 0x51eb851f
0x0073AB8C	0x0033AB8C	d3 ee                           	shr     	esi, cl
0x0073AB8E	0x0033AB8E	33 f2                           	xor     	esi, edx
0x0073AB90	0x0033AB90	f7 e6                           	mul     	esi
0x0073AB92	0x0033AB92	8b ce                           	mov     	ecx, esi
0x0073AB94	0x0033AB94	89 37                           	mov     	dword ptr [edi], esi
0x0073AB96	0x0033AB96	c1 ea 04                        	shr     	edx, 4
0x0073AB99	0x0033AB99	6b c2 32                        	imul    	eax, edx, 0x32
0x0073AB9C	0x0033AB9C	2b c8                           	sub     	ecx, eax
0x0073AB9E	0x0033AB9E	0f 84 80 00 00 00               	je      	0x73ac24
0x0073ABA4	0x0033ABA4	85 f6                           	test    	esi, esi
0x0073ABA6	0x0033ABA6	75 16                           	jne     	0x73abbe
0x0073ABA8	0x0033ABA8	68 54 bf b6 00                  	push    	0xb6bf54
0x0073ABAD	0x0033ABAD	6a 10                           	push    	0x10
0x0073ABAF	0x0033ABAF	e8 0c 67 2d 00                  	call    	0xa112c0
0x0073ABB4	0x0033ABB4	8b 37                           	mov     	esi, dword ptr [edi]
0x0073ABB6	0x0033ABB6	83 c4 08                        	add     	esp, 8
0x0073ABB9	0x0033ABB9	85 f6                           	test    	esi, esi
0x0073ABBB	0x0033ABBB	75 01                           	jne     	0x73abbe
0x0073ABBD	0x0033ABBD	cc                              	int3    	
0x0073ABBE	0x0033ABBE	8b 8d 2c ff ff ff               	mov     	ecx, dword ptr [ebp - 0xd4]
0x0073ABC4	0x0033ABC4	8b c6                           	mov     	eax, esi
0x0073ABC6	0x0033ABC6	8b 89 d8 82 01 00               	mov     	ecx, dword ptr [ecx + 0x182d8]
0x0073ABCC	0x0033ABCC	d3 e8                           	shr     	eax, cl
0x0073ABCE	0x0033ABCE	8b 8d 2c ff ff ff               	mov     	ecx, dword ptr [ebp - 0xd4]
0x0073ABD4	0x0033ABD4	33 c6                           	xor     	eax, esi
0x0073ABD6	0x0033ABD6	8b d0                           	mov     	edx, eax
0x0073ABD8	0x0033ABD8	8b 89 dc 82 01 00               	mov     	ecx, dword ptr [ecx + 0x182dc]
0x0073ABDE	0x0033ABDE	d3 e2                           	shl     	edx, cl
0x0073ABE0	0x0033ABE0	33 d0                           	xor     	edx, eax
0x0073ABE2	0x0033ABE2	8b 85 2c ff ff ff               	mov     	eax, dword ptr [ebp - 0xd4]
0x0073ABE8	0x0033ABE8	8b f2                           	mov     	esi, edx
0x0073ABEA	0x0033ABEA	8b 88 e0 82 01 00               	mov     	ecx, dword ptr [eax + 0x182e0]
0x0073ABF0	0x0033ABF0	b8 cd cc cc cc                  	mov     	eax, 0xcccccccd
0x0073ABF5	0x0033ABF5	d3 ee                           	shr     	esi, cl
0x0073ABF7	0x0033ABF7	33 f2                           	xor     	esi, edx
0x0073ABF9	0x0033ABF9	f7 e6                           	mul     	esi
0x0073ABFB	0x0033ABFB	89 37                           	mov     	dword ptr [edi], esi
0x0073ABFD	0x0033ABFD	c1 ea 02                        	shr     	edx, 2
0x0073AC00	0x0033AC00	8d 04 92                        	lea     	eax, [edx + edx*4]
0x0073AC03	0x0033AC03	2b f0                           	sub     	esi, eax
0x0073AC05	0x0033AC05	0f 85 da 01 00 00               	jne     	0x73ade5
0x0073AC0B	0x0033AC0B	8b 0d 78 16 c7 00               	mov     	ecx, dword ptr [0xc71678]
0x0073AC11	0x0033AC11	56                              	push    	esi
0x0073AC12	0x0033AC12	e8 59 cc cd ff                  	call    	0x417870
0x0073AC17	0x0033AC17	83 b8 5c 13 00 00 01            	cmp     	dword ptr [eax + 0x135c], 1
0x0073AC1E	0x0033AC1E	0f 8e c1 01 00 00               	jle     	0x73ade5
0x0073AC24	0x0033AC24	8b 9d e4 fe ff ff               	mov     	ebx, dword ptr [ebp - 0x11c]
0x0073AC2A	0x0033AC2A	8d 85 30 ff ff ff               	lea     	eax, [ebp - 0xd0]
0x0073AC30	0x0033AC30	50                              	push    	eax
0x0073AC31	0x0033AC31	8d 85 fc fe ff ff               	lea     	eax, [ebp - 0x104]
0x0073AC37	0x0033AC37	c7 85 30 ff ff ff 15 00 00 00   	mov     	dword ptr [ebp - 0xd0], 0x15
0x0073AC41	0x0033AC41	50                              	push    	eax
0x0073AC42	0x0033AC42	8b cb                           	mov     	ecx, ebx
0x0073AC44	0x0033AC44	e8 57 dc ce ff                  	call    	0x4288a0
0x0073AC49	0x0033AC49	8b 85 04 ff ff ff               	mov     	eax, dword ptr [ebp - 0xfc]
0x0073AC4F	0x0033AC4F	80 78 0d 00                     	cmp     	byte ptr [eax + 0xd], 0
0x0073AC53	0x0033AC53	75 0e                           	jne     	0x73ac63
0x0073AC55	0x0033AC55	83 78 10 15                     	cmp     	dword ptr [eax + 0x10], 0x15
0x0073AC59	0x0033AC59	7f 08                           	jg      	0x73ac63
0x0073AC5B	0x0033AC5B	3b 03                           	cmp     	eax, dword ptr [ebx]
0x0073AC5D	0x0033AC5D	0f 85 88 01 00 00               	jne     	0x73adeb
0x0073AC63	0x0033AC63	8b 17                           	mov     	edx, dword ptr [edi]
0x0073AC65	0x0033AC65	c7 85 30 ff ff ff 00 00 00 00   	mov     	dword ptr [ebp - 0xd0], 0
0x0073AC6F	0x0033AC6F	85 d2                           	test    	edx, edx
0x0073AC71	0x0033AC71	75 16                           	jne     	0x73ac89
0x0073AC73	0x0033AC73	68 54 bf b6 00                  	push    	0xb6bf54
0x0073AC78	0x0033AC78	6a 10                           	push    	0x10
0x0073AC7A	0x0033AC7A	e8 41 66 2d 00                  	call    	0xa112c0
0x0073AC7F	0x0033AC7F	8b 17                           	mov     	edx, dword ptr [edi]
0x0073AC81	0x0033AC81	83 c4 08                        	add     	esp, 8
0x0073AC84	0x0033AC84	85 d2                           	test    	edx, edx
0x0073AC86	0x0033AC86	75 01                           	jne     	0x73ac89
0x0073AC88	0x0033AC88	cc                              	int3    	
0x0073AC89	0x0033AC89	8b 4f 04                        	mov     	ecx, dword ptr [edi + 4]
0x0073AC8C	0x0033AC8C	8b c2                           	mov     	eax, edx
0x0073AC8E	0x0033AC8E	d3 e8                           	shr     	eax, cl
0x0073AC90	0x0033AC90	8b 4f 08                        	mov     	ecx, dword ptr [edi + 8]
0x0073AC93	0x0033AC93	33 c2                           	xor     	eax, edx
0x0073AC95	0x0033AC95	8b d0                           	mov     	edx, eax
0x0073AC97	0x0033AC97	6a ff                           	push    	-1
0x0073AC99	0x0033AC99	d3 e2                           	shl     	edx, cl
0x0073AC9B	0x0033AC9B	8b 4f 0c                        	mov     	ecx, dword ptr [edi + 0xc]
0x0073AC9E	0x0033AC9E	33 d0                           	xor     	edx, eax
0x0073ACA0	0x0033ACA0	6a ff                           	push    	-1
0x0073ACA2	0x0033ACA2	8b c2                           	mov     	eax, edx
0x0073ACA4	0x0033ACA4	d3 e8                           	shr     	eax, cl
0x0073ACA6	0x0033ACA6	8d 8d 30 ff ff ff               	lea     	ecx, [ebp - 0xd0]
0x0073ACAC	0x0033ACAC	51                              	push    	ecx
0x0073ACAD	0x0033ACAD	8b 8d 24 ff ff ff               	mov     	ecx, dword ptr [ebp - 0xdc]
0x0073ACB3	0x0033ACB3	33 c2                           	xor     	eax, edx
0x0073ACB5	0x0033ACB5	6a 0a                           	push    	0xa
0x0073ACB7	0x0033ACB7	6a 01                           	push    	1
0x0073ACB9	0x0033ACB9	6a ff                           	push    	-1
0x0073ACBB	0x0033ACBB	6a 00                           	push    	0
0x0073ACBD	0x0033ACBD	6a 0d                           	push    	0xd
0x0073ACBF	0x0033ACBF	6a 15                           	push    	0x15
0x0073ACC1	0x0033ACC1	6a 00                           	push    	0
0x0073ACC3	0x0033ACC3	6a 01                           	push    	1
0x0073ACC5	0x0033ACC5	50                              	push    	eax
0x0073ACC6	0x0033ACC6	89 07                           	mov     	dword ptr [edi], eax
0x0073ACC8	0x0033ACC8	e8 03 1b 0f 00                  	call    	0x82c7d0
0x0073ACCD	0x0033ACCD	8b c8                           	mov     	ecx, eax
0x0073ACCF	0x0033ACCF	89 85 30 ff ff ff               	mov     	dword ptr [ebp - 0xd0], eax
0x0073ACD5	0x0033ACD5	8d 41 38                        	lea     	eax, [ecx + 0x38]
0x0073ACD8	0x0033ACD8	50                              	push    	eax
0x0073ACD9	0x0033ACD9	ff 71 48                        	push    	dword ptr [ecx + 0x48]
0x0073ACDC	0x0033ACDC	8b 8d 20 ff ff ff               	mov     	ecx, dword ptr [ebp - 0xe0]
0x0073ACE2	0x0033ACE2	e8 f9 33 27 00                  	call    	0x9ae0e0
0x0073ACE7	0x0033ACE7	89 85 14 ff ff ff               	mov     	dword ptr [ebp - 0xec], eax
0x0073ACED	0x0033ACED	8b cb                           	mov     	ecx, ebx
0x0073ACEF	0x0033ACEF	8d 85 1c ff ff ff               	lea     	eax, [ebp - 0xe4]
0x0073ACF5	0x0033ACF5	c7 85 1c ff ff ff 0d 00 00 00   	mov     	dword ptr [ebp - 0xe4], 0xd
0x0073ACFF	0x0033ACFF	50                              	push    	eax
0x0073AD00	0x0033AD00	8d 85 fc fe ff ff               	lea     	eax, [ebp - 0x104]
0x0073AD06	0x0033AD06	50                              	push    	eax
0x0073AD07	0x0033AD07	e8 94 db ce ff                  	call    	0x4288a0
0x0073AD0C	0x0033AD0C	8b 8d 04 ff ff ff               	mov     	ecx, dword ptr [ebp - 0xfc]
0x0073AD12	0x0033AD12	80 79 0d 00                     	cmp     	byte ptr [ecx + 0xd], 0
0x0073AD16	0x0033AD16	75 06                           	jne     	0x73ad1e
0x0073AD18	0x0033AD18	83 79 10 0d                     	cmp     	dword ptr [ecx + 0x10], 0xd
0x0073AD1C	0x0033AD1C	7e 02                           	jle     	0x73ad20
0x0073AD1E	0x0033AD1E	8b 0b                           	mov     	ecx, dword ptr [ebx]
0x0073AD20	0x0033AD20	3b 0b                           	cmp     	ecx, dword ptr [ebx]
0x0073AD22	0x0033AD22	0f 85 9a 01 00 00               	jne     	0x73aec2
0x0073AD28	0x0033AD28	8b 17                           	mov     	edx, dword ptr [edi]
0x0073AD2A	0x0033AD2A	85 d2                           	test    	edx, edx
0x0073AD2C	0x0033AD2C	75 16                           	jne     	0x73ad44
0x0073AD2E	0x0033AD2E	68 54 bf b6 00                  	push    	0xb6bf54
0x0073AD33	0x0033AD33	6a 10                           	push    	0x10
0x0073AD35	0x0033AD35	e8 86 65 2d 00                  	call    	0xa112c0
0x0073AD3A	0x0033AD3A	8b 17                           	mov     	edx, dword ptr [edi]
0x0073AD3C	0x0033AD3C	83 c4 08                        	add     	esp, 8
0x0073AD3F	0x0033AD3F	85 d2                           	test    	edx, edx
0x0073AD41	0x0033AD41	75 01                           	jne     	0x73ad44
0x0073AD43	0x0033AD43	cc                              	int3    	
0x0073AD44	0x0033AD44	8b 4f 04                        	mov     	ecx, dword ptr [edi + 4]
0x0073AD47	0x0033AD47	8b c2                           	mov     	eax, edx
0x0073AD49	0x0033AD49	d3 e8                           	shr     	eax, cl
0x0073AD4B	0x0033AD4B	8b 4f 08                        	mov     	ecx, dword ptr [edi + 8]
0x0073AD4E	0x0033AD4E	33 c2                           	xor     	eax, edx
0x0073AD50	0x0033AD50	8b d0                           	mov     	edx, eax
0x0073AD52	0x0033AD52	d3 e2                           	shl     	edx, cl
0x0073AD54	0x0033AD54	8b 4f 0c                        	mov     	ecx, dword ptr [edi + 0xc]
0x0073AD57	0x0033AD57	33 d0                           	xor     	edx, eax
0x0073AD59	0x0033AD59	8b da                           	mov     	ebx, edx
0x0073AD5B	0x0033AD5B	b8 25 49 92 24                  	mov     	eax, 0x24924925
0x0073AD60	0x0033AD60	d3 eb                           	shr     	ebx, cl
0x0073AD62	0x0033AD62	33 da                           	xor     	ebx, edx
0x0073AD64	0x0033AD64	f7 e3                           	mul     	ebx
0x0073AD66	0x0033AD66	8b c3                           	mov     	eax, ebx
0x0073AD68	0x0033AD68	89 1f                           	mov     	dword ptr [edi], ebx
0x0073AD6A	0x0033AD6A	2b c2                           	sub     	eax, edx
0x0073AD6C	0x0033AD6C	d1 e8                           	shr     	eax, 1
0x0073AD6E	0x0033AD6E	03 c2                           	add     	eax, edx
0x0073AD70	0x0033AD70	c1 e8 02                        	shr     	eax, 2
0x0073AD73	0x0033AD73	8d 0c c5 00 00 00 00            	lea     	ecx, [eax*8]
0x0073AD7A	0x0033AD7A	2b c8                           	sub     	ecx, eax
0x0073AD7C	0x0033AD7C	8b c3                           	mov     	eax, ebx
0x0073AD7E	0x0033AD7E	2b c1                           	sub     	eax, ecx
0x0073AD80	0x0033AD80	0f 84 dc 00 00 00               	je      	0x73ae62
0x0073AD86	0x0033AD86	8b cf                           	mov     	ecx, edi
0x0073AD88	0x0033AD88	e8 63 e3 0a 00                  	call    	0x7e90f0
0x0073AD8D	0x0033AD8D	8b 0f                           	mov     	ecx, dword ptr [edi]
0x0073AD8F	0x0033AD8F	8b c1                           	mov     	eax, ecx
0x0073AD91	0x0033AD91	83 e0 03                        	and     	eax, 3
0x0073AD94	0x0033AD94	0f 85 28 01 00 00               	jne     	0x73aec2
0x0073AD9A	0x0033AD9A	8b 35 78 16 c7 00               	mov     	esi, dword ptr [0xc71678]
0x0073ADA0	0x0033ADA0	8b d9                           	mov     	ebx, ecx
0x0073ADA2	0x0033ADA2	50                              	push    	eax
0x0073ADA3	0x0033ADA3	8d 8e a8 ba 01 00               	lea     	ecx, [esi + 0x1baa8]
0x0073ADA9	0x0033ADA9	e8 82 3d 28 00                  	call    	0x9beb30
0x0073ADAE	0x0033ADAE	84 c0                           	test    	al, al
0x0073ADB0	0x0033ADB0	0f 85 b2 00 00 00               	jne     	0x73ae68
0x0073ADB6	0x0033ADB6	6a 08                           	push    	8
0x0073ADB8	0x0033ADB8	8d 8e a8 ba 01 00               	lea     	ecx, [esi + 0x1baa8]
0x0073ADBE	0x0033ADBE	e8 6d 38 28 00                  	call    	0x9be630
0x0073ADC3	0x0033ADC3	85 c0                           	test    	eax, eax
0x0073ADC5	0x0033ADC5	0f 85 9d 00 00 00               	jne     	0x73ae68
0x0073ADCB	0x0033ADCB	6a 0b                           	push    	0xb
0x0073ADCD	0x0033ADCD	8d 8e a8 ba 01 00               	lea     	ecx, [esi + 0x1baa8]
0x0073ADD3	0x0033ADD3	e8 58 38 28 00                  	call    	0x9be630
0x0073ADD8	0x0033ADD8	85 c0                           	test    	eax, eax
0x0073ADDA	0x0033ADDA	0f 84 e8 00 00 00               	je      	0x73aec8
0x0073ADE0	0x0033ADE0	e9 83 00 00 00                  	jmp     	0x73ae68
0x0073ADE5	0x0033ADE5	8b 9d e4 fe ff ff               	mov     	ebx, dword ptr [ebp - 0x11c]
0x0073ADEB	0x0033ADEB	8b 17                           	mov     	edx, dword ptr [edi]
0x0073ADED	0x0033ADED	c7 85 30 ff ff ff 00 00 00 00   	mov     	dword ptr [ebp - 0xd0], 0
0x0073ADF7	0x0033ADF7	85 d2                           	test    	edx, edx
0x0073ADF9	0x0033ADF9	75 16                           	jne     	0x73ae11
0x0073ADFB	0x0033ADFB	68 54 bf b6 00                  	push    	0xb6bf54
0x0073AE00	0x0033AE00	6a 10                           	push    	0x10
0x0073AE02	0x0033AE02	e8 b9 64 2d 00                  	call    	0xa112c0
0x0073AE07	0x0033AE07	8b 17                           	mov     	edx, dword ptr [edi]
0x0073AE09	0x0033AE09	83 c4 08                        	add     	esp, 8
0x0073AE0C	0x0033AE0C	85 d2                           	test    	edx, edx
0x0073AE0E	0x0033AE0E	75 01                           	jne     	0x73ae11
0x0073AE10	0x0033AE10	cc                              	int3    	
0x0073AE11	0x0033AE11	8b 4f 04                        	mov     	ecx, dword ptr [edi + 4]
0x0073AE14	0x0033AE14	8b c2                           	mov     	eax, edx
0x0073AE16	0x0033AE16	d3 e8                           	shr     	eax, cl
0x0073AE18	0x0033AE18	8b 4f 08                        	mov     	ecx, dword ptr [edi + 8]
0x0073AE1B	0x0033AE1B	33 c2                           	xor     	eax, edx
0x0073AE1D	0x0033AE1D	8b d0                           	mov     	edx, eax
0x0073AE1F	0x0033AE1F	6a ff                           	push    	-1
0x0073AE21	0x0033AE21	d3 e2                           	shl     	edx, cl
0x0073AE23	0x0033AE23	8b 4f 0c                        	mov     	ecx, dword ptr [edi + 0xc]
0x0073AE26	0x0033AE26	33 d0                           	xor     	edx, eax
0x0073AE28	0x0033AE28	6a ff                           	push    	-1
0x0073AE2A	0x0033AE2A	8b c2                           	mov     	eax, edx
0x0073AE2C	0x0033AE2C	d3 e8                           	shr     	eax, cl
0x0073AE2E	0x0033AE2E	8d 8d 30 ff ff ff               	lea     	ecx, [ebp - 0xd0]
0x0073AE34	0x0033AE34	51                              	push    	ecx
0x0073AE35	0x0033AE35	8b 8d 24 ff ff ff               	mov     	ecx, dword ptr [ebp - 0xdc]
0x0073AE3B	0x0033AE3B	33 c2                           	xor     	eax, edx
0x0073AE3D	0x0033AE3D	6a 0a                           	push    	0xa
0x0073AE3F	0x0033AE3F	6a 01                           	push    	1
0x0073AE41	0x0033AE41	6a ff                           	push    	-1
0x0073AE43	0x0033AE43	6a 00                           	push    	0
0x0073AE45	0x0033AE45	6a 0d                           	push    	0xd
0x0073AE47	0x0033AE47	6a 0d                           	push    	0xd
0x0073AE49	0x0033AE49	6a 00                           	push    	0
0x0073AE4B	0x0033AE4B	6a 01                           	push    	1
0x0073AE4D	0x0033AE4D	50                              	push    	eax
0x0073AE4E	0x0033AE4E	89 07                           	mov     	dword ptr [edi], eax
0x0073AE50	0x0033AE50	e8 7b 19 0f 00                  	call    	0x82c7d0
0x0073AE55	0x0033AE55	8b c8                           	mov     	ecx, eax
0x0073AE57	0x0033AE57	89 8d 30 ff ff ff               	mov     	dword ptr [ebp - 0xd0], ecx
0x0073AE5D	0x0033AE5D	e9 73 fe ff ff                  	jmp     	0x73acd5
0x0073AE62	0x0033AE62	8b 35 78 16 c7 00               	mov     	esi, dword ptr [0xc71678]
0x0073AE68	0x0033AE68	8b 85 14 ff ff ff               	mov     	eax, dword ptr [ebp - 0xec]
0x0073AE6E	0x0033AE6E	85 c0                           	test    	eax, eax
0x0073AE70	0x0033AE70	74 1c                           	je      	0x73ae8e
0x0073AE72	0x0033AE72	6a 00                           	push    	0
0x0073AE74	0x0033AE74	51                              	push    	ecx
0x0073AE75	0x0033AE75	8b 8d 2c ff ff ff               	mov     	ecx, dword ptr [ebp - 0xd4]
0x0073AE7B	0x0033AE7B	53                              	push    	ebx
0x0073AE7C	0x0033AE7C	ff b5 30 ff ff ff               	push    	dword ptr [ebp - 0xd0]
0x0073AE82	0x0033AE82	50                              	push    	eax
0x0073AE83	0x0033AE83	e8 28 dc ff ff                  	call    	0x738ab0
0x0073AE88	0x0033AE88	8b 35 78 16 c7 00               	mov     	esi, dword ptr [0xc71678]
0x0073AE8E	0x0033AE8E	8b 9d 20 ff ff ff               	mov     	ebx, dword ptr [ebp - 0xe0]
0x0073AE94	0x0033AE94	a1 9c 16 c7 00                  	mov     	eax, dword ptr [0xc7169c]
0x0073AE99	0x0033AE99	80 b8 e3 00 00 00 00            	cmp     	byte ptr [eax + 0xe3], 0
0x0073AEA0	0x0033AEA0	75 63                           	jne     	0x73af05
0x0073AEA2	0x0033AEA2	83 78 08 02                     	cmp     	dword ptr [eax + 8], 2
0x0073AEA6	0x0033AEA6	75 16                           	jne     	0x73aebe
0x0073AEA8	0x0033AEA8	85 f6                           	test    	esi, esi
0x0073AEAA	0x0033AEAA	74 12                           	je      	0x73aebe
0x0073AEAC	0x0033AEAC	83 be 30 66 02 00 00            	cmp     	dword ptr [esi + 0x26630], 0
0x0073AEB3	0x0033AEB3	77 50                           	ja      	0x73af05
0x0073AEB5	0x0033AEB5	80 be 89 65 02 00 00            	cmp     	byte ptr [esi + 0x26589], 0
0x0073AEBC	0x0033AEBC	75 47                           	jne     	0x73af05
0x0073AEBE	0x0033AEBE	33 c9                           	xor     	ecx, ecx
0x0073AEC0	0x0033AEC0	eb 48                           	jmp     	0x73af0a
0x0073AEC2	0x0033AEC2	8b 35 78 16 c7 00               	mov     	esi, dword ptr [0xc71678]
0x0073AEC8	0x0033AEC8	8b 85 14 ff ff ff               	mov     	eax, dword ptr [ebp - 0xec]
0x0073AECE	0x0033AECE	85 c0                           	test    	eax, eax
0x0073AED0	0x0033AED0	74 bc                           	je      	0x73ae8e
0x0073AED2	0x0033AED2	8b 9d 20 ff ff ff               	mov     	ebx, dword ptr [ebp - 0xe0]
0x0073AED8	0x0033AED8	83 c0 04                        	add     	eax, 4
0x0073AEDB	0x0033AEDB	8b 93 74 03 00 00               	mov     	edx, dword ptr [ebx + 0x374]
0x0073AEE1	0x0033AEE1	8d 8b 70 03 00 00               	lea     	ecx, [ebx + 0x370]
0x0073AEE7	0x0033AEE7	3b 51 08                        	cmp     	edx, dword ptr [ecx + 8]
0x0073AEEA	0x0033AEEA	74 0a                           	je      	0x73aef6
0x0073AEEC	0x0033AEEC	8b 00                           	mov     	eax, dword ptr [eax]
0x0073AEEE	0x0033AEEE	89 02                           	mov     	dword ptr [edx], eax
0x0073AEF0	0x0033AEF0	83 41 04 04                     	add     	dword ptr [ecx + 4], 4
0x0073AEF4	0x0033AEF4	eb 9e                           	jmp     	0x73ae94
0x0073AEF6	0x0033AEF6	50                              	push    	eax
0x0073AEF7	0x0033AEF7	52                              	push    	edx
0x0073AEF8	0x0033AEF8	e8 23 1a cf ff                  	call    	0x42c920
0x0073AEFD	0x0033AEFD	8b 35 78 16 c7 00               	mov     	esi, dword ptr [0xc71678]
0x0073AF03	0x0033AF03	eb 8f                           	jmp     	0x73ae94
0x0073AF05	0x0033AF05	b9 01 00 00 00                  	mov     	ecx, 1
0x0073AF0A	0x0033AF0A	80 b8 e4 00 00 00 00            	cmp     	byte ptr [eax + 0xe4], 0
0x0073AF11	0x0033AF11	75 1c                           	jne     	0x73af2f
0x0073AF13	0x0033AF13	83 78 08 02                     	cmp     	dword ptr [eax + 8], 2
0x0073AF17	0x0033AF17	75 1b                           	jne     	0x73af34
0x0073AF19	0x0033AF19	85 f6                           	test    	esi, esi
0x0073AF1B	0x0033AF1B	74 17                           	je      	0x73af34
0x0073AF1D	0x0033AF1D	83 be 30 66 02 00 00            	cmp     	dword ptr [esi + 0x26630], 0
0x0073AF24	0x0033AF24	77 09                           	ja      	0x73af2f
0x0073AF26	0x0033AF26	80 be 89 65 02 00 00            	cmp     	byte ptr [esi + 0x26589], 0
0x0073AF2D	0x0033AF2D	74 05                           	je      	0x73af34
0x0073AF2F	0x0033AF2F	b9 02 00 00 00                  	mov     	ecx, 2
0x0073AF34	0x0033AF34	80 b8 e5 00 00 00 00            	cmp     	byte ptr [eax + 0xe5], 0
0x0073AF3B	0x0033AF3B	75 1c                           	jne     	0x73af59
0x0073AF3D	0x0033AF3D	83 78 08 02                     	cmp     	dword ptr [eax + 8], 2
0x0073AF41	0x0033AF41	75 1b                           	jne     	0x73af5e
0x0073AF43	0x0033AF43	85 f6                           	test    	esi, esi
0x0073AF45	0x0033AF45	74 17                           	je      	0x73af5e
0x0073AF47	0x0033AF47	83 be 30 66 02 00 00            	cmp     	dword ptr [esi + 0x26630], 0
0x0073AF4E	0x0033AF4E	77 09                           	ja      	0x73af59
0x0073AF50	0x0033AF50	80 be 89 65 02 00 00            	cmp     	byte ptr [esi + 0x26589], 0
0x0073AF57	0x0033AF57	74 05                           	je      	0x73af5e
0x0073AF59	0x0033AF59	b9 03 00 00 00                  	mov     	ecx, 3
0x0073AF5E	0x0033AF5E	80 b8 e6 00 00 00 00            	cmp     	byte ptr [eax + 0xe6], 0
0x0073AF65	0x0033AF65	75 1c                           	jne     	0x73af83
0x0073AF67	0x0033AF67	83 78 08 02                     	cmp     	dword ptr [eax + 8], 2
0x0073AF6B	0x0033AF6B	75 1b                           	jne     	0x73af88
0x0073AF6D	0x0033AF6D	85 f6                           	test    	esi, esi
0x0073AF6F	0x0033AF6F	74 17                           	je      	0x73af88
0x0073AF71	0x0033AF71	83 be 30 66 02 00 00            	cmp     	dword ptr [esi + 0x26630], 0
0x0073AF78	0x0033AF78	77 09                           	ja      	0x73af83
0x0073AF7A	0x0033AF7A	80 be 89 65 02 00 00            	cmp     	byte ptr [esi + 0x26589], 0
0x0073AF81	0x0033AF81	74 05                           	je      	0x73af88
0x0073AF83	0x0033AF83	b9 04 00 00 00                  	mov     	ecx, 4
0x0073AF88	0x0033AF88	8d 41 01                        	lea     	eax, [ecx + 1]
0x0073AF8B	0x0033AF8B	8b cf                           	mov     	ecx, edi
0x0073AF8D	0x0033AF8D	50                              	push    	eax
0x0073AF8E	0x0033AF8E	e8 8d e0 0a 00                  	call    	0x7e9020
0x0073AF93	0x0033AF93	8b 17                           	mov     	edx, dword ptr [edi]
0x0073AF95	0x0033AF95	8b f0                           	mov     	esi, eax
0x0073AF97	0x0033AF97	c7 85 30 ff ff ff 00 00 00 00   	mov     	dword ptr [ebp - 0xd0], 0
0x0073AFA1	0x0033AFA1	85 d2                           	test    	edx, edx
0x0073AFA3	0x0033AFA3	75 16                           	jne     	0x73afbb
0x0073AFA5	0x0033AFA5	68 54 bf b6 00                  	push    	0xb6bf54
0x0073AFAA	0x0033AFAA	6a 10                           	push    	0x10
0x0073AFAC	0x0033AFAC	e8 0f 63 2d 00                  	call    	0xa112c0
0x0073AFB1	0x0033AFB1	8b 17                           	mov     	edx, dword ptr [edi]
0x0073AFB3	0x0033AFB3	83 c4 08                        	add     	esp, 8
0x0073AFB6	0x0033AFB6	85 d2                           	test    	edx, edx
0x0073AFB8	0x0033AFB8	75 01                           	jne     	0x73afbb
0x0073AFBA	0x0033AFBA	cc                              	int3    	
0x0073AFBB	0x0033AFBB	8b 4f 04                        	mov     	ecx, dword ptr [edi + 4]
0x0073AFBE	0x0033AFBE	8b c2                           	mov     	eax, edx
0x0073AFC0	0x0033AFC0	d3 e8                           	shr     	eax, cl
0x0073AFC2	0x0033AFC2	8b 4f 08                        	mov     	ecx, dword ptr [edi + 8]
0x0073AFC5	0x0033AFC5	33 c2                           	xor     	eax, edx
0x0073AFC7	0x0033AFC7	8b d0                           	mov     	edx, eax
0x0073AFC9	0x0033AFC9	6a ff                           	push    	-1
0x0073AFCB	0x0033AFCB	d3 e2                           	shl     	edx, cl
0x0073AFCD	0x0033AFCD	8b 4f 0c                        	mov     	ecx, dword ptr [edi + 0xc]
0x0073AFD0	0x0033AFD0	33 d0                           	xor     	edx, eax
0x0073AFD2	0x0033AFD2	56                              	push    	esi
0x0073AFD3	0x0033AFD3	8b c2                           	mov     	eax, edx
0x0073AFD5	0x0033AFD5	d3 e8                           	shr     	eax, cl
0x0073AFD7	0x0033AFD7	8d 8d 30 ff ff ff               	lea     	ecx, [ebp - 0xd0]
0x0073AFDD	0x0033AFDD	51                              	push    	ecx
0x0073AFDE	0x0033AFDE	8b 8d 24 ff ff ff               	mov     	ecx, dword ptr [ebp - 0xdc]
0x0073AFE4	0x0033AFE4	33 c2                           	xor     	eax, edx
0x0073AFE6	0x0033AFE6	6a 0a                           	push    	0xa
0x0073AFE8	0x0033AFE8	6a 01                           	push    	1
0x0073AFEA	0x0033AFEA	6a ff                           	push    	-1
0x0073AFEC	0x0033AFEC	6a 00                           	push    	0
0x0073AFEE	0x0033AFEE	6a 0d                           	push    	0xd
0x0073AFF0	0x0033AFF0	6a 0c                           	push    	0xc
0x0073AFF2	0x0033AFF2	6a 00                           	push    	0
0x0073AFF4	0x0033AFF4	6a 00                           	push    	0
0x0073AFF6	0x0033AFF6	50                              	push    	eax
0x0073AFF7	0x0033AFF7	89 07                           	mov     	dword ptr [edi], eax
0x0073AFF9	0x0033AFF9	e8 d2 17 0f 00                  	call    	0x82c7d0
0x0073AFFE	0x0033AFFE	89 85 14 ff ff ff               	mov     	dword ptr [ebp - 0xec], eax
0x0073B004	0x0033B004	8d 48 38                        	lea     	ecx, [eax + 0x38]
0x0073B007	0x0033B007	51                              	push    	ecx
0x0073B008	0x0033B008	ff 70 48                        	push    	dword ptr [eax + 0x48]
0x0073B00B	0x0033B00B	8b cb                           	mov     	ecx, ebx
0x0073B00D	0x0033B00D	e8 ce 30 27 00                  	call    	0x9ae0e0
0x0073B012	0x0033B012	8b b5 e4 fe ff ff               	mov     	esi, dword ptr [ebp - 0x11c]
0x0073B018	0x0033B018	8b d8                           	mov     	ebx, eax
0x0073B01A	0x0033B01A	8d 85 30 ff ff ff               	lea     	eax, [ebp - 0xd0]
0x0073B020	0x0033B020	c7 85 30 ff ff ff 0c 00 00 00   	mov     	dword ptr [ebp - 0xd0], 0xc
0x0073B02A	0x0033B02A	50                              	push    	eax
0x0073B02B	0x0033B02B	8d 85 fc fe ff ff               	lea     	eax, [ebp - 0x104]
0x0073B031	0x0033B031	8b ce                           	mov     	ecx, esi
0x0073B033	0x0033B033	50                              	push    	eax
0x0073B034	0x0033B034	e8 67 d8 ce ff                  	call    	0x4288a0
0x0073B039	0x0033B039	8b 85 04 ff ff ff               	mov     	eax, dword ptr [ebp - 0xfc]
0x0073B03F	0x0033B03F	80 78 0d 00                     	cmp     	byte ptr [eax + 0xd], 0
0x0073B043	0x0033B043	75 0a                           	jne     	0x73b04f
0x0073B045	0x0033B045	83 78 10 0c                     	cmp     	dword ptr [eax + 0x10], 0xc
0x0073B049	0x0033B049	7f 04                           	jg      	0x73b04f
0x0073B04B	0x0033B04B	3b 06                           	cmp     	eax, dword ptr [esi]
0x0073B04D	0x0033B04D	75 76                           	jne     	0x73b0c5
0x0073B04F	0x0033B04F	8b 17                           	mov     	edx, dword ptr [edi]
0x0073B051	0x0033B051	85 d2                           	test    	edx, edx
0x0073B053	0x0033B053	75 16                           	jne     	0x73b06b
0x0073B055	0x0033B055	68 54 bf b6 00                  	push    	0xb6bf54
0x0073B05A	0x0033B05A	6a 10                           	push    	0x10
0x0073B05C	0x0033B05C	e8 5f 62 2d 00                  	call    	0xa112c0
0x0073B061	0x0033B061	8b 17                           	mov     	edx, dword ptr [edi]
0x0073B063	0x0033B063	83 c4 08                        	add     	esp, 8
0x0073B066	0x0033B066	85 d2                           	test    	edx, edx
0x0073B068	0x0033B068	75 01                           	jne     	0x73b06b
0x0073B06A	0x0033B06A	cc                              	int3    	
0x0073B06B	0x0033B06B	8b 4f 04                        	mov     	ecx, dword ptr [edi + 4]
0x0073B06E	0x0033B06E	8b c2                           	mov     	eax, edx
0x0073B070	0x0033B070	d3 e8                           	shr     	eax, cl
0x0073B072	0x0033B072	8b 4f 08                        	mov     	ecx, dword ptr [edi + 8]
0x0073B075	0x0033B075	33 c2                           	xor     	eax, edx
0x0073B077	0x0033B077	8b d0                           	mov     	edx, eax
0x0073B079	0x0033B079	d3 e2                           	shl     	edx, cl
0x0073B07B	0x0033B07B	8b 4f 0c                        	mov     	ecx, dword ptr [edi + 0xc]
0x0073B07E	0x0033B07E	33 d0                           	xor     	edx, eax
0x0073B080	0x0033B080	8b f2                           	mov     	esi, edx
0x0073B082	0x0033B082	b8 cd cc cc cc                  	mov     	eax, 0xcccccccd
0x0073B087	0x0033B087	d3 ee                           	shr     	esi, cl
0x0073B089	0x0033B089	33 f2                           	xor     	esi, edx
0x0073B08B	0x0033B08B	f7 e6                           	mul     	esi
0x0073B08D	0x0033B08D	8b c6                           	mov     	eax, esi
0x0073B08F	0x0033B08F	89 37                           	mov     	dword ptr [edi], esi
0x0073B091	0x0033B091	c1 ea 04                        	shr     	edx, 4
0x0073B094	0x0033B094	8d 0c 92                        	lea     	ecx, [edx + edx*4]
0x0073B097	0x0033B097	c1 e1 02                        	shl     	ecx, 2
0x0073B09A	0x0033B09A	2b c1                           	sub     	eax, ecx
0x0073B09C	0x0033B09C	74 55                           	je      	0x73b0f3
0x0073B09E	0x0033B09E	8b cf                           	mov     	ecx, edi
0x0073B0A0	0x0033B0A0	e8 4b e0 0a 00                  	call    	0x7e90f0
0x0073B0A5	0x0033B0A5	8b 37                           	mov     	esi, dword ptr [edi]
0x0073B0A7	0x0033B0A7	8b c6                           	mov     	eax, esi
0x0073B0A9	0x0033B0A9	83 e0 03                        	and     	eax, 3
0x0073B0AC	0x0033B0AC	75 17                           	jne     	0x73b0c5
0x0073B0AE	0x0033B0AE	8b 0d 78 16 c7 00               	mov     	ecx, dword ptr [0xc71678]
0x0073B0B4	0x0033B0B4	81 c1 48 65 02 00               	add     	ecx, 0x26548
0x0073B0BA	0x0033B0BA	6a 08                           	push    	8
0x0073B0BC	0x0033B0BC	e8 8f 81 ce ff                  	call    	0x423250
0x0073B0C1	0x0033B0C1	84 c0                           	test    	al, al
0x0073B0C3	0x0033B0C3	75 2e                           	jne     	0x73b0f3
0x0073B0C5	0x0033B0C5	85 db                           	test    	ebx, ebx
0x0073B0C7	0x0033B0C7	74 44                           	je      	0x73b10d
0x0073B0C9	0x0033B0C9	8b 8d 20 ff ff ff               	mov     	ecx, dword ptr [ebp - 0xe0]
0x0073B0CF	0x0033B0CF	83 c3 04                        	add     	ebx, 4
0x0073B0D2	0x0033B0D2	81 c1 70 03 00 00               	add     	ecx, 0x370
0x0073B0D8	0x0033B0D8	8b 51 04                        	mov     	edx, dword ptr [ecx + 4]
0x0073B0DB	0x0033B0DB	3b 51 08                        	cmp     	edx, dword ptr [ecx + 8]
0x0073B0DE	0x0033B0DE	74 0a                           	je      	0x73b0ea
0x0073B0E0	0x0033B0E0	8b 03                           	mov     	eax, dword ptr [ebx]
0x0073B0E2	0x0033B0E2	89 02                           	mov     	dword ptr [edx], eax
0x0073B0E4	0x0033B0E4	83 41 04 04                     	add     	dword ptr [ecx + 4], 4
0x0073B0E8	0x0033B0E8	eb 23                           	jmp     	0x73b10d
0x0073B0EA	0x0033B0EA	53                              	push    	ebx
0x0073B0EB	0x0033B0EB	52                              	push    	edx
0x0073B0EC	0x0033B0EC	e8 2f 18 cf ff                  	call    	0x42c920
0x0073B0F1	0x0033B0F1	eb 1a                           	jmp     	0x73b10d
0x0073B0F3	0x0033B0F3	85 db                           	test    	ebx, ebx
0x0073B0F5	0x0033B0F5	74 16                           	je      	0x73b10d
0x0073B0F7	0x0033B0F7	6a 00                           	push    	0
0x0073B0F9	0x0033B0F9	51                              	push    	ecx
0x0073B0FA	0x0033B0FA	8b 8d 2c ff ff ff               	mov     	ecx, dword ptr [ebp - 0xd4]
0x0073B100	0x0033B100	56                              	push    	esi
0x0073B101	0x0033B101	ff b5 14 ff ff ff               	push    	dword ptr [ebp - 0xec]
0x0073B107	0x0033B107	53                              	push    	ebx
0x0073B108	0x0033B108	e8 a3 d9 ff ff                  	call    	0x738ab0
0x0073B10D	0x0033B10D	8b 17                           	mov     	edx, dword ptr [edi]
0x0073B10F	0x0033B10F	85 d2                           	test    	edx, edx
0x0073B111	0x0033B111	75 16                           	jne     	0x73b129
0x0073B113	0x0033B113	68 54 bf b6 00                  	push    	0xb6bf54
0x0073B118	0x0033B118	6a 10                           	push    	0x10
0x0073B11A	0x0033B11A	e8 a1 61 2d 00                  	call    	0xa112c0
0x0073B11F	0x0033B11F	8b 17                           	mov     	edx, dword ptr [edi]
0x0073B121	0x0033B121	83 c4 08                        	add     	esp, 8
0x0073B124	0x0033B124	85 d2                           	test    	edx, edx
0x0073B126	0x0033B126	75 01                           	jne     	0x73b129
0x0073B128	0x0033B128	cc                              	int3    	
0x0073B129	0x0033B129	8b 4f 04                        	mov     	ecx, dword ptr [edi + 4]
0x0073B12C	0x0033B12C	8b c2                           	mov     	eax, edx
0x0073B12E	0x0033B12E	f3 0f 7e 05 e0 f7 b1 00         	movq    	xmm0, qword ptr [0xb1f7e0]
0x0073B136	0x0033B136	bb 01 00 00 00                  	mov     	ebx, 1
0x0073B13B	0x0033B13B	d3 e8                           	shr     	eax, cl
0x0073B13D	0x0033B13D	8b 4f 08                        	mov     	ecx, dword ptr [edi + 8]
0x0073B140	0x0033B140	33 c2                           	xor     	eax, edx
0x0073B142	0x0033B142	8b d0                           	mov     	edx, eax
0x0073B144	0x0033B144	66 0f d6 85 ec fe ff ff         	movq    	qword ptr [ebp - 0x114], xmm0
0x0073B14C	0x0033B14C	d3 e2                           	shl     	edx, cl
0x0073B14E	0x0033B14E	8b 4f 0c                        	mov     	ecx, dword ptr [edi + 0xc]
0x0073B151	0x0033B151	33 d0                           	xor     	edx, eax
0x0073B153	0x0033B153	8b f2                           	mov     	esi, edx
0x0073B155	0x0033B155	d3 ee                           	shr     	esi, cl
0x0073B157	0x0033B157	8b 0d 78 16 c7 00               	mov     	ecx, dword ptr [0xc71678]
0x0073B15D	0x0033B15D	33 f2                           	xor     	esi, edx
0x0073B15F	0x0033B15F	53                              	push    	ebx
0x0073B160	0x0033B160	81 c1 a8 ba 01 00               	add     	ecx, 0x1baa8
0x0073B166	0x0033B166	89 37                           	mov     	dword ptr [edi], esi
0x0073B168	0x0033B168	8b 3d e8 f7 b1 00               	mov     	edi, dword ptr [0xb1f7e8]
0x0073B16E	0x0033B16E	51                              	push    	ecx
0x0073B16F	0x0033B16F	68 57 02 00 00                  	push    	0x257
0x0073B174	0x0033B174	e8 07 2f 28 00                  	call    	0x9be080
0x0073B179	0x0033B179	85 c0                           	test    	eax, eax
0x0073B17B	0x0033B17B	0f 95 c1                        	setne   	cl
0x0073B17E	0x0033B17E	85 c0                           	test    	eax, eax
0x0073B180	0x0033B180	b8 02 00 00 00                  	mov     	eax, 2
0x0073B185	0x0033B185	88 8d 3b ff ff ff               	mov     	byte ptr [ebp - 0xc5], cl
0x0073B18B	0x0033B18B	0f 45 d8                        	cmovne  	ebx, eax
0x0073B18E	0x0033B18E	89 9d 30 ff ff ff               	mov     	dword ptr [ebp - 0xd0], ebx
0x0073B194	0x0033B194	8b 9d f0 fe ff ff               	mov     	ebx, dword ptr [ebp - 0x110]
0x0073B19A	0x0033B19A	66 0f 1f 44 00 00               	nop     	word ptr [eax + eax]
0x0073B1A0	0x0033B1A0	84 c9                           	test    	cl, cl
0x0073B1A2	0x0033B1A2	74 6d                           	je      	0x73b211
0x0073B1A4	0x0033B1A4	c7 85 14 ff ff ff 00 00 00 00   	mov     	dword ptr [ebp - 0xec], 0
0x0073B1AE	0x0033B1AE	85 f6                           	test    	esi, esi
0x0073B1B0	0x0033B1B0	75 10                           	jne     	0x73b1c2
0x0073B1B2	0x0033B1B2	68 54 bf b6 00                  	push    	0xb6bf54
0x0073B1B7	0x0033B1B7	6a 10                           	push    	0x10
0x0073B1B9	0x0033B1B9	e8 02 61 2d 00                  	call    	0xa112c0
0x0073B1BE	0x0033B1BE	83 c4 08                        	add     	esp, 8
0x0073B1C1	0x0033B1C1	cc                              	int3    	
0x0073B1C2	0x0033B1C2	8b 8d ec fe ff ff               	mov     	ecx, dword ptr [ebp - 0x114]
0x0073B1C8	0x0033B1C8	8b d6                           	mov     	edx, esi
0x0073B1CA	0x0033B1CA	d3 ea                           	shr     	edx, cl
0x0073B1CC	0x0033B1CC	8b cb                           	mov     	ecx, ebx
0x0073B1CE	0x0033B1CE	33 d6                           	xor     	edx, esi
0x0073B1D0	0x0033B1D0	6a ff                           	push    	-1
0x0073B1D2	0x0033B1D2	8b c2                           	mov     	eax, edx
0x0073B1D4	0x0033B1D4	d3 e0                           	shl     	eax, cl
0x0073B1D6	0x0033B1D6	8b cf                           	mov     	ecx, edi
0x0073B1D8	0x0033B1D8	33 c2                           	xor     	eax, edx
0x0073B1DA	0x0033B1DA	6a 01                           	push    	1
0x0073B1DC	0x0033B1DC	8b f0                           	mov     	esi, eax
0x0073B1DE	0x0033B1DE	d3 ee                           	shr     	esi, cl
0x0073B1E0	0x0033B1E0	8b 8d 24 ff ff ff               	mov     	ecx, dword ptr [ebp - 0xdc]
0x0073B1E6	0x0033B1E6	33 f0                           	xor     	esi, eax
0x0073B1E8	0x0033B1E8	8d 85 14 ff ff ff               	lea     	eax, [ebp - 0xec]
0x0073B1EE	0x0033B1EE	50                              	push    	eax
0x0073B1EF	0x0033B1EF	6a 0a                           	push    	0xa
0x0073B1F1	0x0033B1F1	6a 01                           	push    	1
0x0073B1F3	0x0033B1F3	6a ff                           	push    	-1
0x0073B1F5	0x0033B1F5	6a 00                           	push    	0
0x0073B1F7	0x0033B1F7	6a 0d                           	push    	0xd
0x0073B1F9	0x0033B1F9	6a 0a                           	push    	0xa
0x0073B1FB	0x0033B1FB	6a 00                           	push    	0
0x0073B1FD	0x0033B1FD	6a 01                           	push    	1
0x0073B1FF	0x0033B1FF	56                              	push    	esi
0x0073B200	0x0033B200	e8 cb 15 0f 00                  	call    	0x82c7d0
0x0073B205	0x0033B205	8b c8                           	mov     	ecx, eax
0x0073B207	0x0033B207	89 8d 14 ff ff ff               	mov     	dword ptr [ebp - 0xec], ecx
0x0073B20D	0x0033B20D	85 c9                           	test    	ecx, ecx
0x0073B20F	0x0033B20F	75 69                           	jne     	0x73b27a
0x0073B211	0x0033B211	c7 85 14 ff ff ff 00 00 00 00   	mov     	dword ptr [ebp - 0xec], 0
0x0073B21B	0x0033B21B	85 f6                           	test    	esi, esi
0x0073B21D	0x0033B21D	75 10                           	jne     	0x73b22f
0x0073B21F	0x0033B21F	68 54 bf b6 00                  	push    	0xb6bf54
0x0073B224	0x0033B224	6a 10                           	push    	0x10
0x0073B226	0x0033B226	e8 95 60 2d 00                  	call    	0xa112c0
0x0073B22B	0x0033B22B	83 c4 08                        	add     	esp, 8
0x0073B22E	0x0033B22E	cc                              	int3    	
0x0073B22F	0x0033B22F	8b 8d ec fe ff ff               	mov     	ecx, dword ptr [ebp - 0x114]
0x0073B235	0x0033B235	8b d6                           	mov     	edx, esi
0x0073B237	0x0033B237	d3 ea                           	shr     	edx, cl
0x0073B239	0x0033B239	8b cb                           	mov     	ecx, ebx
0x0073B23B	0x0033B23B	33 d6                           	xor     	edx, esi
0x0073B23D	0x0033B23D	6a ff                           	push    	-1
0x0073B23F	0x0033B23F	8b c2                           	mov     	eax, edx
0x0073B241	0x0033B241	d3 e0                           	shl     	eax, cl
0x0073B243	0x0033B243	8b cf                           	mov     	ecx, edi
0x0073B245	0x0033B245	33 c2                           	xor     	eax, edx
0x0073B247	0x0033B247	6a 00                           	push    	0
0x0073B249	0x0033B249	8b f0                           	mov     	esi, eax
0x0073B24B	0x0033B24B	d3 ee                           	shr     	esi, cl
0x0073B24D	0x0033B24D	8b 8d 24 ff ff ff               	mov     	ecx, dword ptr [ebp - 0xdc]
0x0073B253	0x0033B253	33 f0                           	xor     	esi, eax
0x0073B255	0x0033B255	8d 85 14 ff ff ff               	lea     	eax, [ebp - 0xec]
0x0073B25B	0x0033B25B	50                              	push    	eax
0x0073B25C	0x0033B25C	6a 0a                           	push    	0xa
0x0073B25E	0x0033B25E	6a 01                           	push    	1
0x0073B260	0x0033B260	6a ff                           	push    	-1
0x0073B262	0x0033B262	6a 00                           	push    	0
0x0073B264	0x0033B264	6a 0d                           	push    	0xd
0x0073B266	0x0033B266	6a 0a                           	push    	0xa
0x0073B268	0x0033B268	6a 00                           	push    	0
0x0073B26A	0x0033B26A	6a 01                           	push    	1
0x0073B26C	0x0033B26C	56                              	push    	esi
0x0073B26D	0x0033B26D	e8 5e 15 0f 00                  	call    	0x82c7d0
0x0073B272	0x0033B272	8b c8                           	mov     	ecx, eax
0x0073B274	0x0033B274	89 85 14 ff ff ff               	mov     	dword ptr [ebp - 0xec], eax
0x0073B27A	0x0033B27A	8d 41 38                        	lea     	eax, [ecx + 0x38]
0x0073B27D	0x0033B27D	50                              	push    	eax
0x0073B27E	0x0033B27E	ff 71 48                        	push    	dword ptr [ecx + 0x48]
0x0073B281	0x0033B281	8b 8d 20 ff ff ff               	mov     	ecx, dword ptr [ebp - 0xe0]
0x0073B287	0x0033B287	e8 54 2e 27 00                  	call    	0x9ae0e0
0x0073B28C	0x0033B28C	8b 8d e4 fe ff ff               	mov     	ecx, dword ptr [ebp - 0x11c]
0x0073B292	0x0033B292	8b d8                           	mov     	ebx, eax
0x0073B294	0x0033B294	8d 85 28 ff ff ff               	lea     	eax, [ebp - 0xd8]
0x0073B29A	0x0033B29A	89 9d 1c ff ff ff               	mov     	dword ptr [ebp - 0xe4], ebx
0x0073B2A0	0x0033B2A0	50                              	push    	eax
0x0073B2A1	0x0033B2A1	8d 85 fc fe ff ff               	lea     	eax, [ebp - 0x104]
0x0073B2A7	0x0033B2A7	c7 85 28 ff ff ff 0a 00 00 00   	mov     	dword ptr [ebp - 0xd8], 0xa
0x0073B2B1	0x0033B2B1	50                              	push    	eax
0x0073B2B2	0x0033B2B2	e8 e9 d5 ce ff                  	call    	0x4288a0
0x0073B2B7	0x0033B2B7	8b 8d 04 ff ff ff               	mov     	ecx, dword ptr [ebp - 0xfc]
0x0073B2BD	0x0033B2BD	80 79 0d 00                     	cmp     	byte ptr [ecx + 0xd], 0
0x0073B2C1	0x0033B2C1	75 48                           	jne     	0x73b30b
0x0073B2C3	0x0033B2C3	83 79 10 0a                     	cmp     	dword ptr [ecx + 0x10], 0xa
0x0073B2C7	0x0033B2C7	7f 42                           	jg      	0x73b30b
0x0073B2C9	0x0033B2C9	8b 85 e4 fe ff ff               	mov     	eax, dword ptr [ebp - 0x11c]
0x0073B2CF	0x0033B2CF	3b 08                           	cmp     	ecx, dword ptr [eax]
0x0073B2D1	0x0033B2D1	74 38                           	je      	0x73b30b
0x0073B2D3	0x0033B2D3	85 db                           	test    	ebx, ebx
0x0073B2D5	0x0033B2D5	0f 84 b9 00 00 00               	je      	0x73b394
0x0073B2DB	0x0033B2DB	8b 8d 20 ff ff ff               	mov     	ecx, dword ptr [ebp - 0xe0]
0x0073B2E1	0x0033B2E1	8d 43 04                        	lea     	eax, [ebx + 4]
0x0073B2E4	0x0033B2E4	81 c1 70 03 00 00               	add     	ecx, 0x370
0x0073B2EA	0x0033B2EA	8b 51 04                        	mov     	edx, dword ptr [ecx + 4]
0x0073B2ED	0x0033B2ED	3b 51 08                        	cmp     	edx, dword ptr [ecx + 8]
0x0073B2F0	0x0033B2F0	74 0d                           	je      	0x73b2ff
0x0073B2F2	0x0033B2F2	8b 00                           	mov     	eax, dword ptr [eax]
0x0073B2F4	0x0033B2F4	89 02                           	mov     	dword ptr [edx], eax
0x0073B2F6	0x0033B2F6	83 41 04 04                     	add     	dword ptr [ecx + 4], 4
0x0073B2FA	0x0033B2FA	e9 95 00 00 00                  	jmp     	0x73b394
0x0073B2FF	0x0033B2FF	50                              	push    	eax
0x0073B300	0x0033B300	52                              	push    	edx
0x0073B301	0x0033B301	e8 1a 16 cf ff                  	call    	0x42c920
0x0073B306	0x0033B306	e9 89 00 00 00                  	jmp     	0x73b394
0x0073B30B	0x0033B30B	85 f6                           	test    	esi, esi
0x0073B30D	0x0033B30D	75 10                           	jne     	0x73b31f
0x0073B30F	0x0033B30F	68 54 bf b6 00                  	push    	0xb6bf54
0x0073B314	0x0033B314	6a 10                           	push    	0x10
0x0073B316	0x0033B316	e8 a5 5f 2d 00                  	call    	0xa112c0
0x0073B31B	0x0033B31B	83 c4 08                        	add     	esp, 8
0x0073B31E	0x0033B31E	cc                              	int3    	
0x0073B31F	0x0033B31F	8b 8d ec fe ff ff               	mov     	ecx, dword ptr [ebp - 0x114]
0x0073B325	0x0033B325	8b c6                           	mov     	eax, esi
0x0073B327	0x0033B327	d3 e8                           	shr     	eax, cl
0x0073B329	0x0033B329	8b 8d f0 fe ff ff               	mov     	ecx, dword ptr [ebp - 0x110]
0x0073B32F	0x0033B32F	33 c6                           	xor     	eax, esi
0x0073B331	0x0033B331	8b d0                           	mov     	edx, eax
0x0073B333	0x0033B333	d3 e2                           	shl     	edx, cl
0x0073B335	0x0033B335	8b cf                           	mov     	ecx, edi
0x0073B337	0x0033B337	33 d0                           	xor     	edx, eax
0x0073B339	0x0033B339	8b f2                           	mov     	esi, edx
0x0073B33B	0x0033B33B	d3 ee                           	shr     	esi, cl
0x0073B33D	0x0033B33D	33 f2                           	xor     	esi, edx
0x0073B33F	0x0033B33F	8b c6                           	mov     	eax, esi
0x0073B341	0x0033B341	83 e0 01                        	and     	eax, 1
0x0073B344	0x0033B344	74 34                           	je      	0x73b37a
0x0073B346	0x0033B346	85 f6                           	test    	esi, esi
0x0073B348	0x0033B348	75 10                           	jne     	0x73b35a
0x0073B34A	0x0033B34A	68 54 bf b6 00                  	push    	0xb6bf54
0x0073B34F	0x0033B34F	6a 10                           	push    	0x10
0x0073B351	0x0033B351	e8 6a 5f 2d 00                  	call    	0xa112c0
0x0073B356	0x0033B356	83 c4 08                        	add     	esp, 8
0x0073B359	0x0033B359	cc                              	int3    	
0x0073B35A	0x0033B35A	8b 8d ec fe ff ff               	mov     	ecx, dword ptr [ebp - 0x114]
0x0073B360	0x0033B360	8b d6                           	mov     	edx, esi
0x0073B362	0x0033B362	d3 ea                           	shr     	edx, cl
0x0073B364	0x0033B364	8b 8d f0 fe ff ff               	mov     	ecx, dword ptr [ebp - 0x110]
0x0073B36A	0x0033B36A	33 d6                           	xor     	edx, esi
0x0073B36C	0x0033B36C	8b c2                           	mov     	eax, edx
0x0073B36E	0x0033B36E	d3 e0                           	shl     	eax, cl
0x0073B370	0x0033B370	8b cf                           	mov     	ecx, edi
0x0073B372	0x0033B372	33 c2                           	xor     	eax, edx
0x0073B374	0x0033B374	8b f0                           	mov     	esi, eax
0x0073B376	0x0033B376	d3 ee                           	shr     	esi, cl
0x0073B378	0x0033B378	33 f0                           	xor     	esi, eax
0x0073B37A	0x0033B37A	85 db                           	test    	ebx, ebx
0x0073B37C	0x0033B37C	74 16                           	je      	0x73b394
0x0073B37E	0x0033B37E	6a 00                           	push    	0
0x0073B380	0x0033B380	51                              	push    	ecx
0x0073B381	0x0033B381	8b 8d 2c ff ff ff               	mov     	ecx, dword ptr [ebp - 0xd4]
0x0073B387	0x0033B387	56                              	push    	esi
0x0073B388	0x0033B388	ff b5 14 ff ff ff               	push    	dword ptr [ebp - 0xec]
0x0073B38E	0x0033B38E	53                              	push    	ebx
0x0073B38F	0x0033B38F	e8 1c d7 ff ff                  	call    	0x738ab0
0x0073B394	0x0033B394	83 ad 30 ff ff ff 01            	sub     	dword ptr [ebp - 0xd0], 1
0x0073B39B	0x0033B39B	8b 9d f0 fe ff ff               	mov     	ebx, dword ptr [ebp - 0x110]
0x0073B3A1	0x0033B3A1	8a 8d 3b ff ff ff               	mov     	cl, byte ptr [ebp - 0xc5]
0x0073B3A7	0x0033B3A7	0f 85 f3 fd ff ff               	jne     	0x73b1a0
0x0073B3AD	0x0033B3AD	8b 85 2c ff ff ff               	mov     	eax, dword ptr [ebp - 0xd4]
0x0073B3B3	0x0033B3B3	83 cb ff                        	or      	ebx, 0xffffffff
0x0073B3B6	0x0033B3B6	8b bd dc fe ff ff               	mov     	edi, dword ptr [ebp - 0x124]
0x0073B3BC	0x0033B3BC	b9 0a 00 00 00                  	mov     	ecx, 0xa
0x0073B3C1	0x0033B3C1	c7 85 28 ff ff ff 00 00 00 00   	mov     	dword ptr [ebp - 0xd8], 0
0x0073B3CB	0x0033B3CB	83 38 07                        	cmp     	dword ptr [eax], 7
0x0073B3CE	0x0033B3CE	b8 01 00 00 00                  	mov     	eax, 1
0x0073B3D3	0x0033B3D3	0f 4c c8                        	cmovl   	ecx, eax
0x0073B3D6	0x0033B3D6	a1 78 16 c7 00                  	mov     	eax, dword ptr [0xc71678]
0x0073B3DB	0x0033B3DB	89 8d 34 ff ff ff               	mov     	dword ptr [ebp - 0xcc], ecx
0x0073B3E1	0x0033B3E1	8b 50 04                        	mov     	edx, dword ptr [eax + 4]
0x0073B3E4	0x0033B3E4	89 95 0c ff ff ff               	mov     	dword ptr [ebp - 0xf4], edx
0x0073B3EA	0x0033B3EA	83 fa 04                        	cmp     	edx, 4
0x0073B3ED	0x0033B3ED	74 0f                           	je      	0x73b3fe
0x0073B3EF	0x0033B3EF	83 fa 05                        	cmp     	edx, 5
0x0073B3F2	0x0033B3F2	74 0a                           	je      	0x73b3fe
0x0073B3F4	0x0033B3F4	8b 08                           	mov     	ecx, dword ptr [eax]
0x0073B3F6	0x0033B3F6	89 8d 30 ff ff ff               	mov     	dword ptr [ebp - 0xd0], ecx
0x0073B3FC	0x0033B3FC	eb 09                           	jmp     	0x73b407
0x0073B3FE	0x0033B3FE	8b 08                           	mov     	ecx, dword ptr [eax]
0x0073B400	0x0033B400	89 8d 30 ff ff ff               	mov     	dword ptr [ebp - 0xd0], ecx
0x0073B406	0x0033B406	41                              	inc     	ecx
0x0073B407	0x0033B407	83 f9 03                        	cmp     	ecx, 3
0x0073B40A	0x0033B40A	0f 8c 87 00 00 00               	jl      	0x73b497
0x0073B410	0x0033B410	8b 35 9c 16 c7 00               	mov     	esi, dword ptr [0xc7169c]
0x0073B416	0x0033B416	80 7e 50 00                     	cmp     	byte ptr [esi + 0x50], 0
0x0073B41A	0x0033B41A	75 1c                           	jne     	0x73b438
0x0073B41C	0x0033B41C	83 7e 08 02                     	cmp     	dword ptr [esi + 8], 2
0x0073B420	0x0033B420	75 12                           	jne     	0x73b434
0x0073B422	0x0033B422	83 b8 30 66 02 00 00            	cmp     	dword ptr [eax + 0x26630], 0
0x0073B429	0x0033B429	77 0d                           	ja      	0x73b438
0x0073B42B	0x0033B42B	80 b8 89 65 02 00 00            	cmp     	byte ptr [eax + 0x26589], 0
0x0073B432	0x0033B432	75 04                           	jne     	0x73b438
0x0073B434	0x0033B434	32 c9                           	xor     	cl, cl
0x0073B436	0x0033B436	eb 02                           	jmp     	0x73b43a
0x0073B438	0x0033B438	b1 01                           	mov     	cl, 1
0x0073B43A	0x0033B43A	84 c9                           	test    	cl, cl
0x0073B43C	0x0033B43C	c7 85 28 ff ff ff 50 00 00 00   	mov     	dword ptr [ebp - 0xd8], 0x50
0x0073B446	0x0033B446	ba 1e 00 00 00                  	mov     	edx, 0x1e
0x0073B44B	0x0033B44B	0f 44 95 28 ff ff ff            	cmove   	edx, dword ptr [ebp - 0xd8]
0x0073B452	0x0033B452	80 7e 6d 00                     	cmp     	byte ptr [esi + 0x6d], 0
0x0073B456	0x0033B456	75 18                           	jne     	0x73b470
0x0073B458	0x0033B458	83 7e 08 02                     	cmp     	dword ptr [esi + 8], 2
0x0073B45C	0x0033B45C	75 17                           	jne     	0x73b475
0x0073B45E	0x0033B45E	83 b8 30 66 02 00 00            	cmp     	dword ptr [eax + 0x26630], 0
0x0073B465	0x0033B465	77 09                           	ja      	0x73b470
0x0073B467	0x0033B467	80 b8 89 65 02 00 00            	cmp     	byte ptr [eax + 0x26589], 0
0x0073B46E	0x0033B46E	74 05                           	je      	0x73b475
0x0073B470	0x0033B470	ba 0a 00 00 00                  	mov     	edx, 0xa
0x0073B475	0x0033B475	8b 86 30 03 00 00               	mov     	eax, dword ptr [esi + 0x330]
0x0073B47B	0x0033B47B	8b 8e 34 03 00 00               	mov     	ecx, dword ptr [esi + 0x334]
0x0073B481	0x0033B481	03 c1                           	add     	eax, ecx
0x0073B483	0x0033B483	b8 05 00 00 00                  	mov     	eax, 5
0x0073B488	0x0033B488	0f 45 d0                        	cmovne  	edx, eax
0x0073B48B	0x0033B48B	89 95 28 ff ff ff               	mov     	dword ptr [ebp - 0xd8], edx
0x0073B491	0x0033B491	8b 95 0c ff ff ff               	mov     	edx, dword ptr [ebp - 0xf4]
0x0073B497	0x0033B497	83 fa 04                        	cmp     	edx, 4
0x0073B49A	0x0033B49A	74 0d                           	je      	0x73b4a9
0x0073B49C	0x0033B49C	83 fa 05                        	cmp     	edx, 5
0x0073B49F	0x0033B49F	74 08                           	je      	0x73b4a9
0x0073B4A1	0x0033B4A1	8b 85 30 ff ff ff               	mov     	eax, dword ptr [ebp - 0xd0]
0x0073B4A7	0x0033B4A7	eb 07                           	jmp     	0x73b4b0
0x0073B4A9	0x0033B4A9	8b 85 30 ff ff ff               	mov     	eax, dword ptr [ebp - 0xd0]
0x0073B4AF	0x0033B4AF	40                              	inc     	eax
0x0073B4B0	0x0033B4B0	83 f8 03                        	cmp     	eax, 3
0x0073B4B3	0x0033B4B3	0f 8c b5 00 00 00               	jl      	0x73b56e
0x0073B4B9	0x0033B4B9	8b 17                           	mov     	edx, dword ptr [edi]
0x0073B4BB	0x0033B4BB	85 d2                           	test    	edx, edx
0x0073B4BD	0x0033B4BD	75 16                           	jne     	0x73b4d5
0x0073B4BF	0x0033B4BF	68 54 bf b6 00                  	push    	0xb6bf54
0x0073B4C4	0x0033B4C4	6a 10                           	push    	0x10
0x0073B4C6	0x0033B4C6	e8 f5 5d 2d 00                  	call    	0xa112c0
0x0073B4CB	0x0033B4CB	8b 17                           	mov     	edx, dword ptr [edi]
0x0073B4CD	0x0033B4CD	83 c4 08                        	add     	esp, 8
0x0073B4D0	0x0033B4D0	85 d2                           	test    	edx, edx
0x0073B4D2	0x0033B4D2	75 01                           	jne     	0x73b4d5
0x0073B4D4	0x0033B4D4	cc                              	int3    	
0x0073B4D5	0x0033B4D5	8b 4f 04                        	mov     	ecx, dword ptr [edi + 4]
0x0073B4D8	0x0033B4D8	8b c2                           	mov     	eax, edx
0x0073B4DA	0x0033B4DA	d3 e8                           	shr     	eax, cl
0x0073B4DC	0x0033B4DC	8b 4f 08                        	mov     	ecx, dword ptr [edi + 8]
0x0073B4DF	0x0033B4DF	33 c2                           	xor     	eax, edx
0x0073B4E1	0x0033B4E1	8b d0                           	mov     	edx, eax
0x0073B4E3	0x0033B4E3	d3 e2                           	shl     	edx, cl
0x0073B4E5	0x0033B4E5	8b 4f 0c                        	mov     	ecx, dword ptr [edi + 0xc]
0x0073B4E8	0x0033B4E8	33 d0                           	xor     	edx, eax
0x0073B4EA	0x0033B4EA	8b f2                           	mov     	esi, edx
0x0073B4EC	0x0033B4EC	b8 cd cc cc cc                  	mov     	eax, 0xcccccccd
0x0073B4F1	0x0033B4F1	d3 ee                           	shr     	esi, cl
0x0073B4F3	0x0033B4F3	33 f2                           	xor     	esi, edx
0x0073B4F5	0x0033B4F5	f7 e6                           	mul     	esi
0x0073B4F7	0x0033B4F7	8b c6                           	mov     	eax, esi
0x0073B4F9	0x0033B4F9	89 37                           	mov     	dword ptr [edi], esi
0x0073B4FB	0x0033B4FB	c1 ea 03                        	shr     	edx, 3
0x0073B4FE	0x0033B4FE	8d 0c 92                        	lea     	ecx, [edx + edx*4]
0x0073B501	0x0033B501	03 c9                           	add     	ecx, ecx
0x0073B503	0x0033B503	2b c1                           	sub     	eax, ecx
0x0073B505	0x0033B505	75 67                           	jne     	0x73b56e
0x0073B507	0x0033B507	8b 0d 78 16 c7 00               	mov     	ecx, dword ptr [0xc71678]
0x0073B50D	0x0033B50D	81 c1 48 65 02 00               	add     	ecx, 0x26548
0x0073B513	0x0033B513	6a 20                           	push    	0x20
0x0073B515	0x0033B515	e8 36 7d ce ff                  	call    	0x423250
0x0073B51A	0x0033B51A	84 c0                           	test    	al, al
0x0073B51C	0x0033B51C	75 50                           	jne     	0x73b56e
0x0073B51E	0x0033B51E	85 f6                           	test    	esi, esi
0x0073B520	0x0033B520	75 16                           	jne     	0x73b538
0x0073B522	0x0033B522	68 54 bf b6 00                  	push    	0xb6bf54
0x0073B527	0x0033B527	6a 10                           	push    	0x10
0x0073B529	0x0033B529	e8 92 5d 2d 00                  	call    	0xa112c0
0x0073B52E	0x0033B52E	8b 37                           	mov     	esi, dword ptr [edi]
0x0073B530	0x0033B530	83 c4 08                        	add     	esp, 8
0x0073B533	0x0033B533	85 f6                           	test    	esi, esi
0x0073B535	0x0033B535	75 01                           	jne     	0x73b538
0x0073B537	0x0033B537	cc                              	int3    	
0x0073B538	0x0033B538	8b 9d 2c ff ff ff               	mov     	ebx, dword ptr [ebp - 0xd4]
0x0073B53E	0x0033B53E	8b c6                           	mov     	eax, esi
0x0073B540	0x0033B540	8b 8b d8 82 01 00               	mov     	ecx, dword ptr [ebx + 0x182d8]
0x0073B546	0x0033B546	d3 e8                           	shr     	eax, cl
0x0073B548	0x0033B548	8b 8b dc 82 01 00               	mov     	ecx, dword ptr [ebx + 0x182dc]
0x0073B54E	0x0033B54E	33 c6                           	xor     	eax, esi
0x0073B550	0x0033B550	8b d0                           	mov     	edx, eax
0x0073B552	0x0033B552	d3 e2                           	shl     	edx, cl
0x0073B554	0x0033B554	8b 8b e0 82 01 00               	mov     	ecx, dword ptr [ebx + 0x182e0]
0x0073B55A	0x0033B55A	33 d0                           	xor     	edx, eax
0x0073B55C	0x0033B55C	8b c2                           	mov     	eax, edx
0x0073B55E	0x0033B55E	bb 0e 00 00 00                  	mov     	ebx, 0xe
0x0073B563	0x0033B563	d3 e8                           	shr     	eax, cl
0x0073B565	0x0033B565	33 c2                           	xor     	eax, edx
0x0073B567	0x0033B567	89 07                           	mov     	dword ptr [edi], eax
0x0073B569	0x0033B569	e9 d5 02 00 00                  	jmp     	0x73b843
0x0073B56E	0x0033B56E	8b 85 28 ff ff ff               	mov     	eax, dword ptr [ebp - 0xd8]
0x0073B574	0x0033B574	85 c0                           	test    	eax, eax
0x0073B576	0x0033B576	74 13                           	je      	0x73b58b
0x0073B578	0x0033B578	50                              	push    	eax
0x0073B579	0x0033B579	8b cf                           	mov     	ecx, edi
0x0073B57B	0x0033B57B	e8 a0 da 0a 00                  	call    	0x7e9020
0x0073B580	0x0033B580	c6 85 3b ff ff ff 01            	mov     	byte ptr [ebp - 0xc5], 1
0x0073B587	0x0033B587	85 c0                           	test    	eax, eax
0x0073B589	0x0033B589	74 07                           	je      	0x73b592
0x0073B58B	0x0033B58B	c6 85 3b ff ff ff 00            	mov     	byte ptr [ebp - 0xc5], 0
0x0073B592	0x0033B592	c7 85 ec fe ff ff 00 00 00 00   	mov     	dword ptr [ebp - 0x114], 0
0x0073B59C	0x0033B59C	c7 85 f0 fe ff ff 00 00 00 00   	mov     	dword ptr [ebp - 0x110], 0
0x0073B5A6	0x0033B5A6	c7 85 f4 fe ff ff 00 00 00 00   	mov     	dword ptr [ebp - 0x10c], 0
0x0073B5B0	0x0033B5B0	51                              	push    	ecx
0x0073B5B1	0x0033B5B1	8d 8d ec fe ff ff               	lea     	ecx, [ebp - 0x114]
0x0073B5B7	0x0033B5B7	c7 45 fc 02 00 00 00            	mov     	dword ptr [ebp - 4], 2
0x0073B5BE	0x0033B5BE	e8 bd 74 01 00                  	call    	0x752a80
0x0073B5C3	0x0033B5C3	8b 0d 78 16 c7 00               	mov     	ecx, dword ptr [0xc71678]
0x0073B5C9	0x0033B5C9	6a 09                           	push    	9
0x0073B5CB	0x0033B5CB	8d 89 48 65 02 00               	lea     	ecx, [ecx + 0x26548]
0x0073B5D1	0x0033B5D1	e8 7a 7c ce ff                  	call    	0x423250
0x0073B5D6	0x0033B5D6	8b b5 f0 fe ff ff               	mov     	esi, dword ptr [ebp - 0x110]
0x0073B5DC	0x0033B5DC	84 c0                           	test    	al, al
0x0073B5DE	0x0033B5DE	75 47                           	jne     	0x73b627
0x0073B5E0	0x0033B5E0	38 85 3b ff ff ff               	cmp     	byte ptr [ebp - 0xc5], al
0x0073B5E6	0x0033B5E6	b9 09 00 00 00                  	mov     	ecx, 9
0x0073B5EB	0x0033B5EB	b8 02 00 00 00                  	mov     	eax, 2
0x0073B5F0	0x0033B5F0	0f 45 c1                        	cmovne  	eax, ecx
0x0073B5F3	0x0033B5F3	89 85 0c ff ff ff               	mov     	dword ptr [ebp - 0xf4], eax
0x0073B5F9	0x0033B5F9	3b b5 f4 fe ff ff               	cmp     	esi, dword ptr [ebp - 0x10c]
0x0073B5FF	0x0033B5FF	74 0d                           	je      	0x73b60e
0x0073B601	0x0033B601	89 06                           	mov     	dword ptr [esi], eax
0x0073B603	0x0033B603	83 c6 04                        	add     	esi, 4
0x0073B606	0x0033B606	89 b5 f0 fe ff ff               	mov     	dword ptr [ebp - 0x110], esi
0x0073B60C	0x0033B60C	eb 19                           	jmp     	0x73b627
0x0073B60E	0x0033B60E	8d 85 0c ff ff ff               	lea     	eax, [ebp - 0xf4]
0x0073B614	0x0033B614	50                              	push    	eax
0x0073B615	0x0033B615	56                              	push    	esi
0x0073B616	0x0033B616	8d 8d ec fe ff ff               	lea     	ecx, [ebp - 0x114]
0x0073B61C	0x0033B61C	e8 ff 12 cf ff                  	call    	0x42c920
0x0073B621	0x0033B621	8b b5 f0 fe ff ff               	mov     	esi, dword ptr [ebp - 0x110]
0x0073B627	0x0033B627	8b 0d 78 16 c7 00               	mov     	ecx, dword ptr [0xc71678]
0x0073B62D	0x0033B62D	6a 0a                           	push    	0xa
0x0073B62F	0x0033B62F	e8 6c 61 ce ff                  	call    	0x4217a0
0x0073B634	0x0033B634	84 c0                           	test    	al, al
0x0073B636	0x0033B636	75 48                           	jne     	0x73b680
0x0073B638	0x0033B638	80 bd 3b ff ff ff 00            	cmp     	byte ptr [ebp - 0xc5], 0
0x0073B63F	0x0033B63F	b8 03 00 00 00                  	mov     	eax, 3
0x0073B644	0x0033B644	b9 0a 00 00 00                  	mov     	ecx, 0xa
0x0073B649	0x0033B649	0f 45 c1                        	cmovne  	eax, ecx
0x0073B64C	0x0033B64C	89 85 0c ff ff ff               	mov     	dword ptr [ebp - 0xf4], eax
0x0073B652	0x0033B652	3b b5 f4 fe ff ff               	cmp     	esi, dword ptr [ebp - 0x10c]
0x0073B658	0x0033B658	74 0d                           	je      	0x73b667
0x0073B65A	0x0033B65A	89 06                           	mov     	dword ptr [esi], eax
0x0073B65C	0x0033B65C	83 c6 04                        	add     	esi, 4
0x0073B65F	0x0033B65F	89 b5 f0 fe ff ff               	mov     	dword ptr [ebp - 0x110], esi
0x0073B665	0x0033B665	eb 19                           	jmp     	0x73b680
0x0073B667	0x0033B667	8d 85 0c ff ff ff               	lea     	eax, [ebp - 0xf4]
0x0073B66D	0x0033B66D	50                              	push    	eax
0x0073B66E	0x0033B66E	56                              	push    	esi
0x0073B66F	0x0033B66F	8d 8d ec fe ff ff               	lea     	ecx, [ebp - 0x114]
0x0073B675	0x0033B675	e8 a6 12 cf ff                  	call    	0x42c920
0x0073B67A	0x0033B67A	8b b5 f0 fe ff ff               	mov     	esi, dword ptr [ebp - 0x110]
0x0073B680	0x0033B680	8b 0d 78 16 c7 00               	mov     	ecx, dword ptr [0xc71678]
0x0073B686	0x0033B686	6a 0b                           	push    	0xb
0x0073B688	0x0033B688	e8 13 61 ce ff                  	call    	0x4217a0
0x0073B68D	0x0033B68D	84 c0                           	test    	al, al
0x0073B68F	0x0033B68F	75 48                           	jne     	0x73b6d9
0x0073B691	0x0033B691	80 bd 3b ff ff ff 00            	cmp     	byte ptr [ebp - 0xc5], 0
0x0073B698	0x0033B698	b8 01 00 00 00                  	mov     	eax, 1
0x0073B69D	0x0033B69D	b9 08 00 00 00                  	mov     	ecx, 8
0x0073B6A2	0x0033B6A2	0f 45 c1                        	cmovne  	eax, ecx
0x0073B6A5	0x0033B6A5	89 85 0c ff ff ff               	mov     	dword ptr [ebp - 0xf4], eax
0x0073B6AB	0x0033B6AB	3b b5 f4 fe ff ff               	cmp     	esi, dword ptr [ebp - 0x10c]
0x0073B6B1	0x0033B6B1	74 0d                           	je      	0x73b6c0
0x0073B6B3	0x0033B6B3	89 06                           	mov     	dword ptr [esi], eax
0x0073B6B5	0x0033B6B5	83 c6 04                        	add     	esi, 4
0x0073B6B8	0x0033B6B8	89 b5 f0 fe ff ff               	mov     	dword ptr [ebp - 0x110], esi
0x0073B6BE	0x0033B6BE	eb 19                           	jmp     	0x73b6d9
0x0073B6C0	0x0033B6C0	8d 85 0c ff ff ff               	lea     	eax, [ebp - 0xf4]
0x0073B6C6	0x0033B6C6	50                              	push    	eax
0x0073B6C7	0x0033B6C7	56                              	push    	esi
0x0073B6C8	0x0033B6C8	8d 8d ec fe ff ff               	lea     	ecx, [ebp - 0x114]
0x0073B6CE	0x0033B6CE	e8 4d 12 cf ff                  	call    	0x42c920
0x0073B6D3	0x0033B6D3	8b b5 f0 fe ff ff               	mov     	esi, dword ptr [ebp - 0x110]
0x0073B6D9	0x0033B6D9	8b 0d 78 16 c7 00               	mov     	ecx, dword ptr [0xc71678]
0x0073B6DF	0x0033B6DF	6a 0c                           	push    	0xc
0x0073B6E1	0x0033B6E1	e8 ba 60 ce ff                  	call    	0x4217a0
0x0073B6E6	0x0033B6E6	84 c0                           	test    	al, al
0x0073B6E8	0x0033B6E8	75 44                           	jne     	0x73b72e
0x0073B6EA	0x0033B6EA	33 c0                           	xor     	eax, eax
0x0073B6EC	0x0033B6EC	b9 07 00 00 00                  	mov     	ecx, 7
0x0073B6F1	0x0033B6F1	38 85 3b ff ff ff               	cmp     	byte ptr [ebp - 0xc5], al
0x0073B6F7	0x0033B6F7	0f 45 c1                        	cmovne  	eax, ecx
0x0073B6FA	0x0033B6FA	89 85 0c ff ff ff               	mov     	dword ptr [ebp - 0xf4], eax
0x0073B700	0x0033B700	3b b5 f4 fe ff ff               	cmp     	esi, dword ptr [ebp - 0x10c]
0x0073B706	0x0033B706	74 0d                           	je      	0x73b715
0x0073B708	0x0033B708	89 06                           	mov     	dword ptr [esi], eax
0x0073B70A	0x0033B70A	83 c6 04                        	add     	esi, 4
0x0073B70D	0x0033B70D	89 b5 f0 fe ff ff               	mov     	dword ptr [ebp - 0x110], esi
0x0073B713	0x0033B713	eb 19                           	jmp     	0x73b72e
0x0073B715	0x0033B715	8d 85 0c ff ff ff               	lea     	eax, [ebp - 0xf4]
0x0073B71B	0x0033B71B	50                              	push    	eax
0x0073B71C	0x0033B71C	56                              	push    	esi
0x0073B71D	0x0033B71D	8d 8d ec fe ff ff               	lea     	ecx, [ebp - 0x114]
0x0073B723	0x0033B723	e8 f8 11 cf ff                  	call    	0x42c920
0x0073B728	0x0033B728	8b b5 f0 fe ff ff               	mov     	esi, dword ptr [ebp - 0x110]
0x0073B72E	0x0033B72E	8b 0d 78 16 c7 00               	mov     	ecx, dword ptr [0xc71678]
0x0073B734	0x0033B734	6a 0d                           	push    	0xd
0x0073B736	0x0033B736	e8 65 60 ce ff                  	call    	0x4217a0
0x0073B73B	0x0033B73B	84 c0                           	test    	al, al
0x0073B73D	0x0033B73D	75 48                           	jne     	0x73b787
0x0073B73F	0x0033B73F	80 bd 3b ff ff ff 00            	cmp     	byte ptr [ebp - 0xc5], 0
0x0073B746	0x0033B746	b8 05 00 00 00                  	mov     	eax, 5
0x0073B74B	0x0033B74B	b9 0c 00 00 00                  	mov     	ecx, 0xc
0x0073B750	0x0033B750	0f 45 c1                        	cmovne  	eax, ecx
0x0073B753	0x0033B753	89 85 0c ff ff ff               	mov     	dword ptr [ebp - 0xf4], eax
0x0073B759	0x0033B759	3b b5 f4 fe ff ff               	cmp     	esi, dword ptr [ebp - 0x10c]
0x0073B75F	0x0033B75F	74 0d                           	je      	0x73b76e
0x0073B761	0x0033B761	89 06                           	mov     	dword ptr [esi], eax
0x0073B763	0x0033B763	83 c6 04                        	add     	esi, 4
0x0073B766	0x0033B766	89 b5 f0 fe ff ff               	mov     	dword ptr [ebp - 0x110], esi
0x0073B76C	0x0033B76C	eb 19                           	jmp     	0x73b787
0x0073B76E	0x0033B76E	8d 85 0c ff ff ff               	lea     	eax, [ebp - 0xf4]
0x0073B774	0x0033B774	50                              	push    	eax
0x0073B775	0x0033B775	56                              	push    	esi
0x0073B776	0x0033B776	8d 8d ec fe ff ff               	lea     	ecx, [ebp - 0x114]
0x0073B77C	0x0033B77C	e8 9f 11 cf ff                  	call    	0x42c920
0x0073B781	0x0033B781	8b b5 f0 fe ff ff               	mov     	esi, dword ptr [ebp - 0x110]
0x0073B787	0x0033B787	8b 0d 78 16 c7 00               	mov     	ecx, dword ptr [0xc71678]
0x0073B78D	0x0033B78D	6a 0e                           	push    	0xe
0x0073B78F	0x0033B78F	e8 0c 60 ce ff                  	call    	0x4217a0
0x0073B794	0x0033B794	84 c0                           	test    	al, al
0x0073B796	0x0033B796	75 48                           	jne     	0x73b7e0
0x0073B798	0x0033B798	80 bd 3b ff ff ff 00            	cmp     	byte ptr [ebp - 0xc5], 0
0x0073B79F	0x0033B79F	b8 06 00 00 00                  	mov     	eax, 6
0x0073B7A4	0x0033B7A4	b9 0d 00 00 00                  	mov     	ecx, 0xd
0x0073B7A9	0x0033B7A9	0f 45 c1                        	cmovne  	eax, ecx
0x0073B7AC	0x0033B7AC	89 85 0c ff ff ff               	mov     	dword ptr [ebp - 0xf4], eax
0x0073B7B2	0x0033B7B2	3b b5 f4 fe ff ff               	cmp     	esi, dword ptr [ebp - 0x10c]
0x0073B7B8	0x0033B7B8	74 0d                           	je      	0x73b7c7
0x0073B7BA	0x0033B7BA	89 06                           	mov     	dword ptr [esi], eax
0x0073B7BC	0x0033B7BC	83 c6 04                        	add     	esi, 4
0x0073B7BF	0x0033B7BF	89 b5 f0 fe ff ff               	mov     	dword ptr [ebp - 0x110], esi
0x0073B7C5	0x0033B7C5	eb 19                           	jmp     	0x73b7e0
0x0073B7C7	0x0033B7C7	8d 85 0c ff ff ff               	lea     	eax, [ebp - 0xf4]
0x0073B7CD	0x0033B7CD	50                              	push    	eax
0x0073B7CE	0x0033B7CE	56                              	push    	esi
0x0073B7CF	0x0033B7CF	8d 8d ec fe ff ff               	lea     	ecx, [ebp - 0x114]
0x0073B7D5	0x0033B7D5	e8 46 11 cf ff                  	call    	0x42c920
0x0073B7DA	0x0033B7DA	8b b5 f0 fe ff ff               	mov     	esi, dword ptr [ebp - 0x110]
0x0073B7E0	0x0033B7E0	8b 8d ec fe ff ff               	mov     	ecx, dword ptr [ebp - 0x114]
0x0073B7E6	0x0033B7E6	2b f1                           	sub     	esi, ecx
0x0073B7E8	0x0033B7E8	c1 fe 02                        	sar     	esi, 2
0x0073B7EB	0x0033B7EB	85 f6                           	test    	esi, esi
0x0073B7ED	0x0033B7ED	74 11                           	je      	0x73b800
0x0073B7EF	0x0033B7EF	56                              	push    	esi
0x0073B7F0	0x0033B7F0	8b cf                           	mov     	ecx, edi
0x0073B7F2	0x0033B7F2	e8 29 d8 0a 00                  	call    	0x7e9020
0x0073B7F7	0x0033B7F7	8b 8d ec fe ff ff               	mov     	ecx, dword ptr [ebp - 0x114]
0x0073B7FD	0x0033B7FD	8b 1c 81                        	mov     	ebx, dword ptr [ecx + eax*4]
0x0073B800	0x0033B800	c7 45 fc ff ff ff ff            	mov     	dword ptr [ebp - 4], 0xffffffff
0x0073B807	0x0033B807	85 c9                           	test    	ecx, ecx
0x0073B809	0x0033B809	74 30                           	je      	0x73b83b
0x0073B80B	0x0033B80B	8b 85 f4 fe ff ff               	mov     	eax, dword ptr [ebp - 0x10c]
0x0073B811	0x0033B811	2b c1                           	sub     	eax, ecx
0x0073B813	0x0033B813	c1 f8 02                        	sar     	eax, 2
0x0073B816	0x0033B816	50                              	push    	eax
0x0073B817	0x0033B817	51                              	push    	ecx
0x0073B818	0x0033B818	e8 23 0f cd ff                  	call    	0x40c740
0x0073B81D	0x0033B81D	c7 85 ec fe ff ff 00 00 00 00   	mov     	dword ptr [ebp - 0x114], 0
0x0073B827	0x0033B827	c7 85 f0 fe ff ff 00 00 00 00   	mov     	dword ptr [ebp - 0x110], 0
0x0073B831	0x0033B831	c7 85 f4 fe ff ff 00 00 00 00   	mov     	dword ptr [ebp - 0x10c], 0
0x0073B83B	0x0033B83B	85 db                           	test    	ebx, ebx
0x0073B83D	0x0033B83D	0f 88 08 01 00 00               	js      	0x73b94b
0x0073B843	0x0033B843	8b 17                           	mov     	edx, dword ptr [edi]
0x0073B845	0x0033B845	c7 85 0c ff ff ff 00 00 00 00   	mov     	dword ptr [ebp - 0xf4], 0
0x0073B84F	0x0033B84F	85 d2                           	test    	edx, edx
0x0073B851	0x0033B851	75 16                           	jne     	0x73b869
0x0073B853	0x0033B853	68 54 bf b6 00                  	push    	0xb6bf54
0x0073B858	0x0033B858	6a 10                           	push    	0x10
0x0073B85A	0x0033B85A	e8 61 5a 2d 00                  	call    	0xa112c0
0x0073B85F	0x0033B85F	8b 17                           	mov     	edx, dword ptr [edi]
0x0073B861	0x0033B861	83 c4 08                        	add     	esp, 8
0x0073B864	0x0033B864	85 d2                           	test    	edx, edx
0x0073B866	0x0033B866	75 01                           	jne     	0x73b869
0x0073B868	0x0033B868	cc                              	int3    	
0x0073B869	0x0033B869	8b 4f 04                        	mov     	ecx, dword ptr [edi + 4]
0x0073B86C	0x0033B86C	8b c2                           	mov     	eax, edx
0x0073B86E	0x0033B86E	d3 e8                           	shr     	eax, cl
0x0073B870	0x0033B870	8b 4f 08                        	mov     	ecx, dword ptr [edi + 8]
0x0073B873	0x0033B873	33 c2                           	xor     	eax, edx
0x0073B875	0x0033B875	8b d0                           	mov     	edx, eax
0x0073B877	0x0033B877	8b b5 24 ff ff ff               	mov     	esi, dword ptr [ebp - 0xdc]
0x0073B87D	0x0033B87D	6a ff                           	push    	-1
0x0073B87F	0x0033B87F	d3 e2                           	shl     	edx, cl
0x0073B881	0x0033B881	8b 4f 0c                        	mov     	ecx, dword ptr [edi + 0xc]
0x0073B884	0x0033B884	33 d0                           	xor     	edx, eax
0x0073B886	0x0033B886	53                              	push    	ebx
0x0073B887	0x0033B887	8b c2                           	mov     	eax, edx
0x0073B889	0x0033B889	d3 e8                           	shr     	eax, cl
0x0073B88B	0x0033B88B	8d 8d 0c ff ff ff               	lea     	ecx, [ebp - 0xf4]
0x0073B891	0x0033B891	51                              	push    	ecx
0x0073B892	0x0033B892	8b 8d 34 ff ff ff               	mov     	ecx, dword ptr [ebp - 0xcc]
0x0073B898	0x0033B898	33 c2                           	xor     	eax, edx
0x0073B89A	0x0033B89A	51                              	push    	ecx
0x0073B89B	0x0033B89B	51                              	push    	ecx
0x0073B89C	0x0033B89C	6a ff                           	push    	-1
0x0073B89E	0x0033B89E	6a 00                           	push    	0
0x0073B8A0	0x0033B8A0	6a 0d                           	push    	0xd
0x0073B8A2	0x0033B8A2	6a 06                           	push    	6
0x0073B8A4	0x0033B8A4	6a 00                           	push    	0
0x0073B8A6	0x0033B8A6	6a 01                           	push    	1
0x0073B8A8	0x0033B8A8	50                              	push    	eax
0x0073B8A9	0x0033B8A9	8b ce                           	mov     	ecx, esi
0x0073B8AB	0x0033B8AB	89 07                           	mov     	dword ptr [edi], eax
0x0073B8AD	0x0033B8AD	e8 1e 0f 0f 00                  	call    	0x82c7d0
0x0073B8B2	0x0033B8B2	8b c8                           	mov     	ecx, eax
0x0073B8B4	0x0033B8B4	89 85 14 ff ff ff               	mov     	dword ptr [ebp - 0xec], eax
0x0073B8BA	0x0033B8BA	85 c9                           	test    	ecx, ecx
0x0073B8BC	0x0033B8BC	75 75                           	jne     	0x73b933
0x0073B8BE	0x0033B8BE	8b 17                           	mov     	edx, dword ptr [edi]
0x0073B8C0	0x0033B8C0	89 85 34 ff ff ff               	mov     	dword ptr [ebp - 0xcc], eax
0x0073B8C6	0x0033B8C6	85 d2                           	test    	edx, edx
0x0073B8C8	0x0033B8C8	75 16                           	jne     	0x73b8e0
0x0073B8CA	0x0033B8CA	68 54 bf b6 00                  	push    	0xb6bf54
0x0073B8CF	0x0033B8CF	6a 10                           	push    	0x10
0x0073B8D1	0x0033B8D1	e8 ea 59 2d 00                  	call    	0xa112c0
0x0073B8D6	0x0033B8D6	8b 17                           	mov     	edx, dword ptr [edi]
0x0073B8D8	0x0033B8D8	83 c4 08                        	add     	esp, 8
0x0073B8DB	0x0033B8DB	85 d2                           	test    	edx, edx
0x0073B8DD	0x0033B8DD	75 01                           	jne     	0x73b8e0
0x0073B8DF	0x0033B8DF	cc                              	int3    	
0x0073B8E0	0x0033B8E0	8b 4f 04                        	mov     	ecx, dword ptr [edi + 4]
0x0073B8E3	0x0033B8E3	8b c2                           	mov     	eax, edx
0x0073B8E5	0x0033B8E5	d3 e8                           	shr     	eax, cl
0x0073B8E7	0x0033B8E7	8b 4f 08                        	mov     	ecx, dword ptr [edi + 8]
0x0073B8EA	0x0033B8EA	33 c2                           	xor     	eax, edx
0x0073B8EC	0x0033B8EC	8b d0                           	mov     	edx, eax
0x0073B8EE	0x0033B8EE	6a ff                           	push    	-1
0x0073B8F0	0x0033B8F0	d3 e2                           	shl     	edx, cl
0x0073B8F2	0x0033B8F2	8b 4f 0c                        	mov     	ecx, dword ptr [edi + 0xc]
0x0073B8F5	0x0033B8F5	33 d0                           	xor     	edx, eax
0x0073B8F7	0x0033B8F7	53                              	push    	ebx
0x0073B8F8	0x0033B8F8	8b c2                           	mov     	eax, edx
0x0073B8FA	0x0033B8FA	d3 e8                           	shr     	eax, cl
0x0073B8FC	0x0033B8FC	8d 8d 34 ff ff ff               	lea     	ecx, [ebp - 0xcc]
0x0073B902	0x0033B902	51                              	push    	ecx
0x0073B903	0x0033B903	6a 0a                           	push    	0xa
0x0073B905	0x0033B905	6a 01                           	push    	1
0x0073B907	0x0033B907	6a ff                           	push    	-1
0x0073B909	0x0033B909	6a 00                           	push    	0
0x0073B90B	0x0033B90B	6a 0d                           	push    	0xd
0x0073B90D	0x0033B90D	6a 06                           	push    	6
0x0073B90F	0x0033B90F	6a 00                           	push    	0
0x0073B911	0x0033B911	33 c2                           	xor     	eax, edx
0x0073B913	0x0033B913	8b ce                           	mov     	ecx, esi
0x0073B915	0x0033B915	6a 01                           	push    	1
0x0073B917	0x0033B917	50                              	push    	eax
0x0073B918	0x0033B918	89 07                           	mov     	dword ptr [edi], eax
0x0073B91A	0x0033B91A	e8 b1 0e 0f 00                  	call    	0x82c7d0
0x0073B91F	0x0033B91F	8b c8                           	mov     	ecx, eax
0x0073B921	0x0033B921	89 8d 14 ff ff ff               	mov     	dword ptr [ebp - 0xec], ecx
0x0073B927	0x0033B927	85 c9                           	test    	ecx, ecx
0x0073B929	0x0033B929	75 08                           	jne     	0x73b933
0x0073B92B	0x0033B92B	89 85 1c ff ff ff               	mov     	dword ptr [ebp - 0xe4], eax
0x0073B931	0x0033B931	eb 18                           	jmp     	0x73b94b
0x0073B933	0x0033B933	8d 41 38                        	lea     	eax, [ecx + 0x38]
0x0073B936	0x0033B936	50                              	push    	eax
0x0073B937	0x0033B937	ff 71 48                        	push    	dword ptr [ecx + 0x48]
0x0073B93A	0x0033B93A	8b 8d 20 ff ff ff               	mov     	ecx, dword ptr [ebp - 0xe0]
0x0073B940	0x0033B940	e8 9b 27 27 00                  	call    	0x9ae0e0
0x0073B945	0x0033B945	89 85 1c ff ff ff               	mov     	dword ptr [ebp - 0xe4], eax
0x0073B94B	0x0033B94B	8b b5 e4 fe ff ff               	mov     	esi, dword ptr [ebp - 0x11c]
0x0073B951	0x0033B951	8d 85 34 ff ff ff               	lea     	eax, [ebp - 0xcc]
0x0073B957	0x0033B957	50                              	push    	eax
0x0073B958	0x0033B958	8d 85 fc fe ff ff               	lea     	eax, [ebp - 0x104]
0x0073B95E	0x0033B95E	c7 85 34 ff ff ff 06 00 00 00   	mov     	dword ptr [ebp - 0xcc], 6
0x0073B968	0x0033B968	50                              	push    	eax
0x0073B969	0x0033B969	8b ce                           	mov     	ecx, esi
0x0073B96B	0x0033B96B	e8 30 cf ce ff                  	call    	0x4288a0
0x0073B970	0x0033B970	8b 85 04 ff ff ff               	mov     	eax, dword ptr [ebp - 0xfc]
0x0073B976	0x0033B976	80 78 0d 00                     	cmp     	byte ptr [eax + 0xd], 0
0x0073B97A	0x0033B97A	75 0e                           	jne     	0x73b98a
0x0073B97C	0x0033B97C	83 78 10 06                     	cmp     	dword ptr [eax + 0x10], 6
0x0073B980	0x0033B980	7f 08                           	jg      	0x73b98a
0x0073B982	0x0033B982	3b 06                           	cmp     	eax, dword ptr [esi]
0x0073B984	0x0033B984	0f 85 cc 00 00 00               	jne     	0x73ba56
0x0073B98A	0x0033B98A	8b 17                           	mov     	edx, dword ptr [edi]
0x0073B98C	0x0033B98C	85 d2                           	test    	edx, edx
0x0073B98E	0x0033B98E	75 16                           	jne     	0x73b9a6
0x0073B990	0x0033B990	68 54 bf b6 00                  	push    	0xb6bf54
0x0073B995	0x0033B995	6a 10                           	push    	0x10
0x0073B997	0x0033B997	e8 24 59 2d 00                  	call    	0xa112c0
0x0073B99C	0x0033B99C	8b 17                           	mov     	edx, dword ptr [edi]
0x0073B99E	0x0033B99E	83 c4 08                        	add     	esp, 8
0x0073B9A1	0x0033B9A1	85 d2                           	test    	edx, edx
0x0073B9A3	0x0033B9A3	75 01                           	jne     	0x73b9a6
0x0073B9A5	0x0033B9A5	cc                              	int3    	
0x0073B9A6	0x0033B9A6	8b 4f 04                        	mov     	ecx, dword ptr [edi + 4]
0x0073B9A9	0x0033B9A9	8b c2                           	mov     	eax, edx
0x0073B9AB	0x0033B9AB	d3 e8                           	shr     	eax, cl
0x0073B9AD	0x0033B9AD	8b 4f 08                        	mov     	ecx, dword ptr [edi + 8]
0x0073B9B0	0x0033B9B0	33 c2                           	xor     	eax, edx
0x0073B9B2	0x0033B9B2	8b d0                           	mov     	edx, eax
0x0073B9B4	0x0033B9B4	d3 e2                           	shl     	edx, cl
0x0073B9B6	0x0033B9B6	8b 4f 0c                        	mov     	ecx, dword ptr [edi + 0xc]
0x0073B9B9	0x0033B9B9	33 d0                           	xor     	edx, eax
0x0073B9BB	0x0033B9BB	8b f2                           	mov     	esi, edx
0x0073B9BD	0x0033B9BD	d3 ee                           	shr     	esi, cl
0x0073B9BF	0x0033B9BF	33 f2                           	xor     	esi, edx
0x0073B9C1	0x0033B9C1	8b c6                           	mov     	eax, esi
0x0073B9C3	0x0033B9C3	89 37                           	mov     	dword ptr [edi], esi
0x0073B9C5	0x0033B9C5	83 e0 03                        	and     	eax, 3
0x0073B9C8	0x0033B9C8	0f 84 c9 00 00 00               	je      	0x73ba97
0x0073B9CE	0x0033B9CE	85 f6                           	test    	esi, esi
0x0073B9D0	0x0033B9D0	75 16                           	jne     	0x73b9e8
0x0073B9D2	0x0033B9D2	68 54 bf b6 00                  	push    	0xb6bf54
0x0073B9D7	0x0033B9D7	6a 10                           	push    	0x10
0x0073B9D9	0x0033B9D9	e8 e2 58 2d 00                  	call    	0xa112c0
0x0073B9DE	0x0033B9DE	8b 37                           	mov     	esi, dword ptr [edi]
0x0073B9E0	0x0033B9E0	83 c4 08                        	add     	esp, 8
0x0073B9E3	0x0033B9E3	85 f6                           	test    	esi, esi
0x0073B9E5	0x0033B9E5	75 01                           	jne     	0x73b9e8
0x0073B9E7	0x0033B9E7	cc                              	int3    	
0x0073B9E8	0x0033B9E8	8b 8d 2c ff ff ff               	mov     	ecx, dword ptr [ebp - 0xd4]
0x0073B9EE	0x0033B9EE	8b c6                           	mov     	eax, esi
0x0073B9F0	0x0033B9F0	8b 89 d8 82 01 00               	mov     	ecx, dword ptr [ecx + 0x182d8]
0x0073B9F6	0x0033B9F6	d3 e8                           	shr     	eax, cl
0x0073B9F8	0x0033B9F8	8b 8d 2c ff ff ff               	mov     	ecx, dword ptr [ebp - 0xd4]
0x0073B9FE	0x0033B9FE	33 c6                           	xor     	eax, esi
0x0073BA00	0x0033BA00	8b d0                           	mov     	edx, eax
0x0073BA02	0x0033BA02	8b 89 dc 82 01 00               	mov     	ecx, dword ptr [ecx + 0x182dc]
0x0073BA08	0x0033BA08	d3 e2                           	shl     	edx, cl
0x0073BA0A	0x0033BA0A	33 d0                           	xor     	edx, eax
0x0073BA0C	0x0033BA0C	8b 85 2c ff ff ff               	mov     	eax, dword ptr [ebp - 0xd4]
0x0073BA12	0x0033BA12	8b f2                           	mov     	esi, edx
0x0073BA14	0x0033BA14	8b 88 e0 82 01 00               	mov     	ecx, dword ptr [eax + 0x182e0]
0x0073BA1A	0x0033BA1A	b8 ab aa aa aa                  	mov     	eax, 0xaaaaaaab
0x0073BA1F	0x0033BA1F	d3 ee                           	shr     	esi, cl
0x0073BA21	0x0033BA21	33 f2                           	xor     	esi, edx
0x0073BA23	0x0033BA23	f7 e6                           	mul     	esi
0x0073BA25	0x0033BA25	8b ce                           	mov     	ecx, esi
0x0073BA27	0x0033BA27	89 37                           	mov     	dword ptr [edi], esi
0x0073BA29	0x0033BA29	d1 ea                           	shr     	edx, 1
0x0073BA2B	0x0033BA2B	8d 04 52                        	lea     	eax, [edx + edx*2]
0x0073BA2E	0x0033BA2E	2b c8                           	sub     	ecx, eax
0x0073BA30	0x0033BA30	75 24                           	jne     	0x73ba56
0x0073BA32	0x0033BA32	8b 0d 78 16 c7 00               	mov     	ecx, dword ptr [0xc71678]
0x0073BA38	0x0033BA38	8b 41 04                        	mov     	eax, dword ptr [ecx + 4]
0x0073BA3B	0x0033BA3B	83 f8 04                        	cmp     	eax, 4
0x0073BA3E	0x0033BA3E	74 09                           	je      	0x73ba49
0x0073BA40	0x0033BA40	83 f8 05                        	cmp     	eax, 5
0x0073BA43	0x0033BA43	74 04                           	je      	0x73ba49
0x0073BA45	0x0033BA45	8b 01                           	mov     	eax, dword ptr [ecx]
0x0073BA47	0x0033BA47	eb 08                           	jmp     	0x73ba51
0x0073BA49	0x0033BA49	a1 78 16 c7 00                  	mov     	eax, dword ptr [0xc71678]
0x0073BA4E	0x0033BA4E	8b 00                           	mov     	eax, dword ptr [eax]
0x0073BA50	0x0033BA50	40                              	inc     	eax
0x0073BA51	0x0033BA51	83 f8 01                        	cmp     	eax, 1
0x0073BA54	0x0033BA54	74 41                           	je      	0x73ba97
0x0073BA56	0x0033BA56	8b 85 1c ff ff ff               	mov     	eax, dword ptr [ebp - 0xe4]
0x0073BA5C	0x0033BA5C	8b b5 20 ff ff ff               	mov     	esi, dword ptr [ebp - 0xe0]
0x0073BA62	0x0033BA62	85 c0                           	test    	eax, eax
0x0073BA64	0x0033BA64	0f 84 44 01 00 00               	je      	0x73bbae
0x0073BA6A	0x0033BA6A	8b 96 74 03 00 00               	mov     	edx, dword ptr [esi + 0x374]
0x0073BA70	0x0033BA70	8d 8e 70 03 00 00               	lea     	ecx, [esi + 0x370]
0x0073BA76	0x0033BA76	83 c0 04                        	add     	eax, 4
0x0073BA79	0x0033BA79	3b 51 08                        	cmp     	edx, dword ptr [ecx + 8]
0x0073BA7C	0x0033BA7C	74 0d                           	je      	0x73ba8b
0x0073BA7E	0x0033BA7E	8b 00                           	mov     	eax, dword ptr [eax]
0x0073BA80	0x0033BA80	89 02                           	mov     	dword ptr [edx], eax
0x0073BA82	0x0033BA82	83 41 04 04                     	add     	dword ptr [ecx + 4], 4
0x0073BA86	0x0033BA86	e9 23 01 00 00                  	jmp     	0x73bbae
0x0073BA8B	0x0033BA8B	50                              	push    	eax
0x0073BA8C	0x0033BA8C	52                              	push    	edx
0x0073BA8D	0x0033BA8D	e8 8e 0e cf ff                  	call    	0x42c920
0x0073BA92	0x0033BA92	e9 17 01 00 00                  	jmp     	0x73bbae
0x0073BA97	0x0033BA97	8b 85 1c ff ff ff               	mov     	eax, dword ptr [ebp - 0xe4]
0x0073BA9D	0x0033BA9D	85 c0                           	test    	eax, eax
0x0073BA9F	0x0033BA9F	0f 84 03 01 00 00               	je      	0x73bba8
0x0073BAA5	0x0033BAA5	6a 00                           	push    	0
0x0073BAA7	0x0033BAA7	51                              	push    	ecx
0x0073BAA8	0x0033BAA8	8b 8d 2c ff ff ff               	mov     	ecx, dword ptr [ebp - 0xd4]
0x0073BAAE	0x0033BAAE	56                              	push    	esi
0x0073BAAF	0x0033BAAF	ff b5 14 ff ff ff               	push    	dword ptr [ebp - 0xec]
0x0073BAB5	0x0033BAB5	50                              	push    	eax
0x0073BAB6	0x0033BAB6	e8 f5 cf ff ff                  	call    	0x738ab0
0x0073BABB	0x0033BABB	8b 0d 78 16 c7 00               	mov     	ecx, dword ptr [0xc71678]
0x0073BAC1	0x0033BAC1	32 d2                           	xor     	dl, dl
0x0073BAC3	0x0033BAC3	89 95 d0 fe ff ff               	mov     	dword ptr [ebp - 0x130], edx
0x0073BAC9	0x0033BAC9	83 fb 02                        	cmp     	ebx, 2
0x0073BACC	0x0033BACC	74 05                           	je      	0x73bad3
0x0073BACE	0x0033BACE	83 fb 09                        	cmp     	ebx, 9
0x0073BAD1	0x0033BAD1	75 16                           	jne     	0x73bae9
0x0073BAD3	0x0033BAD3	8b 81 4c 65 02 00               	mov     	eax, dword ptr [ecx + 0x2654c]
0x0073BAD9	0x0033BAD9	81 89 48 65 02 00 00 02 00 00   	or      	dword ptr [ecx + 0x26548], 0x200
0x0073BAE3	0x0033BAE3	89 81 4c 65 02 00               	mov     	dword ptr [ecx + 0x2654c], eax
0x0073BAE9	0x0033BAE9	83 fb 03                        	cmp     	ebx, 3
0x0073BAEC	0x0033BAEC	74 05                           	je      	0x73baf3
0x0073BAEE	0x0033BAEE	83 fb 0a                        	cmp     	ebx, 0xa
0x0073BAF1	0x0033BAF1	75 16                           	jne     	0x73bb09
0x0073BAF3	0x0033BAF3	8b 81 4c 65 02 00               	mov     	eax, dword ptr [ecx + 0x2654c]
0x0073BAF9	0x0033BAF9	81 89 48 65 02 00 00 04 00 00   	or      	dword ptr [ecx + 0x26548], 0x400
0x0073BB03	0x0033BB03	89 81 4c 65 02 00               	mov     	dword ptr [ecx + 0x2654c], eax
0x0073BB09	0x0033BB09	83 fb 01                        	cmp     	ebx, 1
0x0073BB0C	0x0033BB0C	74 05                           	je      	0x73bb13
0x0073BB0E	0x0033BB0E	83 fb 08                        	cmp     	ebx, 8
0x0073BB11	0x0033BB11	75 16                           	jne     	0x73bb29
0x0073BB13	0x0033BB13	8b 81 4c 65 02 00               	mov     	eax, dword ptr [ecx + 0x2654c]
0x0073BB19	0x0033BB19	81 89 48 65 02 00 00 08 00 00   	or      	dword ptr [ecx + 0x26548], 0x800
0x0073BB23	0x0033BB23	89 81 4c 65 02 00               	mov     	dword ptr [ecx + 0x2654c], eax
0x0073BB29	0x0033BB29	85 db                           	test    	ebx, ebx
0x0073BB2B	0x0033BB2B	74 05                           	je      	0x73bb32
0x0073BB2D	0x0033BB2D	83 fb 07                        	cmp     	ebx, 7
0x0073BB30	0x0033BB30	75 16                           	jne     	0x73bb48
0x0073BB32	0x0033BB32	8b 81 4c 65 02 00               	mov     	eax, dword ptr [ecx + 0x2654c]
0x0073BB38	0x0033BB38	81 89 48 65 02 00 00 10 00 00   	or      	dword ptr [ecx + 0x26548], 0x1000
0x0073BB42	0x0033BB42	89 81 4c 65 02 00               	mov     	dword ptr [ecx + 0x2654c], eax
0x0073BB48	0x0033BB48	83 fb 05                        	cmp     	ebx, 5
0x0073BB4B	0x0033BB4B	74 05                           	je      	0x73bb52
0x0073BB4D	0x0033BB4D	83 fb 0c                        	cmp     	ebx, 0xc
0x0073BB50	0x0033BB50	75 16                           	jne     	0x73bb68
0x0073BB52	0x0033BB52	8b 81 4c 65 02 00               	mov     	eax, dword ptr [ecx + 0x2654c]
0x0073BB58	0x0033BB58	81 89 48 65 02 00 00 20 00 00   	or      	dword ptr [ecx + 0x26548], 0x2000
0x0073BB62	0x0033BB62	89 81 4c 65 02 00               	mov     	dword ptr [ecx + 0x2654c], eax
0x0073BB68	0x0033BB68	83 fb 06                        	cmp     	ebx, 6
0x0073BB6B	0x0033BB6B	74 05                           	je      	0x73bb72
0x0073BB6D	0x0033BB6D	83 fb 0d                        	cmp     	ebx, 0xd
0x0073BB70	0x0033BB70	75 16                           	jne     	0x73bb88
0x0073BB72	0x0033BB72	8b 81 4c 65 02 00               	mov     	eax, dword ptr [ecx + 0x2654c]
0x0073BB78	0x0033BB78	81 89 48 65 02 00 00 40 00 00   	or      	dword ptr [ecx + 0x26548], 0x4000
0x0073BB82	0x0033BB82	89 81 4c 65 02 00               	mov     	dword ptr [ecx + 0x2654c], eax
0x0073BB88	0x0033BB88	8b b5 20 ff ff ff               	mov     	esi, dword ptr [ebp - 0xe0]
0x0073BB8E	0x0033BB8E	83 fb 0e                        	cmp     	ebx, 0xe
0x0073BB91	0x0033BB91	75 1b                           	jne     	0x73bbae
0x0073BB93	0x0033BB93	8b 81 48 65 02 00               	mov     	eax, dword ptr [ecx + 0x26548]
0x0073BB99	0x0033BB99	83 89 4c 65 02 00 01            	or      	dword ptr [ecx + 0x2654c], 1
0x0073BBA0	0x0033BBA0	89 81 48 65 02 00               	mov     	dword ptr [ecx + 0x26548], eax
0x0073BBA6	0x0033BBA6	eb 06                           	jmp     	0x73bbae
0x0073BBA8	0x0033BBA8	8b b5 20 ff ff ff               	mov     	esi, dword ptr [ebp - 0xe0]
0x0073BBAE	0x0033BBAE	8b 85 2c ff ff ff               	mov     	eax, dword ptr [ebp - 0xd4]
0x0073BBB4	0x0033BBB4	33 db                           	xor     	ebx, ebx
0x0073BBB6	0x0033BBB6	8b 17                           	mov     	edx, dword ptr [edi]
0x0073BBB8	0x0033BBB8	c7 85 34 ff ff ff 00 00 00 00   	mov     	dword ptr [ebp - 0xcc], 0
0x0073BBC2	0x0033BBC2	38 58 08                        	cmp     	byte ptr [eax + 8], bl
0x0073BBC5	0x0033BBC5	0f 95 c3                        	setne   	bl
0x0073BBC8	0x0033BBC8	85 d2                           	test    	edx, edx
0x0073BBCA	0x0033BBCA	75 16                           	jne     	0x73bbe2
0x0073BBCC	0x0033BBCC	68 54 bf b6 00                  	push    	0xb6bf54
0x0073BBD1	0x0033BBD1	6a 10                           	push    	0x10
0x0073BBD3	0x0033BBD3	e8 e8 56 2d 00                  	call    	0xa112c0
0x0073BBD8	0x0033BBD8	8b 17                           	mov     	edx, dword ptr [edi]
0x0073BBDA	0x0033BBDA	83 c4 08                        	add     	esp, 8
0x0073BBDD	0x0033BBDD	85 d2                           	test    	edx, edx
0x0073BBDF	0x0033BBDF	75 01                           	jne     	0x73bbe2
0x0073BBE1	0x0033BBE1	cc                              	int3    	
0x0073BBE2	0x0033BBE2	8b 4f 04                        	mov     	ecx, dword ptr [edi + 4]
0x0073BBE5	0x0033BBE5	8b c2                           	mov     	eax, edx
0x0073BBE7	0x0033BBE7	d3 e8                           	shr     	eax, cl
0x0073BBE9	0x0033BBE9	8b 4f 08                        	mov     	ecx, dword ptr [edi + 8]
0x0073BBEC	0x0033BBEC	33 c2                           	xor     	eax, edx
0x0073BBEE	0x0033BBEE	8b d0                           	mov     	edx, eax
0x0073BBF0	0x0033BBF0	6a ff                           	push    	-1
0x0073BBF2	0x0033BBF2	d3 e2                           	shl     	edx, cl
0x0073BBF4	0x0033BBF4	8b 4f 0c                        	mov     	ecx, dword ptr [edi + 0xc]
0x0073BBF7	0x0033BBF7	33 d0                           	xor     	edx, eax
0x0073BBF9	0x0033BBF9	53                              	push    	ebx
0x0073BBFA	0x0033BBFA	8b c2                           	mov     	eax, edx
0x0073BBFC	0x0033BBFC	d3 e8                           	shr     	eax, cl
0x0073BBFE	0x0033BBFE	8d 8d 34 ff ff ff               	lea     	ecx, [ebp - 0xcc]
0x0073BC04	0x0033BC04	51                              	push    	ecx
0x0073BC05	0x0033BC05	8b 8d 24 ff ff ff               	mov     	ecx, dword ptr [ebp - 0xdc]
0x0073BC0B	0x0033BC0B	33 c2                           	xor     	eax, edx
0x0073BC0D	0x0033BC0D	6a 0a                           	push    	0xa
0x0073BC0F	0x0033BC0F	6a 01                           	push    	1
0x0073BC11	0x0033BC11	6a ff                           	push    	-1
0x0073BC13	0x0033BC13	6a 00                           	push    	0
0x0073BC15	0x0033BC15	6a 0d                           	push    	0xd
0x0073BC17	0x0033BC17	6a 0b                           	push    	0xb
0x0073BC19	0x0033BC19	6a 00                           	push    	0
0x0073BC1B	0x0033BC1B	6a 01                           	push    	1
0x0073BC1D	0x0033BC1D	50                              	push    	eax
0x0073BC1E	0x0033BC1E	89 07                           	mov     	dword ptr [edi], eax
0x0073BC20	0x0033BC20	e8 ab 0b 0f 00                  	call    	0x82c7d0
0x0073BC25	0x0033BC25	89 85 0c ff ff ff               	mov     	dword ptr [ebp - 0xf4], eax
0x0073BC2B	0x0033BC2B	8d 48 38                        	lea     	ecx, [eax + 0x38]
0x0073BC2E	0x0033BC2E	51                              	push    	ecx
0x0073BC2F	0x0033BC2F	ff 70 48                        	push    	dword ptr [eax + 0x48]
0x0073BC32	0x0033BC32	8b ce                           	mov     	ecx, esi
0x0073BC34	0x0033BC34	e8 a7 24 27 00                  	call    	0x9ae0e0
0x0073BC39	0x0033BC39	8b 9d e4 fe ff ff               	mov     	ebx, dword ptr [ebp - 0x11c]
0x0073BC3F	0x0033BC3F	8b cb                           	mov     	ecx, ebx
0x0073BC41	0x0033BC41	89 85 30 ff ff ff               	mov     	dword ptr [ebp - 0xd0], eax
0x0073BC47	0x0033BC47	8d 85 34 ff ff ff               	lea     	eax, [ebp - 0xcc]
0x0073BC4D	0x0033BC4D	50                              	push    	eax
0x0073BC4E	0x0033BC4E	8d 85 fc fe ff ff               	lea     	eax, [ebp - 0x104]
0x0073BC54	0x0033BC54	c7 85 34 ff ff ff 0b 00 00 00   	mov     	dword ptr [ebp - 0xcc], 0xb
0x0073BC5E	0x0033BC5E	50                              	push    	eax
0x0073BC5F	0x0033BC5F	e8 3c cc ce ff                  	call    	0x4288a0
0x0073BC64	0x0033BC64	8b 8d 04 ff ff ff               	mov     	ecx, dword ptr [ebp - 0xfc]
0x0073BC6A	0x0033BC6A	80 79 0d 00                     	cmp     	byte ptr [ecx + 0xd], 0
0x0073BC6E	0x0033BC6E	75 46                           	jne     	0x73bcb6
0x0073BC70	0x0033BC70	83 79 10 0b                     	cmp     	dword ptr [ecx + 0x10], 0xb
0x0073BC74	0x0033BC74	7f 40                           	jg      	0x73bcb6
0x0073BC76	0x0033BC76	3b 0b                           	cmp     	ecx, dword ptr [ebx]
0x0073BC78	0x0033BC78	74 3c                           	je      	0x73bcb6
0x0073BC7A	0x0033BC7A	8b 35 78 16 c7 00               	mov     	esi, dword ptr [0xc71678]
0x0073BC80	0x0033BC80	8b 85 30 ff ff ff               	mov     	eax, dword ptr [ebp - 0xd0]
0x0073BC86	0x0033BC86	85 c0                           	test    	eax, eax
0x0073BC88	0x0033BC88	0f 84 ec 00 00 00               	je      	0x73bd7a
0x0073BC8E	0x0033BC8E	8b 8d 20 ff ff ff               	mov     	ecx, dword ptr [ebp - 0xe0]
0x0073BC94	0x0033BC94	83 c0 04                        	add     	eax, 4
0x0073BC97	0x0033BC97	81 c1 70 03 00 00               	add     	ecx, 0x370
0x0073BC9D	0x0033BC9D	8b 51 04                        	mov     	edx, dword ptr [ecx + 4]
0x0073BCA0	0x0033BCA0	3b 51 08                        	cmp     	edx, dword ptr [ecx + 8]
0x0073BCA3	0x0033BCA3	0f 84 c4 00 00 00               	je      	0x73bd6d
0x0073BCA9	0x0033BCA9	8b 00                           	mov     	eax, dword ptr [eax]
0x0073BCAB	0x0033BCAB	89 02                           	mov     	dword ptr [edx], eax
0x0073BCAD	0x0033BCAD	83 41 04 04                     	add     	dword ptr [ecx + 4], 4
0x0073BCB1	0x0033BCB1	e9 c4 00 00 00                  	jmp     	0x73bd7a
0x0073BCB6	0x0033BCB6	8b 17                           	mov     	edx, dword ptr [edi]
0x0073BCB8	0x0033BCB8	85 d2                           	test    	edx, edx
0x0073BCBA	0x0033BCBA	75 16                           	jne     	0x73bcd2
0x0073BCBC	0x0033BCBC	68 54 bf b6 00                  	push    	0xb6bf54
0x0073BCC1	0x0033BCC1	6a 10                           	push    	0x10
0x0073BCC3	0x0033BCC3	e8 f8 55 2d 00                  	call    	0xa112c0
0x0073BCC8	0x0033BCC8	8b 17                           	mov     	edx, dword ptr [edi]
0x0073BCCA	0x0033BCCA	83 c4 08                        	add     	esp, 8
0x0073BCCD	0x0033BCCD	85 d2                           	test    	edx, edx
0x0073BCCF	0x0033BCCF	75 01                           	jne     	0x73bcd2
0x0073BCD1	0x0033BCD1	cc                              	int3    	
0x0073BCD2	0x0033BCD2	8b 4f 04                        	mov     	ecx, dword ptr [edi + 4]
0x0073BCD5	0x0033BCD5	8b c2                           	mov     	eax, edx
0x0073BCD7	0x0033BCD7	8b 35 78 16 c7 00               	mov     	esi, dword ptr [0xc71678]
0x0073BCDD	0x0033BCDD	d3 e8                           	shr     	eax, cl
0x0073BCDF	0x0033BCDF	8b 4f 08                        	mov     	ecx, dword ptr [edi + 8]
0x0073BCE2	0x0033BCE2	33 c2                           	xor     	eax, edx
0x0073BCE4	0x0033BCE4	8b d0                           	mov     	edx, eax
0x0073BCE6	0x0033BCE6	d3 e2                           	shl     	edx, cl
0x0073BCE8	0x0033BCE8	8b 4f 0c                        	mov     	ecx, dword ptr [edi + 0xc]
0x0073BCEB	0x0033BCEB	33 d0                           	xor     	edx, eax
0x0073BCED	0x0033BCED	8b da                           	mov     	ebx, edx
0x0073BCEF	0x0033BCEF	d3 eb                           	shr     	ebx, cl
0x0073BCF1	0x0033BCF1	33 da                           	xor     	ebx, edx
0x0073BCF3	0x0033BCF3	8b c3                           	mov     	eax, ebx
0x0073BCF5	0x0033BCF5	89 1f                           	mov     	dword ptr [edi], ebx
0x0073BCF7	0x0033BCF7	83 e0 01                        	and     	eax, 1
0x0073BCFA	0x0033BCFA	74 1d                           	je      	0x73bd19
0x0073BCFC	0x0033BCFC	8b 46 04                        	mov     	eax, dword ptr [esi + 4]
0x0073BCFF	0x0033BCFF	83 f8 04                        	cmp     	eax, 4
0x0073BD02	0x0033BD02	74 09                           	je      	0x73bd0d
0x0073BD04	0x0033BD04	83 f8 05                        	cmp     	eax, 5
0x0073BD07	0x0033BD07	74 04                           	je      	0x73bd0d
0x0073BD09	0x0033BD09	8b 06                           	mov     	eax, dword ptr [esi]
0x0073BD0B	0x0033BD0B	eb 03                           	jmp     	0x73bd10
0x0073BD0D	0x0033BD0D	8b 06                           	mov     	eax, dword ptr [esi]
0x0073BD0F	0x0033BD0F	40                              	inc     	eax
0x0073BD10	0x0033BD10	83 f8 02                        	cmp     	eax, 2
0x0073BD13	0x0033BD13	0f 8e 67 ff ff ff               	jle     	0x73bc80
0x0073BD19	0x0033BD19	8d 8e a8 ba 01 00               	lea     	ecx, [esi + 0x1baa8]
0x0073BD1F	0x0033BD1F	6a 00                           	push    	0
0x0073BD21	0x0033BD21	e8 0a 2e 28 00                  	call    	0x9beb30
0x0073BD26	0x0033BD26	84 c0                           	test    	al, al
0x0073BD28	0x0033BD28	0f 84 52 ff ff ff               	je      	0x73bc80
0x0073BD2E	0x0033BD2E	8b 46 04                        	mov     	eax, dword ptr [esi + 4]
0x0073BD31	0x0033BD31	83 f8 04                        	cmp     	eax, 4
0x0073BD34	0x0033BD34	74 09                           	je      	0x73bd3f
0x0073BD36	0x0033BD36	83 f8 05                        	cmp     	eax, 5
0x0073BD39	0x0033BD39	74 04                           	je      	0x73bd3f
0x0073BD3B	0x0033BD3B	8b 06                           	mov     	eax, dword ptr [esi]
0x0073BD3D	0x0033BD3D	eb 03                           	jmp     	0x73bd42
0x0073BD3F	0x0033BD3F	8b 06                           	mov     	eax, dword ptr [esi]
0x0073BD41	0x0033BD41	40                              	inc     	eax
0x0073BD42	0x0033BD42	83 f8 01                        	cmp     	eax, 1
0x0073BD45	0x0033BD45	0f 8e 35 ff ff ff               	jle     	0x73bc80
0x0073BD4B	0x0033BD4B	8b 85 30 ff ff ff               	mov     	eax, dword ptr [ebp - 0xd0]
0x0073BD51	0x0033BD51	85 c0                           	test    	eax, eax
0x0073BD53	0x0033BD53	74 25                           	je      	0x73bd7a
0x0073BD55	0x0033BD55	6a 00                           	push    	0
0x0073BD57	0x0033BD57	51                              	push    	ecx
0x0073BD58	0x0033BD58	8b 8d 2c ff ff ff               	mov     	ecx, dword ptr [ebp - 0xd4]
0x0073BD5E	0x0033BD5E	53                              	push    	ebx
0x0073BD5F	0x0033BD5F	ff b5 0c ff ff ff               	push    	dword ptr [ebp - 0xf4]
0x0073BD65	0x0033BD65	50                              	push    	eax
0x0073BD66	0x0033BD66	e8 45 cd ff ff                  	call    	0x738ab0
0x0073BD6B	0x0033BD6B	eb 07                           	jmp     	0x73bd74
0x0073BD6D	0x0033BD6D	50                              	push    	eax
0x0073BD6E	0x0033BD6E	52                              	push    	edx
0x0073BD6F	0x0033BD6F	e8 ac 0b cf ff                  	call    	0x42c920
0x0073BD74	0x0033BD74	8b 35 78 16 c7 00               	mov     	esi, dword ptr [0xc71678]
0x0073BD7A	0x0033BD7A	8d 8e a8 ba 01 00               	lea     	ecx, [esi + 0x1baa8]
0x0073BD80	0x0033BD80	6a 02                           	push    	2
0x0073BD82	0x0033BD82	e8 a9 3b 28 00                  	call    	0x9bf930
0x0073BD87	0x0033BD87	8b 17                           	mov     	edx, dword ptr [edi]
0x0073BD89	0x0033BD89	85 c0                           	test    	eax, eax
0x0073BD8B	0x0033BD8B	0f 95 c3                        	setne   	bl
0x0073BD8E	0x0033BD8E	88 9d 3b ff ff ff               	mov     	byte ptr [ebp - 0xc5], bl
0x0073BD94	0x0033BD94	85 d2                           	test    	edx, edx
0x0073BD96	0x0033BD96	75 16                           	jne     	0x73bdae
0x0073BD98	0x0033BD98	68 54 bf b6 00                  	push    	0xb6bf54
0x0073BD9D	0x0033BD9D	6a 10                           	push    	0x10
0x0073BD9F	0x0033BD9F	e8 1c 55 2d 00                  	call    	0xa112c0
0x0073BDA4	0x0033BDA4	8b 17                           	mov     	edx, dword ptr [edi]
0x0073BDA6	0x0033BDA6	83 c4 08                        	add     	esp, 8
0x0073BDA9	0x0033BDA9	85 d2                           	test    	edx, edx
0x0073BDAB	0x0033BDAB	75 01                           	jne     	0x73bdae
0x0073BDAD	0x0033BDAD	cc                              	int3    	
0x0073BDAE	0x0033BDAE	8b 4f 04                        	mov     	ecx, dword ptr [edi + 4]
0x0073BDB1	0x0033BDB1	8b c2                           	mov     	eax, edx
0x0073BDB3	0x0033BDB3	d3 e8                           	shr     	eax, cl
0x0073BDB5	0x0033BDB5	8b 4f 08                        	mov     	ecx, dword ptr [edi + 8]
0x0073BDB8	0x0033BDB8	33 c2                           	xor     	eax, edx
0x0073BDBA	0x0033BDBA	8b d0                           	mov     	edx, eax
0x0073BDBC	0x0033BDBC	d3 e2                           	shl     	edx, cl
0x0073BDBE	0x0033BDBE	8b 4f 0c                        	mov     	ecx, dword ptr [edi + 0xc]
0x0073BDC1	0x0033BDC1	33 d0                           	xor     	edx, eax
0x0073BDC3	0x0033BDC3	8b f2                           	mov     	esi, edx
0x0073BDC5	0x0033BDC5	b8 cd cc cc cc                  	mov     	eax, 0xcccccccd
0x0073BDCA	0x0033BDCA	d3 ee                           	shr     	esi, cl
0x0073BDCC	0x0033BDCC	33 f2                           	xor     	esi, edx
0x0073BDCE	0x0033BDCE	f7 e6                           	mul     	esi
0x0073BDD0	0x0033BDD0	8b c6                           	mov     	eax, esi
0x0073BDD2	0x0033BDD2	89 37                           	mov     	dword ptr [edi], esi
0x0073BDD4	0x0033BDD4	c1 ea 03                        	shr     	edx, 3
0x0073BDD7	0x0033BDD7	8d 0c 92                        	lea     	ecx, [edx + edx*4]
0x0073BDDA	0x0033BDDA	03 c9                           	add     	ecx, ecx
0x0073BDDC	0x0033BDDC	2b c1                           	sub     	eax, ecx
0x0073BDDE	0x0033BDDE	74 77                           	je      	0x73be57
0x0073BDE0	0x0033BDE0	85 f6                           	test    	esi, esi
0x0073BDE2	0x0033BDE2	75 16                           	jne     	0x73bdfa
0x0073BDE4	0x0033BDE4	68 54 bf b6 00                  	push    	0xb6bf54
0x0073BDE9	0x0033BDE9	6a 10                           	push    	0x10
0x0073BDEB	0x0033BDEB	e8 d0 54 2d 00                  	call    	0xa112c0
0x0073BDF0	0x0033BDF0	8b 37                           	mov     	esi, dword ptr [edi]
0x0073BDF2	0x0033BDF2	83 c4 08                        	add     	esp, 8
0x0073BDF5	0x0033BDF5	85 f6                           	test    	esi, esi
0x0073BDF7	0x0033BDF7	75 01                           	jne     	0x73bdfa
0x0073BDF9	0x0033BDF9	cc                              	int3    	
0x0073BDFA	0x0033BDFA	8b 85 2c ff ff ff               	mov     	eax, dword ptr [ebp - 0xd4]
0x0073BE00	0x0033BE00	8b d6                           	mov     	edx, esi
0x0073BE02	0x0033BE02	8b 88 d8 82 01 00               	mov     	ecx, dword ptr [eax + 0x182d8]
0x0073BE08	0x0033BE08	d3 ea                           	shr     	edx, cl
0x0073BE0A	0x0033BE0A	8b 88 dc 82 01 00               	mov     	ecx, dword ptr [eax + 0x182dc]
0x0073BE10	0x0033BE10	33 d6                           	xor     	edx, esi
0x0073BE12	0x0033BE12	8b f2                           	mov     	esi, edx
0x0073BE14	0x0033BE14	d3 e6                           	shl     	esi, cl
0x0073BE16	0x0033BE16	8b 88 e0 82 01 00               	mov     	ecx, dword ptr [eax + 0x182e0]
0x0073BE1C	0x0033BE1C	33 f2                           	xor     	esi, edx
0x0073BE1E	0x0033BE1E	8b fe                           	mov     	edi, esi
0x0073BE20	0x0033BE20	b8 ab aa aa aa                  	mov     	eax, 0xaaaaaaab
0x0073BE25	0x0033BE25	d3 ef                           	shr     	edi, cl
0x0073BE27	0x0033BE27	8b 8d dc fe ff ff               	mov     	ecx, dword ptr [ebp - 0x124]
0x0073BE2D	0x0033BE2D	33 fe                           	xor     	edi, esi
0x0073BE2F	0x0033BE2F	f7 e7                           	mul     	edi
0x0073BE31	0x0033BE31	89 39                           	mov     	dword ptr [ecx], edi
0x0073BE33	0x0033BE33	d1 ea                           	shr     	edx, 1
0x0073BE35	0x0033BE35	8d 04 52                        	lea     	eax, [edx + edx*2]
0x0073BE38	0x0033BE38	2b f8                           	sub     	edi, eax
0x0073BE3A	0x0033BE3A	75 62                           	jne     	0x73be9e
0x0073BE3C	0x0033BE3C	8b 0d 78 16 c7 00               	mov     	ecx, dword ptr [0xc71678]
0x0073BE42	0x0033BE42	57                              	push    	edi
0x0073BE43	0x0033BE43	e8 28 ba cd ff                  	call    	0x417870
0x0073BE48	0x0033BE48	83 b8 5c 13 00 00 01            	cmp     	dword ptr [eax + 0x135c], 1
0x0073BE4F	0x0033BE4F	7e 4d                           	jle     	0x73be9e
0x0073BE51	0x0033BE51	8b bd dc fe ff ff               	mov     	edi, dword ptr [ebp - 0x124]
0x0073BE57	0x0033BE57	8b b5 e4 fe ff ff               	mov     	esi, dword ptr [ebp - 0x11c]
0x0073BE5D	0x0033BE5D	8d 85 34 ff ff ff               	lea     	eax, [ebp - 0xcc]
0x0073BE63	0x0033BE63	50                              	push    	eax
0x0073BE64	0x0033BE64	8d 85 fc fe ff ff               	lea     	eax, [ebp - 0x104]
0x0073BE6A	0x0033BE6A	c7 85 34 ff ff ff 14 00 00 00   	mov     	dword ptr [ebp - 0xcc], 0x14
0x0073BE74	0x0033BE74	50                              	push    	eax
0x0073BE75	0x0033BE75	8b ce                           	mov     	ecx, esi
0x0073BE77	0x0033BE77	e8 24 ca ce ff                  	call    	0x4288a0
0x0073BE7C	0x0033BE7C	8b 85 04 ff ff ff               	mov     	eax, dword ptr [ebp - 0xfc]
0x0073BE82	0x0033BE82	80 78 0d 00                     	cmp     	byte ptr [eax + 0xd], 0
0x0073BE86	0x0033BE86	0f 85 98 00 00 00               	jne     	0x73bf24
0x0073BE8C	0x0033BE8C	83 78 10 14                     	cmp     	dword ptr [eax + 0x10], 0x14
0x0073BE90	0x0033BE90	0f 8f 8e 00 00 00               	jg      	0x73bf24
0x0073BE96	0x0033BE96	3b 06                           	cmp     	eax, dword ptr [esi]
0x0073BE98	0x0033BE98	0f 84 86 00 00 00               	je      	0x73bf24
0x0073BE9E	0x0033BE9E	8b bd dc fe ff ff               	mov     	edi, dword ptr [ebp - 0x124]
0x0073BEA4	0x0033BEA4	84 db                           	test    	bl, bl
0x0073BEA6	0x0033BEA6	0f 84 ac 00 00 00               	je      	0x73bf58
0x0073BEAC	0x0033BEAC	8b 17                           	mov     	edx, dword ptr [edi]
0x0073BEAE	0x0033BEAE	c7 85 34 ff ff ff 00 00 00 00   	mov     	dword ptr [ebp - 0xcc], 0
0x0073BEB8	0x0033BEB8	85 d2                           	test    	edx, edx
0x0073BEBA	0x0033BEBA	75 16                           	jne     	0x73bed2
0x0073BEBC	0x0033BEBC	68 54 bf b6 00                  	push    	0xb6bf54
0x0073BEC1	0x0033BEC1	6a 10                           	push    	0x10
0x0073BEC3	0x0033BEC3	e8 f8 53 2d 00                  	call    	0xa112c0
0x0073BEC8	0x0033BEC8	8b 17                           	mov     	edx, dword ptr [edi]
0x0073BECA	0x0033BECA	83 c4 08                        	add     	esp, 8
0x0073BECD	0x0033BECD	85 d2                           	test    	edx, edx
0x0073BECF	0x0033BECF	75 01                           	jne     	0x73bed2
0x0073BED1	0x0033BED1	cc                              	int3    	
0x0073BED2	0x0033BED2	8b 4f 04                        	mov     	ecx, dword ptr [edi + 4]
0x0073BED5	0x0033BED5	8b c2                           	mov     	eax, edx
0x0073BED7	0x0033BED7	d3 e8                           	shr     	eax, cl
0x0073BED9	0x0033BED9	8b 4f 08                        	mov     	ecx, dword ptr [edi + 8]
0x0073BEDC	0x0033BEDC	33 c2                           	xor     	eax, edx
0x0073BEDE	0x0033BEDE	8b d0                           	mov     	edx, eax
0x0073BEE0	0x0033BEE0	8b b5 24 ff ff ff               	mov     	esi, dword ptr [ebp - 0xdc]
0x0073BEE6	0x0033BEE6	6a ff                           	push    	-1
0x0073BEE8	0x0033BEE8	d3 e2                           	shl     	edx, cl
0x0073BEEA	0x0033BEEA	8b 4f 0c                        	mov     	ecx, dword ptr [edi + 0xc]
0x0073BEED	0x0033BEED	33 d0                           	xor     	edx, eax
0x0073BEEF	0x0033BEEF	6a 01                           	push    	1
0x0073BEF1	0x0033BEF1	8b c2                           	mov     	eax, edx
0x0073BEF3	0x0033BEF3	d3 e8                           	shr     	eax, cl
0x0073BEF5	0x0033BEF5	8d 8d 34 ff ff ff               	lea     	ecx, [ebp - 0xcc]
0x0073BEFB	0x0033BEFB	51                              	push    	ecx
0x0073BEFC	0x0033BEFC	6a 0a                           	push    	0xa
0x0073BEFE	0x0033BEFE	6a 01                           	push    	1
0x0073BF00	0x0033BF00	6a ff                           	push    	-1
0x0073BF02	0x0033BF02	6a 00                           	push    	0
0x0073BF04	0x0033BF04	6a 0d                           	push    	0xd
0x0073BF06	0x0033BF06	6a 09                           	push    	9
0x0073BF08	0x0033BF08	6a 00                           	push    	0
0x0073BF0A	0x0033BF0A	33 c2                           	xor     	eax, edx
0x0073BF0C	0x0033BF0C	8b ce                           	mov     	ecx, esi
0x0073BF0E	0x0033BF0E	6a 01                           	push    	1
0x0073BF10	0x0033BF10	50                              	push    	eax
0x0073BF11	0x0033BF11	89 07                           	mov     	dword ptr [edi], eax
0x0073BF13	0x0033BF13	e8 b8 08 0f 00                  	call    	0x82c7d0
0x0073BF18	0x0033BF18	8b d8                           	mov     	ebx, eax
0x0073BF1A	0x0033BF1A	85 db                           	test    	ebx, ebx
0x0073BF1C	0x0033BF1C	0f 85 a4 00 00 00               	jne     	0x73bfc6
0x0073BF22	0x0033BF22	eb 3a                           	jmp     	0x73bf5e
0x0073BF24	0x0033BF24	84 db                           	test    	bl, bl
0x0073BF26	0x0033BF26	75 84                           	jne     	0x73beac
0x0073BF28	0x0033BF28	8b cf                           	mov     	ecx, edi
0x0073BF2A	0x0033BF2A	c7 85 34 ff ff ff 00 00 00 00   	mov     	dword ptr [ebp - 0xcc], 0
0x0073BF34	0x0033BF34	e8 b7 d1 0a 00                  	call    	0x7e90f0
0x0073BF39	0x0033BF39	6a ff                           	push    	-1
0x0073BF3B	0x0033BF3B	6a ff                           	push    	-1
0x0073BF3D	0x0033BF3D	8d 8d 34 ff ff ff               	lea     	ecx, [ebp - 0xcc]
0x0073BF43	0x0033BF43	51                              	push    	ecx
0x0073BF44	0x0033BF44	8b 8d 24 ff ff ff               	mov     	ecx, dword ptr [ebp - 0xdc]
0x0073BF4A	0x0033BF4A	6a 0a                           	push    	0xa
0x0073BF4C	0x0033BF4C	6a 01                           	push    	1
0x0073BF4E	0x0033BF4E	6a ff                           	push    	-1
0x0073BF50	0x0033BF50	6a 00                           	push    	0
0x0073BF52	0x0033BF52	6a 0d                           	push    	0xd
0x0073BF54	0x0033BF54	6a 14                           	push    	0x14
0x0073BF56	0x0033BF56	eb 62                           	jmp     	0x73bfba
0x0073BF58	0x0033BF58	8b b5 24 ff ff ff               	mov     	esi, dword ptr [ebp - 0xdc]
0x0073BF5E	0x0033BF5E	8b 17                           	mov     	edx, dword ptr [edi]
0x0073BF60	0x0033BF60	c7 85 34 ff ff ff 00 00 00 00   	mov     	dword ptr [ebp - 0xcc], 0
0x0073BF6A	0x0033BF6A	85 d2                           	test    	edx, edx
0x0073BF6C	0x0033BF6C	75 16                           	jne     	0x73bf84
0x0073BF6E	0x0033BF6E	68 54 bf b6 00                  	push    	0xb6bf54
0x0073BF73	0x0033BF73	6a 10                           	push    	0x10
0x0073BF75	0x0033BF75	e8 46 53 2d 00                  	call    	0xa112c0
0x0073BF7A	0x0033BF7A	8b 17                           	mov     	edx, dword ptr [edi]
0x0073BF7C	0x0033BF7C	83 c4 08                        	add     	esp, 8
0x0073BF7F	0x0033BF7F	85 d2                           	test    	edx, edx
0x0073BF81	0x0033BF81	75 01                           	jne     	0x73bf84
0x0073BF83	0x0033BF83	cc                              	int3    	
0x0073BF84	0x0033BF84	8b 4f 04                        	mov     	ecx, dword ptr [edi + 4]
0x0073BF87	0x0033BF87	8b c2                           	mov     	eax, edx
0x0073BF89	0x0033BF89	d3 e8                           	shr     	eax, cl
0x0073BF8B	0x0033BF8B	8b 4f 08                        	mov     	ecx, dword ptr [edi + 8]
0x0073BF8E	0x0033BF8E	33 c2                           	xor     	eax, edx
0x0073BF90	0x0033BF90	8b d0                           	mov     	edx, eax
0x0073BF92	0x0033BF92	d3 e2                           	shl     	edx, cl
0x0073BF94	0x0033BF94	8b 4f 0c                        	mov     	ecx, dword ptr [edi + 0xc]
0x0073BF97	0x0033BF97	33 d0                           	xor     	edx, eax
0x0073BF99	0x0033BF99	6a ff                           	push    	-1
0x0073BF9B	0x0033BF9B	6a 00                           	push    	0
0x0073BF9D	0x0033BF9D	8b c2                           	mov     	eax, edx
0x0073BF9F	0x0033BF9F	d3 e8                           	shr     	eax, cl
0x0073BFA1	0x0033BFA1	8d 8d 34 ff ff ff               	lea     	ecx, [ebp - 0xcc]
0x0073BFA7	0x0033BFA7	51                              	push    	ecx
0x0073BFA8	0x0033BFA8	6a 0a                           	push    	0xa
0x0073BFAA	0x0033BFAA	6a 01                           	push    	1
0x0073BFAC	0x0033BFAC	6a ff                           	push    	-1
0x0073BFAE	0x0033BFAE	6a 00                           	push    	0
0x0073BFB0	0x0033BFB0	33 c2                           	xor     	eax, edx
0x0073BFB2	0x0033BFB2	8b ce                           	mov     	ecx, esi
0x0073BFB4	0x0033BFB4	6a 0d                           	push    	0xd
0x0073BFB6	0x0033BFB6	89 07                           	mov     	dword ptr [edi], eax
0x0073BFB8	0x0033BFB8	6a 09                           	push    	9
0x0073BFBA	0x0033BFBA	6a 00                           	push    	0
0x0073BFBC	0x0033BFBC	6a 01                           	push    	1
0x0073BFBE	0x0033BFBE	50                              	push    	eax
0x0073BFBF	0x0033BFBF	e8 0c 08 0f 00                  	call    	0x82c7d0
0x0073BFC4	0x0033BFC4	8b d8                           	mov     	ebx, eax
0x0073BFC6	0x0033BFC6	8b 8d 20 ff ff ff               	mov     	ecx, dword ptr [ebp - 0xe0]
0x0073BFCC	0x0033BFCC	8d 43 38                        	lea     	eax, [ebx + 0x38]
0x0073BFCF	0x0033BFCF	50                              	push    	eax
0x0073BFD0	0x0033BFD0	ff 73 48                        	push    	dword ptr [ebx + 0x48]
0x0073BFD3	0x0033BFD3	e8 08 21 27 00                  	call    	0x9ae0e0
0x0073BFD8	0x0033BFD8	8b 35 78 16 c7 00               	mov     	esi, dword ptr [0xc71678]
0x0073BFDE	0x0033BFDE	89 85 30 ff ff ff               	mov     	dword ptr [ebp - 0xd0], eax
0x0073BFE4	0x0033BFE4	8b 46 04                        	mov     	eax, dword ptr [esi + 4]
0x0073BFE7	0x0033BFE7	83 f8 04                        	cmp     	eax, 4
0x0073BFEA	0x0033BFEA	74 09                           	je      	0x73bff5
0x0073BFEC	0x0033BFEC	83 f8 05                        	cmp     	eax, 5
0x0073BFEF	0x0033BFEF	74 04                           	je      	0x73bff5
0x0073BFF1	0x0033BFF1	8b 36                           	mov     	esi, dword ptr [esi]
0x0073BFF3	0x0033BFF3	eb 08                           	jmp     	0x73bffd
0x0073BFF5	0x0033BFF5	a1 78 16 c7 00                  	mov     	eax, dword ptr [0xc71678]
0x0073BFFA	0x0033BFFA	8b 30                           	mov     	esi, dword ptr [eax]
0x0073BFFC	0x0033BFFC	46                              	inc     	esi
0x0073BFFD	0x0033BFFD	8b 8d e4 fe ff ff               	mov     	ecx, dword ptr [ebp - 0x11c]
0x0073C003	0x0033C003	8d 43 08                        	lea     	eax, [ebx + 8]
0x0073C006	0x0033C006	50                              	push    	eax
0x0073C007	0x0033C007	8d 85 fc fe ff ff               	lea     	eax, [ebp - 0x104]
0x0073C00D	0x0033C00D	50                              	push    	eax
0x0073C00E	0x0033C00E	e8 8d c8 ce ff                  	call    	0x4288a0
0x0073C013	0x0033C013	8b 8d 04 ff ff ff               	mov     	ecx, dword ptr [ebp - 0xfc]
0x0073C019	0x0033C019	80 79 0d 00                     	cmp     	byte ptr [ecx + 0xd], 0
0x0073C01D	0x0033C01D	75 16                           	jne     	0x73c035
0x0073C01F	0x0033C01F	8b 43 08                        	mov     	eax, dword ptr [ebx + 8]
0x0073C022	0x0033C022	3b 41 10                        	cmp     	eax, dword ptr [ecx + 0x10]
0x0073C025	0x0033C025	7c 0e                           	jl      	0x73c035
0x0073C027	0x0033C027	8b 85 e4 fe ff ff               	mov     	eax, dword ptr [ebp - 0x11c]
0x0073C02D	0x0033C02D	3b 08                           	cmp     	ecx, dword ptr [eax]
0x0073C02F	0x0033C02F	0f 85 83 00 00 00               	jne     	0x73c0b8
0x0073C035	0x0033C035	83 7b 08 09                     	cmp     	dword ptr [ebx + 8], 9
0x0073C039	0x0033C039	75 20                           	jne     	0x73c05b
0x0073C03B	0x0033C03B	8b 0d 78 16 c7 00               	mov     	ecx, dword ptr [0xc71678]
0x0073C041	0x0033C041	6a 00                           	push    	0
0x0073C043	0x0033C043	e8 28 b8 cd ff                  	call    	0x417870
0x0073C048	0x0033C048	83 b8 68 13 00 00 05            	cmp     	dword ptr [eax + 0x1368], 5
0x0073C04F	0x0033C04F	8a 85 3b ff ff ff               	mov     	al, byte ptr [ebp - 0xc5]
0x0073C055	0x0033C055	7d 26                           	jge     	0x73c07d
0x0073C057	0x0033C057	84 c0                           	test    	al, al
0x0073C059	0x0033C059	75 22                           	jne     	0x73c07d
0x0073C05B	0x0033C05B	83 7b 08 14                     	cmp     	dword ptr [ebx + 8], 0x14
0x0073C05F	0x0033C05F	75 57                           	jne     	0x73c0b8
0x0073C061	0x0033C061	8b 0d 78 16 c7 00               	mov     	ecx, dword ptr [0xc71678]
0x0073C067	0x0033C067	6a 00                           	push    	0
0x0073C069	0x0033C069	e8 02 b8 cd ff                  	call    	0x417870
0x0073C06E	0x0033C06E	83 b8 5c 13 00 00 01            	cmp     	dword ptr [eax + 0x135c], 1
0x0073C075	0x0033C075	7e 41                           	jle     	0x73c0b8
0x0073C077	0x0033C077	8a 85 3b ff ff ff               	mov     	al, byte ptr [ebp - 0xc5]
0x0073C07D	0x0033C07D	83 fe 02                        	cmp     	esi, 2
0x0073C080	0x0033C080	74 18                           	je      	0x73c09a
0x0073C082	0x0033C082	83 fe 04                        	cmp     	esi, 4
0x0073C085	0x0033C085	74 13                           	je      	0x73c09a
0x0073C087	0x0033C087	83 fe 06                        	cmp     	esi, 6
0x0073C08A	0x0033C08A	74 0e                           	je      	0x73c09a
0x0073C08C	0x0033C08C	83 fe 08                        	cmp     	esi, 8
0x0073C08F	0x0033C08F	74 09                           	je      	0x73c09a
0x0073C091	0x0033C091	84 c0                           	test    	al, al
0x0073C093	0x0033C093	74 23                           	je      	0x73c0b8
0x0073C095	0x0033C095	83 fe 0a                        	cmp     	esi, 0xa
0x0073C098	0x0033C098	7f 1e                           	jg      	0x73c0b8
0x0073C09A	0x0033C09A	8b 85 30 ff ff ff               	mov     	eax, dword ptr [ebp - 0xd0]
0x0073C0A0	0x0033C0A0	85 c0                           	test    	eax, eax
0x0073C0A2	0x0033C0A2	74 46                           	je      	0x73c0ea
0x0073C0A4	0x0033C0A4	6a 00                           	push    	0
0x0073C0A6	0x0033C0A6	51                              	push    	ecx
0x0073C0A7	0x0033C0A7	ff 37                           	push    	dword ptr [edi]
0x0073C0A9	0x0033C0A9	8b 8d 2c ff ff ff               	mov     	ecx, dword ptr [ebp - 0xd4]
0x0073C0AF	0x0033C0AF	53                              	push    	ebx
0x0073C0B0	0x0033C0B0	50                              	push    	eax
0x0073C0B1	0x0033C0B1	e8 fa c9 ff ff                  	call    	0x738ab0
0x0073C0B6	0x0033C0B6	eb 32                           	jmp     	0x73c0ea
0x0073C0B8	0x0033C0B8	8b 85 30 ff ff ff               	mov     	eax, dword ptr [ebp - 0xd0]
0x0073C0BE	0x0033C0BE	85 c0                           	test    	eax, eax
0x0073C0C0	0x0033C0C0	74 28                           	je      	0x73c0ea
0x0073C0C2	0x0033C0C2	8b 8d 20 ff ff ff               	mov     	ecx, dword ptr [ebp - 0xe0]
0x0073C0C8	0x0033C0C8	83 c0 04                        	add     	eax, 4
0x0073C0CB	0x0033C0CB	81 c1 70 03 00 00               	add     	ecx, 0x370
0x0073C0D1	0x0033C0D1	8b 51 04                        	mov     	edx, dword ptr [ecx + 4]
0x0073C0D4	0x0033C0D4	3b 51 08                        	cmp     	edx, dword ptr [ecx + 8]
0x0073C0D7	0x0033C0D7	74 0a                           	je      	0x73c0e3
0x0073C0D9	0x0033C0D9	8b 00                           	mov     	eax, dword ptr [eax]
0x0073C0DB	0x0033C0DB	89 02                           	mov     	dword ptr [edx], eax
0x0073C0DD	0x0033C0DD	83 41 04 04                     	add     	dword ptr [ecx + 4], 4
0x0073C0E1	0x0033C0E1	eb 07                           	jmp     	0x73c0ea
0x0073C0E3	0x0033C0E3	50                              	push    	eax
0x0073C0E4	0x0033C0E4	52                              	push    	edx
0x0073C0E5	0x0033C0E5	e8 36 08 cf ff                  	call    	0x42c920
0x0073C0EA	0x0033C0EA	8b 85 2c ff ff ff               	mov     	eax, dword ptr [ebp - 0xd4]
0x0073C0F0	0x0033C0F0	83 38 07                        	cmp     	dword ptr [eax], 7
0x0073C0F3	0x0033C0F3	0f 8d 17 03 00 00               	jge     	0x73c410
0x0073C0F9	0x0033C0F9	8b 9d e4 fe ff ff               	mov     	ebx, dword ptr [ebp - 0x11c]
0x0073C0FF	0x0033C0FF	8d 85 34 ff ff ff               	lea     	eax, [ebp - 0xcc]
0x0073C105	0x0033C105	50                              	push    	eax
0x0073C106	0x0033C106	8d 85 fc fe ff ff               	lea     	eax, [ebp - 0x104]
0x0073C10C	0x0033C10C	c7 85 34 ff ff ff 12 00 00 00   	mov     	dword ptr [ebp - 0xcc], 0x12
0x0073C116	0x0033C116	50                              	push    	eax
0x0073C117	0x0033C117	8b cb                           	mov     	ecx, ebx
0x0073C119	0x0033C119	e8 82 c7 ce ff                  	call    	0x4288a0
0x0073C11E	0x0033C11E	8b b5 04 ff ff ff               	mov     	esi, dword ptr [ebp - 0xfc]
0x0073C124	0x0033C124	80 7e 0d 00                     	cmp     	byte ptr [esi + 0xd], 0
0x0073C128	0x0033C128	75 0a                           	jne     	0x73c134
0x0073C12A	0x0033C12A	83 7e 10 12                     	cmp     	dword ptr [esi + 0x10], 0x12
0x0073C12E	0x0033C12E	7f 04                           	jg      	0x73c134
0x0073C130	0x0033C130	8b 1b                           	mov     	ebx, dword ptr [ebx]
0x0073C132	0x0033C132	eb 04                           	jmp     	0x73c138
0x0073C134	0x0033C134	8b 33                           	mov     	esi, dword ptr [ebx]
0x0073C136	0x0033C136	8b de                           	mov     	ebx, esi
0x0073C138	0x0033C138	8b 8d e4 fe ff ff               	mov     	ecx, dword ptr [ebp - 0x11c]
0x0073C13E	0x0033C13E	8d 85 34 ff ff ff               	lea     	eax, [ebp - 0xcc]
0x0073C144	0x0033C144	50                              	push    	eax
0x0073C145	0x0033C145	8d 85 fc fe ff ff               	lea     	eax, [ebp - 0x104]
0x0073C14B	0x0033C14B	c7 85 34 ff ff ff 13 00 00 00   	mov     	dword ptr [ebp - 0xcc], 0x13
0x0073C155	0x0033C155	50                              	push    	eax
0x0073C156	0x0033C156	e8 45 c7 ce ff                  	call    	0x4288a0
0x0073C15B	0x0033C15B	8b 85 04 ff ff ff               	mov     	eax, dword ptr [ebp - 0xfc]
0x0073C161	0x0033C161	80 78 0d 00                     	cmp     	byte ptr [eax + 0xd], 0
0x0073C165	0x0033C165	75 0a                           	jne     	0x73c171
0x0073C167	0x0033C167	83 78 10 13                     	cmp     	dword ptr [eax + 0x10], 0x13
0x0073C16B	0x0033C16B	7f 04                           	jg      	0x73c171
0x0073C16D	0x0033C16D	3b c3                           	cmp     	eax, ebx
0x0073C16F	0x0033C16F	75 16                           	jne     	0x73c187
0x0073C171	0x0033C171	8b 0d 78 16 c7 00               	mov     	ecx, dword ptr [0xc71678]
0x0073C177	0x0033C177	e8 54 f4 00 00                  	call    	0x74b5d0
0x0073C17C	0x0033C17C	c6 85 3b ff ff ff 01            	mov     	byte ptr [ebp - 0xc5], 1
0x0073C183	0x0033C183	84 c0                           	test    	al, al
0x0073C185	0x0033C185	75 07                           	jne     	0x73c18e
0x0073C187	0x0033C187	c6 85 3b ff ff ff 00            	mov     	byte ptr [ebp - 0xc5], 0
0x0073C18E	0x0033C18E	8b 17                           	mov     	edx, dword ptr [edi]
0x0073C190	0x0033C190	85 d2                           	test    	edx, edx
0x0073C192	0x0033C192	75 16                           	jne     	0x73c1aa
0x0073C194	0x0033C194	68 54 bf b6 00                  	push    	0xb6bf54
0x0073C199	0x0033C199	6a 10                           	push    	0x10
0x0073C19B	0x0033C19B	e8 20 51 2d 00                  	call    	0xa112c0
0x0073C1A0	0x0033C1A0	8b 17                           	mov     	edx, dword ptr [edi]
0x0073C1A2	0x0033C1A2	83 c4 08                        	add     	esp, 8
0x0073C1A5	0x0033C1A5	85 d2                           	test    	edx, edx
0x0073C1A7	0x0033C1A7	75 01                           	jne     	0x73c1aa
0x0073C1A9	0x0033C1A9	cc                              	int3    	
0x0073C1AA	0x0033C1AA	8b 4f 04                        	mov     	ecx, dword ptr [edi + 4]
0x0073C1AD	0x0033C1AD	8b c2                           	mov     	eax, edx
0x0073C1AF	0x0033C1AF	d3 e8                           	shr     	eax, cl
0x0073C1B1	0x0033C1B1	8b 4f 08                        	mov     	ecx, dword ptr [edi + 8]
0x0073C1B4	0x0033C1B4	33 c2                           	xor     	eax, edx
0x0073C1B6	0x0033C1B6	8b d0                           	mov     	edx, eax
0x0073C1B8	0x0033C1B8	d3 e2                           	shl     	edx, cl
0x0073C1BA	0x0033C1BA	8b 4f 0c                        	mov     	ecx, dword ptr [edi + 0xc]
0x0073C1BD	0x0033C1BD	33 d0                           	xor     	edx, eax
0x0073C1BF	0x0033C1BF	8b c2                           	mov     	eax, edx
0x0073C1C1	0x0033C1C1	d3 e8                           	shr     	eax, cl
0x0073C1C3	0x0033C1C3	33 c2                           	xor     	eax, edx
0x0073C1C5	0x0033C1C5	89 07                           	mov     	dword ptr [edi], eax
0x0073C1C7	0x0033C1C7	83 e0 01                        	and     	eax, 1
0x0073C1CA	0x0033C1CA	74 09                           	je      	0x73c1d5
0x0073C1CC	0x0033C1CC	80 bd 3b ff ff ff 00            	cmp     	byte ptr [ebp - 0xc5], 0
0x0073C1D3	0x0033C1D3	75 2e                           	jne     	0x73c203
0x0073C1D5	0x0033C1D5	3b f3                           	cmp     	esi, ebx
0x0073C1D7	0x0033C1D7	75 2a                           	jne     	0x73c203
0x0073C1D9	0x0033C1D9	8b cf                           	mov     	ecx, edi
0x0073C1DB	0x0033C1DB	c7 85 34 ff ff ff 00 00 00 00   	mov     	dword ptr [ebp - 0xcc], 0
0x0073C1E5	0x0033C1E5	e8 06 cf 0a 00                  	call    	0x7e90f0
0x0073C1EA	0x0033C1EA	6a ff                           	push    	-1
0x0073C1EC	0x0033C1EC	6a ff                           	push    	-1
0x0073C1EE	0x0033C1EE	8d 8d 34 ff ff ff               	lea     	ecx, [ebp - 0xcc]
0x0073C1F4	0x0033C1F4	51                              	push    	ecx
0x0073C1F5	0x0033C1F5	6a 0a                           	push    	0xa
0x0073C1F7	0x0033C1F7	6a 01                           	push    	1
0x0073C1F9	0x0033C1F9	6a ff                           	push    	-1
0x0073C1FB	0x0033C1FB	6a 00                           	push    	0
0x0073C1FD	0x0033C1FD	6a 0d                           	push    	0xd
0x0073C1FF	0x0033C1FF	6a 12                           	push    	0x12
0x0073C201	0x0033C201	eb 28                           	jmp     	0x73c22b
0x0073C203	0x0033C203	8b cf                           	mov     	ecx, edi
0x0073C205	0x0033C205	c7 85 34 ff ff ff 00 00 00 00   	mov     	dword ptr [ebp - 0xcc], 0
0x0073C20F	0x0033C20F	e8 dc ce 0a 00                  	call    	0x7e90f0
0x0073C214	0x0033C214	6a ff                           	push    	-1
0x0073C216	0x0033C216	6a ff                           	push    	-1
0x0073C218	0x0033C218	8d 8d 34 ff ff ff               	lea     	ecx, [ebp - 0xcc]
0x0073C21E	0x0033C21E	51                              	push    	ecx
0x0073C21F	0x0033C21F	6a 0a                           	push    	0xa
0x0073C221	0x0033C221	6a 01                           	push    	1
0x0073C223	0x0033C223	6a ff                           	push    	-1
0x0073C225	0x0033C225	6a 00                           	push    	0
0x0073C227	0x0033C227	6a 0d                           	push    	0xd
0x0073C229	0x0033C229	6a 13                           	push    	0x13
0x0073C22B	0x0033C22B	8b 8d 24 ff ff ff               	mov     	ecx, dword ptr [ebp - 0xdc]
0x0073C231	0x0033C231	6a 00                           	push    	0
0x0073C233	0x0033C233	6a 01                           	push    	1
0x0073C235	0x0033C235	50                              	push    	eax
0x0073C236	0x0033C236	e8 95 05 0f 00                  	call    	0x82c7d0
0x0073C23B	0x0033C23B	89 85 14 ff ff ff               	mov     	dword ptr [ebp - 0xec], eax
0x0073C241	0x0033C241	8b 48 48                        	mov     	ecx, dword ptr [eax + 0x48]
0x0073C244	0x0033C244	83 c0 38                        	add     	eax, 0x38
0x0073C247	0x0033C247	50                              	push    	eax
0x0073C248	0x0033C248	51                              	push    	ecx
0x0073C249	0x0033C249	8b 8d 20 ff ff ff               	mov     	ecx, dword ptr [ebp - 0xe0]
0x0073C24F	0x0033C24F	e8 8c 1e 27 00                  	call    	0x9ae0e0
0x0073C254	0x0033C254	8b 15 78 16 c7 00               	mov     	edx, dword ptr [0xc71678]
0x0073C25A	0x0033C25A	33 f6                           	xor     	esi, esi
0x0073C25C	0x0033C25C	81 c2 a8 ba 01 00               	add     	edx, 0x1baa8
0x0073C262	0x0033C262	89 85 30 ff ff ff               	mov     	dword ptr [ebp - 0xd0], eax
0x0073C268	0x0033C268	c6 85 3b ff ff ff 00            	mov     	byte ptr [ebp - 0xc5], 0
0x0073C26F	0x0033C26F	8b 4a 04                        	mov     	ecx, dword ptr [edx + 4]
0x0073C272	0x0033C272	2b 0a                           	sub     	ecx, dword ptr [edx]
0x0073C274	0x0033C274	c1 f9 02                        	sar     	ecx, 2
0x0073C277	0x0033C277	85 c9                           	test    	ecx, ecx
0x0073C279	0x0033C279	74 7b                           	je      	0x73c2f6
0x0073C27B	0x0033C27B	0f 1f 44 00 00                  	nop     	dword ptr [eax + eax]
0x0073C280	0x0033C280	56                              	push    	esi
0x0073C281	0x0033C281	8b ca                           	mov     	ecx, edx
0x0073C283	0x0033C283	e8 38 d0 27 00                  	call    	0x9b92c0
0x0073C288	0x0033C288	8b d0                           	mov     	edx, eax
0x0073C28A	0x0033C28A	83 7a 2c 00                     	cmp     	dword ptr [edx + 0x2c], 0
0x0073C28E	0x0033C28E	75 44                           	jne     	0x73c2d4
0x0073C290	0x0033C290	8b ca                           	mov     	ecx, edx
0x0073C292	0x0033C292	e8 49 ed 08 00                  	call    	0x7cafe0
0x0073C297	0x0033C297	83 f8 01                        	cmp     	eax, 1
0x0073C29A	0x0033C29A	74 16                           	je      	0x73c2b2
0x0073C29C	0x0033C29C	83 f8 02                        	cmp     	eax, 2
0x0073C29F	0x0033C29F	74 11                           	je      	0x73c2b2
0x0073C2A1	0x0033C2A1	8b 8a 88 1d 00 00               	mov     	ecx, dword ptr [edx + 0x1d88]
0x0073C2A7	0x0033C2A7	8b 82 40 13 00 00               	mov     	eax, dword ptr [edx + 0x1340]
0x0073C2AD	0x0033C2AD	8d 0c 48                        	lea     	ecx, [eax + ecx*2]
0x0073C2B0	0x0033C2B0	eb 06                           	jmp     	0x73c2b8
0x0073C2B2	0x0033C2B2	8b 8a 40 13 00 00               	mov     	ecx, dword ptr [edx + 0x1340]
0x0073C2B8	0x0033C2B8	83 ba 44 13 00 00 02            	cmp     	dword ptr [edx + 0x1344], 2
0x0073C2BF	0x0033C2BF	8b 82 4c 13 00 00               	mov     	eax, dword ptr [edx + 0x134c]
0x0073C2C5	0x0033C2C5	7d 04                           	jge     	0x73c2cb
0x0073C2C7	0x0033C2C7	85 c0                           	test    	eax, eax
0x0073C2C9	0x0033C2C9	7e 24                           	jle     	0x73c2ef
0x0073C2CB	0x0033C2CB	85 c9                           	test    	ecx, ecx
0x0073C2CD	0x0033C2CD	7f 05                           	jg      	0x73c2d4
0x0073C2CF	0x0033C2CF	83 f8 02                        	cmp     	eax, 2
0x0073C2D2	0x0033C2D2	7e 1b                           	jle     	0x73c2ef
0x0073C2D4	0x0033C2D4	8b 15 78 16 c7 00               	mov     	edx, dword ptr [0xc71678]
0x0073C2DA	0x0033C2DA	46                              	inc     	esi
0x0073C2DB	0x0033C2DB	81 c2 a8 ba 01 00               	add     	edx, 0x1baa8
0x0073C2E1	0x0033C2E1	8b 42 04                        	mov     	eax, dword ptr [edx + 4]
0x0073C2E4	0x0033C2E4	2b 02                           	sub     	eax, dword ptr [edx]
0x0073C2E6	0x0033C2E6	c1 f8 02                        	sar     	eax, 2
0x0073C2E9	0x0033C2E9	3b f0                           	cmp     	esi, eax
0x0073C2EB	0x0033C2EB	72 93                           	jb      	0x73c280
0x0073C2ED	0x0033C2ED	eb 07                           	jmp     	0x73c2f6
0x0073C2EF	0x0033C2EF	c6 85 3b ff ff ff 01            	mov     	byte ptr [ebp - 0xc5], 1
0x0073C2F6	0x0033C2F6	8b 07                           	mov     	eax, dword ptr [edi]
0x0073C2F8	0x0033C2F8	85 c0                           	test    	eax, eax
0x0073C2FA	0x0033C2FA	75 16                           	jne     	0x73c312
0x0073C2FC	0x0033C2FC	68 54 bf b6 00                  	push    	0xb6bf54
0x0073C301	0x0033C301	6a 10                           	push    	0x10
0x0073C303	0x0033C303	e8 b8 4f 2d 00                  	call    	0xa112c0
0x0073C308	0x0033C308	8b 07                           	mov     	eax, dword ptr [edi]
0x0073C30A	0x0033C30A	83 c4 08                        	add     	esp, 8
0x0073C30D	0x0033C30D	85 c0                           	test    	eax, eax
0x0073C30F	0x0033C30F	75 01                           	jne     	0x73c312
0x0073C311	0x0033C311	cc                              	int3    	
0x0073C312	0x0033C312	8b 4f 04                        	mov     	ecx, dword ptr [edi + 4]
0x0073C315	0x0033C315	8b d0                           	mov     	edx, eax
0x0073C317	0x0033C317	d3 ea                           	shr     	edx, cl
0x0073C319	0x0033C319	8b 4f 08                        	mov     	ecx, dword ptr [edi + 8]
0x0073C31C	0x0033C31C	33 d0                           	xor     	edx, eax
0x0073C31E	0x0033C31E	8b f2                           	mov     	esi, edx
0x0073C320	0x0033C320	b8 1f 85 eb 51                  	mov     	eax, 0x51eb851f
0x0073C325	0x0033C325	d3 e6                           	shl     	esi, cl
0x0073C327	0x0033C327	8b 4f 0c                        	mov     	ecx, dword ptr [edi + 0xc]
0x0073C32A	0x0033C32A	33 f2                           	xor     	esi, edx
0x0073C32C	0x0033C32C	8b de                           	mov     	ebx, esi
0x0073C32E	0x0033C32E	d3 eb                           	shr     	ebx, cl
0x0073C330	0x0033C330	33 de                           	xor     	ebx, esi
0x0073C332	0x0033C332	f7 e3                           	mul     	ebx
0x0073C334	0x0033C334	8b cb                           	mov     	ecx, ebx
0x0073C336	0x0033C336	89 1f                           	mov     	dword ptr [edi], ebx
0x0073C338	0x0033C338	c1 ea 04                        	shr     	edx, 4
0x0073C33B	0x0033C33B	6b c2 32                        	imul    	eax, edx, 0x32
0x0073C33E	0x0033C33E	2b c8                           	sub     	ecx, eax
0x0073C340	0x0033C340	0f 84 a4 00 00 00               	je      	0x73c3ea
0x0073C346	0x0033C346	85 db                           	test    	ebx, ebx
0x0073C348	0x0033C348	75 16                           	jne     	0x73c360
0x0073C34A	0x0033C34A	68 54 bf b6 00                  	push    	0xb6bf54
0x0073C34F	0x0033C34F	6a 10                           	push    	0x10
0x0073C351	0x0033C351	e8 6a 4f 2d 00                  	call    	0xa112c0
0x0073C356	0x0033C356	8b 1f                           	mov     	ebx, dword ptr [edi]
0x0073C358	0x0033C358	83 c4 08                        	add     	esp, 8
0x0073C35B	0x0033C35B	85 db                           	test    	ebx, ebx
0x0073C35D	0x0033C35D	75 01                           	jne     	0x73c360
0x0073C35F	0x0033C35F	cc                              	int3    	
0x0073C360	0x0033C360	8b 85 2c ff ff ff               	mov     	eax, dword ptr [ebp - 0xd4]
0x0073C366	0x0033C366	8b d3                           	mov     	edx, ebx
0x0073C368	0x0033C368	8b 88 d8 82 01 00               	mov     	ecx, dword ptr [eax + 0x182d8]
0x0073C36E	0x0033C36E	d3 ea                           	shr     	edx, cl
0x0073C370	0x0033C370	8b 88 dc 82 01 00               	mov     	ecx, dword ptr [eax + 0x182dc]
0x0073C376	0x0033C376	33 d3                           	xor     	edx, ebx
0x0073C378	0x0033C378	8b f2                           	mov     	esi, edx
0x0073C37A	0x0033C37A	d3 e6                           	shl     	esi, cl
0x0073C37C	0x0033C37C	8b 88 e0 82 01 00               	mov     	ecx, dword ptr [eax + 0x182e0]
0x0073C382	0x0033C382	33 f2                           	xor     	esi, edx
0x0073C384	0x0033C384	8b de                           	mov     	ebx, esi
0x0073C386	0x0033C386	b8 cd cc cc cc                  	mov     	eax, 0xcccccccd
0x0073C38B	0x0033C38B	d3 eb                           	shr     	ebx, cl
0x0073C38D	0x0033C38D	33 de                           	xor     	ebx, esi
0x0073C38F	0x0033C38F	f7 e3                           	mul     	ebx
0x0073C391	0x0033C391	8b cb                           	mov     	ecx, ebx
0x0073C393	0x0033C393	89 1f                           	mov     	dword ptr [edi], ebx
0x0073C395	0x0033C395	c1 ea 02                        	shr     	edx, 2
0x0073C398	0x0033C398	8d 04 92                        	lea     	eax, [edx + edx*4]
0x0073C39B	0x0033C39B	2b c8                           	sub     	ecx, eax
0x0073C39D	0x0033C39D	75 08                           	jne     	0x73c3a7
0x0073C39F	0x0033C39F	38 8d 3b ff ff ff               	cmp     	byte ptr [ebp - 0xc5], cl
0x0073C3A5	0x0033C3A5	75 43                           	jne     	0x73c3ea
0x0073C3A7	0x0033C3A7	8b 85 30 ff ff ff               	mov     	eax, dword ptr [ebp - 0xd0]
0x0073C3AD	0x0033C3AD	8b 9d 20 ff ff ff               	mov     	ebx, dword ptr [ebp - 0xe0]
0x0073C3B3	0x0033C3B3	85 c0                           	test    	eax, eax
0x0073C3B5	0x0033C3B5	74 1c                           	je      	0x73c3d3
0x0073C3B7	0x0033C3B7	8b 93 74 03 00 00               	mov     	edx, dword ptr [ebx + 0x374]
0x0073C3BD	0x0033C3BD	8d 8b 70 03 00 00               	lea     	ecx, [ebx + 0x370]
0x0073C3C3	0x0033C3C3	83 c0 04                        	add     	eax, 4
0x0073C3C6	0x0033C3C6	3b 51 08                        	cmp     	edx, dword ptr [ecx + 8]
0x0073C3C9	0x0033C3C9	74 10                           	je      	0x73c3db
0x0073C3CB	0x0033C3CB	8b 00                           	mov     	eax, dword ptr [eax]
0x0073C3CD	0x0033C3CD	89 02                           	mov     	dword ptr [edx], eax
0x0073C3CF	0x0033C3CF	83 41 04 04                     	add     	dword ptr [ecx + 4], 4
0x0073C3D3	0x0033C3D3	8b 85 2c ff ff ff               	mov     	eax, dword ptr [ebp - 0xd4]
0x0073C3D9	0x0033C3D9	eb 3b                           	jmp     	0x73c416
0x0073C3DB	0x0033C3DB	50                              	push    	eax
0x0073C3DC	0x0033C3DC	52                              	push    	edx
0x0073C3DD	0x0033C3DD	e8 3e 05 cf ff                  	call    	0x42c920
0x0073C3E2	0x0033C3E2	8b 85 2c ff ff ff               	mov     	eax, dword ptr [ebp - 0xd4]
0x0073C3E8	0x0033C3E8	eb 2c                           	jmp     	0x73c416
0x0073C3EA	0x0033C3EA	8b 85 30 ff ff ff               	mov     	eax, dword ptr [ebp - 0xd0]
0x0073C3F0	0x0033C3F0	85 c0                           	test    	eax, eax
0x0073C3F2	0x0033C3F2	74 16                           	je      	0x73c40a
0x0073C3F4	0x0033C3F4	6a 00                           	push    	0
0x0073C3F6	0x0033C3F6	51                              	push    	ecx
0x0073C3F7	0x0033C3F7	8b 8d 2c ff ff ff               	mov     	ecx, dword ptr [ebp - 0xd4]
0x0073C3FD	0x0033C3FD	53                              	push    	ebx
0x0073C3FE	0x0033C3FE	ff b5 14 ff ff ff               	push    	dword ptr [ebp - 0xec]
0x0073C404	0x0033C404	50                              	push    	eax
0x0073C405	0x0033C405	e8 a6 c6 ff ff                  	call    	0x738ab0
0x0073C40A	0x0033C40A	8b 85 2c ff ff ff               	mov     	eax, dword ptr [ebp - 0xd4]
0x0073C410	0x0033C410	8b 9d 20 ff ff ff               	mov     	ebx, dword ptr [ebp - 0xe0]
0x0073C416	0x0033C416	8b c8                           	mov     	ecx, eax
0x0073C418	0x0033C418	c7 85 28 ff ff ff 00 00 00 00   	mov     	dword ptr [ebp - 0xd8], 0
0x0073C422	0x0033C422	e8 49 2b 01 00                  	call    	0x74ef70
0x0073C427	0x0033C427	84 c0                           	test    	al, al
0x0073C429	0x0033C429	0f 84 25 01 00 00               	je      	0x73c554
