0x00739370	0x00339370	55                              	push    	ebp
0x00739371	0x00339371	8b ec                           	mov     	ebp, esp
0x00739373	0x00339373	6a ff                           	push    	-1
0x00739375	0x00339375	68 e0 d9 af 00                  	push    	0xafd9e0
0x0073937A	0x0033937A	64 a1 00 00 00 00               	mov     	eax, dword ptr fs:[0]
0x00739380	0x00339380	50                              	push    	eax
0x00739381	0x00339381	81 ec 40 01 00 00               	sub     	esp, 0x140
0x00739387	0x00339387	a1 b4 93 bf 00                  	mov     	eax, dword ptr [0xbf93b4]
0x0073938C	0x0033938C	33 c5                           	xor     	eax, ebp
0x0073938E	0x0033938E	89 45 ec                        	mov     	dword ptr [ebp - 0x14], eax
0x00739391	0x00339391	53                              	push    	ebx
0x00739392	0x00339392	56                              	push    	esi
0x00739393	0x00339393	57                              	push    	edi
0x00739394	0x00339394	50                              	push    	eax
0x00739395	0x00339395	8d 45 f4                        	lea     	eax, [ebp - 0xc]
0x00739398	0x00339398	64 a3 00 00 00 00               	mov     	dword ptr fs:[0], eax
0x0073939E	0x0033939E	8b c1                           	mov     	eax, ecx
0x007393A0	0x003393A0	89 85 2c ff ff ff               	mov     	dword ptr [ebp - 0xd4], eax
0x007393A6	0x003393A6	8b 4d 08                        	mov     	ecx, dword ptr [ebp + 8]
0x007393A9	0x003393A9	c7 85 cc fe ff ff 00 00 00 00   	mov     	dword ptr [ebp - 0x134], 0
0x007393B3	0x003393B3	8b 1d 78 16 c7 00               	mov     	ebx, dword ptr [0xc71678]
0x007393B9	0x003393B9	8b 78 04                        	mov     	edi, dword ptr [eax + 4]
0x007393BC	0x003393BC	8b d7                           	mov     	edx, edi
0x007393BE	0x003393BE	8b 30                           	mov     	esi, dword ptr [eax]
0x007393C0	0x003393C0	89 8d 20 ff ff ff               	mov     	dword ptr [ebp - 0xe0], ecx
0x007393C6	0x003393C6	8b 4d 10                        	mov     	ecx, dword ptr [ebp + 0x10]
0x007393C9	0x003393C9	89 8d c8 fe ff ff               	mov     	dword ptr [ebp - 0x138], ecx
0x007393CF	0x003393CF	8d 8b 10 89 01 00               	lea     	ecx, [ebx + 0x18910]
0x007393D5	0x003393D5	89 8d 24 ff ff ff               	mov     	dword ptr [ebp - 0xdc], ecx
0x007393DB	0x003393DB	8b ce                           	mov     	ecx, esi
0x007393DD	0x003393DD	6a ff                           	push    	-1
0x007393DF	0x003393DF	e8 4c 3c 0f 00                  	call    	0x82d030
0x007393E4	0x003393E4	83 c4 04                        	add     	esp, 4
0x007393E7	0x003393E7	89 85 d8 fe ff ff               	mov     	dword ptr [ebp - 0x128], eax
0x007393ED	0x003393ED	b2 01                           	mov     	dl, 1
0x007393EF	0x003393EF	c7 85 d4 fe ff ff ff ff ff ff   	mov     	dword ptr [ebp - 0x12c], 0xffffffff
0x007393F9	0x003393F9	8b cb                           	mov     	ecx, ebx
0x007393FB	0x003393FB	89 95 d0 fe ff ff               	mov     	dword ptr [ebp - 0x130], edx
0x00739401	0x00339401	c7 85 b8 fe ff ff ff ff ff ff   	mov     	dword ptr [ebp - 0x148], 0xffffffff
0x0073940B	0x0033940B	e8 30 d5 fc ff                  	call    	0x706940
0x00739410	0x00339410	80 78 74 00                     	cmp     	byte ptr [eax + 0x74], 0
0x00739414	0x00339414	8d 48 18                        	lea     	ecx, [eax + 0x18]
0x00739417	0x00339417	89 8d e4 fe ff ff               	mov     	dword ptr [ebp - 0x11c], ecx
0x0073941D	0x0033941D	74 4d                           	je      	0x73946c
0x0073941F	0x0033941F	83 fe 0b                        	cmp     	esi, 0xb
0x00739422	0x00339422	75 48                           	jne     	0x73946c
0x00739424	0x00339424	64 a1 2c 00 00 00               	mov     	eax, dword ptr fs:[0x2c]
0x0073942A	0x0033942A	8b 08                           	mov     	ecx, dword ptr [eax]
0x0073942C	0x0033942C	a1 8c 10 c8 00                  	mov     	eax, dword ptr [0xc8108c]
0x00739431	0x00339431	3b 81 0c 00 00 00               	cmp     	eax, dword ptr [ecx + 0xc]
0x00739437	0x00339437	0f 8f 16 45 00 00               	jg      	0x73d953
0x0073943D	0x0033943D	eb 06                           	jmp     	0x739445
0x0073943F	0x0033943F	8b 1d 78 16 c7 00               	mov     	ebx, dword ptr [0xc71678]
0x00739445	0x00339445	8b bd 2c ff ff ff               	mov     	edi, dword ptr [ebp - 0xd4]
0x0073944B	0x0033944B	b8 98 10 c8 00                  	mov     	eax, 0xc81098
0x00739450	0x00339450	83 bf 0c 83 01 00 03            	cmp     	dword ptr [edi + 0x1830c], 3
0x00739457	0x00339457	73 06                           	jae     	0x73945f
0x00739459	0x00339459	8d 87 d4 70 01 00               	lea     	eax, [edi + 0x170d4]
0x0073945F	0x0033945F	8b 00                           	mov     	eax, dword ptr [eax]
0x00739461	0x00339461	89 87 14 83 01 00               	mov     	dword ptr [edi + 0x18314], eax
0x00739467	0x00339467	e9 b2 05 00 00                  	jmp     	0x739a1e
0x0073946C	0x0033946C	8d 8b 70 af 01 00               	lea     	ecx, [ebx + 0x1af70]
0x00739472	0x00339472	51                              	push    	ecx
0x00739473	0x00339473	57                              	push    	edi
0x00739474	0x00339474	56                              	push    	esi
0x00739475	0x00339475	e8 b6 93 ce ff                  	call    	0x422830
0x0073947A	0x0033947A	8b 9d 2c ff ff ff               	mov     	ebx, dword ptr [ebp - 0xd4]
0x00739480	0x00339480	8b f8                           	mov     	edi, eax
0x00739482	0x00339482	81 c3 d4 82 01 00               	add     	ebx, 0x182d4
0x00739488	0x00339488	8b 13                           	mov     	edx, dword ptr [ebx]
0x0073948A	0x0033948A	85 d2                           	test    	edx, edx
0x0073948C	0x0033948C	75 16                           	jne     	0x7394a4
0x0073948E	0x0033948E	68 54 bf b6 00                  	push    	0xb6bf54
0x00739493	0x00339493	6a 10                           	push    	0x10
0x00739495	0x00339495	e8 26 7e 2d 00                  	call    	0xa112c0
0x0073949A	0x0033949A	8b 13                           	mov     	edx, dword ptr [ebx]
0x0073949C	0x0033949C	83 c4 08                        	add     	esp, 8
0x0073949F	0x0033949F	85 d2                           	test    	edx, edx
0x007394A1	0x003394A1	75 01                           	jne     	0x7394a4
0x007394A3	0x003394A3	cc                              	int3    	
0x007394A4	0x003394A4	8b 4b 04                        	mov     	ecx, dword ptr [ebx + 4]
0x007394A7	0x003394A7	8b c2                           	mov     	eax, edx
0x007394A9	0x003394A9	d3 e8                           	shr     	eax, cl
0x007394AB	0x003394AB	8b 4b 08                        	mov     	ecx, dword ptr [ebx + 8]
0x007394AE	0x003394AE	33 c2                           	xor     	eax, edx
0x007394B0	0x003394B0	8b f0                           	mov     	esi, eax
0x007394B2	0x003394B2	d3 e6                           	shl     	esi, cl
0x007394B4	0x003394B4	8b 4b 0c                        	mov     	ecx, dword ptr [ebx + 0xc]
0x007394B7	0x003394B7	33 f0                           	xor     	esi, eax
0x007394B9	0x003394B9	8b d6                           	mov     	edx, esi
0x007394BB	0x003394BB	d3 ea                           	shr     	edx, cl
0x007394BD	0x003394BD	8b cf                           	mov     	ecx, edi
0x007394BF	0x003394BF	33 d6                           	xor     	edx, esi
0x007394C1	0x003394C1	89 13                           	mov     	dword ptr [ebx], edx
0x007394C3	0x003394C3	e8 b8 fb ff ff                  	call    	0x739080
0x007394C8	0x003394C8	8b f0                           	mov     	esi, eax
0x007394CA	0x003394CA	85 f6                           	test    	esi, esi
0x007394CC	0x003394CC	75 15                           	jne     	0x7394e3
0x007394CE	0x003394CE	57                              	push    	edi
0x007394CF	0x003394CF	68 88 a3 b6 00                  	push    	0xb6a388
0x007394D4	0x003394D4	6a 01                           	push    	1
0x007394D6	0x003394D6	e8 e5 7d 2d 00                  	call    	0xa112c0
0x007394DB	0x003394DB	83 c4 0c                        	add     	esp, 0xc
0x007394DE	0x003394DE	e9 23 3a 00 00                  	jmp     	0x73cf06
0x007394E3	0x003394E3	8b 8d 20 ff ff ff               	mov     	ecx, dword ptr [ebp - 0xe0]
0x007394E9	0x003394E9	8d 46 38                        	lea     	eax, [esi + 0x38]
0x007394EC	0x003394EC	6a 00                           	push    	0
0x007394EE	0x003394EE	50                              	push    	eax
0x007394EF	0x003394EF	ff 76 48                        	push    	dword ptr [esi + 0x48]
0x007394F2	0x003394F2	e8 19 5a 27 00                  	call    	0x9aef10
0x007394F7	0x003394F7	8b c8                           	mov     	ecx, eax
0x007394F9	0x003394F9	89 8d 14 ff ff ff               	mov     	dword ptr [ebp - 0xec], ecx
0x007394FF	0x003394FF	85 c9                           	test    	ecx, ecx
0x00739501	0x00339501	0f 84 ff 39 00 00               	je      	0x73cf06
0x00739507	0x00339507	8b 95 2c ff ff ff               	mov     	edx, dword ptr [ebp - 0xd4]
0x0073950D	0x0033950D	6a 00                           	push    	0
0x0073950F	0x0033950F	51                              	push    	ecx
0x00739510	0x00339510	ff 33                           	push    	dword ptr [ebx]
0x00739512	0x00339512	8b 82 cc 82 01 00               	mov     	eax, dword ptr [edx + 0x182cc]
0x00739518	0x00339518	56                              	push    	esi
0x00739519	0x00339519	51                              	push    	ecx
0x0073951A	0x0033951A	8b ca                           	mov     	ecx, edx
0x0073951C	0x0033951C	89 82 14 83 01 00               	mov     	dword ptr [edx + 0x18314], eax
0x00739522	0x00339522	89 82 30 83 01 00               	mov     	dword ptr [edx + 0x18330], eax
0x00739528	0x00339528	e8 83 f5 ff ff                  	call    	0x738ab0
0x0073952D	0x0033952D	8b b5 2c ff ff ff               	mov     	esi, dword ptr [ebp - 0xd4]
0x00739533	0x00339533	83 3e 0c                        	cmp     	dword ptr [esi], 0xc
0x00739536	0x00339536	0f 85 95 03 00 00               	jne     	0x7398d1
0x0073953C	0x0033953C	6a 04                           	push    	4
0x0073953E	0x0033953E	8b cb                           	mov     	ecx, ebx
0x00739540	0x00339540	e8 db fa 0a 00                  	call    	0x7e9020
0x00739545	0x00339545	83 c0 05                        	add     	eax, 5
0x00739548	0x00339548	c7 85 fc fe ff ff 00 00 00 00   	mov     	dword ptr [ebp - 0x104], 0
0x00739552	0x00339552	89 85 08 ff ff ff               	mov     	dword ptr [ebp - 0xf8], eax
0x00739558	0x00339558	c7 85 00 ff ff ff 00 00 00 00   	mov     	dword ptr [ebp - 0x100], 0
0x00739562	0x00339562	c7 85 04 ff ff ff 00 00 00 00   	mov     	dword ptr [ebp - 0xfc], 0
0x0073956C	0x0033956C	51                              	push    	ecx
0x0073956D	0x0033956D	8d 8d fc fe ff ff               	lea     	ecx, [ebp - 0x104]
0x00739573	0x00339573	c7 45 fc 01 00 00 00            	mov     	dword ptr [ebp - 4], 1
0x0073957A	0x0033957A	e8 01 94 01 00                  	call    	0x752980
0x0073957F	0x0033957F	0f 28 05 d0 b5 ba 00            	movaps  	xmm0, xmmword ptr [0xbab5d0]
0x00739586	0x00339586	33 f6                           	xor     	esi, esi
0x00739588	0x00339588	8b 8d 04 ff ff ff               	mov     	ecx, dword ptr [ebp - 0xfc]
0x0073958E	0x0033958E	8b 95 00 ff ff ff               	mov     	edx, dword ptr [ebp - 0x100]
0x00739594	0x00339594	0f 11 85 54 ff ff ff            	movups  	xmmword ptr [ebp - 0xac], xmm0
0x0073959B	0x0033959B	c7 45 e4 1a 00 00 00            	mov     	dword ptr [ebp - 0x1c], 0x1a
0x007395A2	0x003395A2	0f 28 05 00 b7 ba 00            	movaps  	xmm0, xmmword ptr [0xbab700]
0x007395A9	0x003395A9	0f 11 85 64 ff ff ff            	movups  	xmmword ptr [ebp - 0x9c], xmm0
0x007395B0	0x003395B0	0f 28 05 20 b7 ba 00            	movaps  	xmm0, xmmword ptr [0xbab720]
0x007395B7	0x003395B7	0f 11 85 74 ff ff ff            	movups  	xmmword ptr [ebp - 0x8c], xmm0
0x007395BE	0x003395BE	0f 28 05 b0 b6 ba 00            	movaps  	xmm0, xmmword ptr [0xbab6b0]
0x007395C5	0x003395C5	0f 11 45 84                     	movups  	xmmword ptr [ebp - 0x7c], xmm0
0x007395C9	0x003395C9	0f 28 05 70 b5 ba 00            	movaps  	xmm0, xmmword ptr [0xbab570]
0x007395D0	0x003395D0	0f 11 45 94                     	movups  	xmmword ptr [ebp - 0x6c], xmm0
0x007395D4	0x003395D4	0f 28 05 e0 b4 ba 00            	movaps  	xmm0, xmmword ptr [0xbab4e0]
0x007395DB	0x003395DB	0f 11 45 a4                     	movups  	xmmword ptr [ebp - 0x5c], xmm0
0x007395DF	0x003395DF	0f 28 05 00 b6 ba 00            	movaps  	xmm0, xmmword ptr [0xbab600]
0x007395E6	0x003395E6	0f 11 45 b4                     	movups  	xmmword ptr [ebp - 0x4c], xmm0
0x007395EA	0x003395EA	0f 28 05 50 b2 ba 00            	movaps  	xmm0, xmmword ptr [0xbab250]
0x007395F1	0x003395F1	0f 11 45 c4                     	movups  	xmmword ptr [ebp - 0x3c], xmm0
0x007395F5	0x003395F5	0f 28 05 20 b6 ba 00            	movaps  	xmm0, xmmword ptr [0xbab620]
0x007395FC	0x003395FC	0f 11 45 d4                     	movups  	xmmword ptr [ebp - 0x2c], xmm0
0x00739600	0x00339600	83 fe 37                        	cmp     	esi, 0x37
0x00739603	0x00339603	74 73                           	je      	0x739678
0x00739605	0x00339605	83 fe 3f                        	cmp     	esi, 0x3f
0x00739608	0x00339608	74 6e                           	je      	0x739678
0x0073960A	0x0033960A	83 fe 06                        	cmp     	esi, 6
0x0073960D	0x0033960D	74 69                           	je      	0x739678
0x0073960F	0x0033960F	83 fe 3e                        	cmp     	esi, 0x3e
0x00739612	0x00339612	74 64                           	je      	0x739678
0x00739614	0x00339614	8d 45 e8                        	lea     	eax, [ebp - 0x18]
0x00739617	0x00339617	89 85 30 ff ff ff               	mov     	dword ptr [ebp - 0xd0], eax
0x0073961D	0x0033961D	8d 85 54 ff ff ff               	lea     	eax, [ebp - 0xac]
0x00739623	0x00339623	8b f8                           	mov     	edi, eax
0x00739625	0x00339625	3b bd 30 ff ff ff               	cmp     	edi, dword ptr [ebp - 0xd0]
0x0073962B	0x0033962B	74 0e                           	je      	0x73963b
0x0073962D	0x0033962D	8d 7d e8                        	lea     	edi, [ebp - 0x18]
0x00739630	0x00339630	39 30                           	cmp     	dword ptr [eax], esi
0x00739632	0x00339632	74 07                           	je      	0x73963b
0x00739634	0x00339634	83 c0 04                        	add     	eax, 4
0x00739637	0x00339637	3b c7                           	cmp     	eax, edi
0x00739639	0x00339639	75 f5                           	jne     	0x739630
0x0073963B	0x0033963B	8d 7d e8                        	lea     	edi, [ebp - 0x18]
0x0073963E	0x0033963E	3b c7                           	cmp     	eax, edi
0x00739640	0x00339640	75 36                           	jne     	0x739678
0x00739642	0x00339642	89 b5 30 ff ff ff               	mov     	dword ptr [ebp - 0xd0], esi
0x00739648	0x00339648	3b d1                           	cmp     	edx, ecx
0x0073964A	0x0033964A	74 0d                           	je      	0x739659
0x0073964C	0x0033964C	89 32                           	mov     	dword ptr [edx], esi
0x0073964E	0x0033964E	83 c2 04                        	add     	edx, 4
0x00739651	0x00339651	89 95 00 ff ff ff               	mov     	dword ptr [ebp - 0x100], edx
0x00739657	0x00339657	eb 1f                           	jmp     	0x739678
0x00739659	0x00339659	8d 85 30 ff ff ff               	lea     	eax, [ebp - 0xd0]
0x0073965F	0x0033965F	50                              	push    	eax
0x00739660	0x00339660	52                              	push    	edx
0x00739661	0x00339661	8d 8d fc fe ff ff               	lea     	ecx, [ebp - 0x104]
0x00739667	0x00339667	e8 b4 32 cf ff                  	call    	0x42c920
0x0073966C	0x0033966C	8b 8d 04 ff ff ff               	mov     	ecx, dword ptr [ebp - 0xfc]
0x00739672	0x00339672	8b 95 00 ff ff ff               	mov     	edx, dword ptr [ebp - 0x100]
0x00739678	0x00339678	46                              	inc     	esi
0x00739679	0x00339679	83 fe 46                        	cmp     	esi, 0x46
0x0073967C	0x0033967C	7c 82                           	jl      	0x739600
0x0073967E	0x0033967E	8b bd fc fe ff ff               	mov     	edi, dword ptr [ebp - 0x104]
0x00739684	0x00339684	2b d7                           	sub     	edx, edi
0x00739686	0x00339686	c1 fa 02                        	sar     	edx, 2
0x00739689	0x00339689	8d 72 ff                        	lea     	esi, [edx - 1]
0x0073968C	0x0033968C	85 f6                           	test    	esi, esi
0x0073968E	0x0033968E	7e 6e                           	jle     	0x7396fe
0x00739690	0x00339690	8d 46 01                        	lea     	eax, [esi + 1]
0x00739693	0x00339693	89 85 1c ff ff ff               	mov     	dword ptr [ebp - 0xe4], eax
0x00739699	0x00339699	0f 1f 80 00 00 00 00            	nop     	dword ptr [eax]
0x007396A0	0x003396A0	8b 13                           	mov     	edx, dword ptr [ebx]
0x007396A2	0x003396A2	85 d2                           	test    	edx, edx
0x007396A4	0x003396A4	75 16                           	jne     	0x7396bc
0x007396A6	0x003396A6	68 54 bf b6 00                  	push    	0xb6bf54
0x007396AB	0x003396AB	6a 10                           	push    	0x10
0x007396AD	0x003396AD	e8 0e 7c 2d 00                  	call    	0xa112c0
0x007396B2	0x003396B2	8b 13                           	mov     	edx, dword ptr [ebx]
0x007396B4	0x003396B4	83 c4 08                        	add     	esp, 8
0x007396B7	0x003396B7	85 d2                           	test    	edx, edx
0x007396B9	0x003396B9	75 01                           	jne     	0x7396bc
0x007396BB	0x003396BB	cc                              	int3    	
0x007396BC	0x003396BC	8b 4b 04                        	mov     	ecx, dword ptr [ebx + 4]
0x007396BF	0x003396BF	8b c2                           	mov     	eax, edx
0x007396C1	0x003396C1	d3 e8                           	shr     	eax, cl
0x007396C3	0x003396C3	8b 4b 08                        	mov     	ecx, dword ptr [ebx + 8]
0x007396C6	0x003396C6	33 c2                           	xor     	eax, edx
0x007396C8	0x003396C8	8b d0                           	mov     	edx, eax
0x007396CA	0x003396CA	d3 e2                           	shl     	edx, cl
0x007396CC	0x003396CC	8b 4b 0c                        	mov     	ecx, dword ptr [ebx + 0xc]
0x007396CF	0x003396CF	33 d0                           	xor     	edx, eax
0x007396D1	0x003396D1	8b c2                           	mov     	eax, edx
0x007396D3	0x003396D3	d3 e8                           	shr     	eax, cl
0x007396D5	0x003396D5	8b 8d 1c ff ff ff               	mov     	ecx, dword ptr [ebp - 0xe4]
0x007396DB	0x003396DB	33 c2                           	xor     	eax, edx
0x007396DD	0x003396DD	33 d2                           	xor     	edx, edx
0x007396DF	0x003396DF	89 03                           	mov     	dword ptr [ebx], eax
0x007396E1	0x003396E1	85 c9                           	test    	ecx, ecx
0x007396E3	0x003396E3	74 02                           	je      	0x7396e7
0x007396E5	0x003396E5	f7 f1                           	div     	ecx
0x007396E7	0x003396E7	8b 0c b7                        	mov     	ecx, dword ptr [edi + esi*4]
0x007396EA	0x003396EA	8b 04 97                        	mov     	eax, dword ptr [edi + edx*4]
0x007396ED	0x003396ED	ff 8d 1c ff ff ff               	dec     	dword ptr [ebp - 0xe4]
0x007396F3	0x003396F3	89 04 b7                        	mov     	dword ptr [edi + esi*4], eax
0x007396F6	0x003396F6	4e                              	dec     	esi
0x007396F7	0x003396F7	89 0c 97                        	mov     	dword ptr [edi + edx*4], ecx
0x007396FA	0x003396FA	85 f6                           	test    	esi, esi
0x007396FC	0x003396FC	7f a2                           	jg      	0x7396a0
0x007396FE	0x003396FE	33 c0                           	xor     	eax, eax
0x00739700	0x00339700	89 85 1c ff ff ff               	mov     	dword ptr [ebp - 0xe4], eax
0x00739706	0x00339706	39 85 08 ff ff ff               	cmp     	dword ptr [ebp - 0xf8], eax
0x0073970C	0x0033970C	0f 8e b4 00 00 00               	jle     	0x7397c6
0x00739712	0x00339712	8b 13                           	mov     	edx, dword ptr [ebx]
0x00739714	0x00339714	8b 04 87                        	mov     	eax, dword ptr [edi + eax*4]
0x00739717	0x00339717	89 85 30 ff ff ff               	mov     	dword ptr [ebp - 0xd0], eax
0x0073971D	0x0033971D	85 d2                           	test    	edx, edx
0x0073971F	0x0033971F	75 16                           	jne     	0x739737
0x00739721	0x00339721	68 54 bf b6 00                  	push    	0xb6bf54
0x00739726	0x00339726	6a 10                           	push    	0x10
0x00739728	0x00339728	e8 93 7b 2d 00                  	call    	0xa112c0
0x0073972D	0x0033972D	8b 13                           	mov     	edx, dword ptr [ebx]
0x0073972F	0x0033972F	83 c4 08                        	add     	esp, 8
0x00739732	0x00339732	85 d2                           	test    	edx, edx
0x00739734	0x00339734	75 01                           	jne     	0x739737
0x00739736	0x00339736	cc                              	int3    	
0x00739737	0x00339737	8b 4b 04                        	mov     	ecx, dword ptr [ebx + 4]
0x0073973A	0x0033973A	8b c2                           	mov     	eax, edx
0x0073973C	0x0033973C	d3 e8                           	shr     	eax, cl
0x0073973E	0x0033973E	8b 4b 08                        	mov     	ecx, dword ptr [ebx + 8]
0x00739741	0x00339741	33 c2                           	xor     	eax, edx
0x00739743	0x00339743	8b f0                           	mov     	esi, eax
0x00739745	0x00339745	d3 e6                           	shl     	esi, cl
0x00739747	0x00339747	8b 4b 0c                        	mov     	ecx, dword ptr [ebx + 0xc]
0x0073974A	0x0033974A	33 f0                           	xor     	esi, eax
0x0073974C	0x0033974C	8b d6                           	mov     	edx, esi
0x0073974E	0x0033974E	d3 ea                           	shr     	edx, cl
0x00739750	0x00339750	8b 8d 30 ff ff ff               	mov     	ecx, dword ptr [ebp - 0xd0]
0x00739756	0x00339756	33 d6                           	xor     	edx, esi
0x00739758	0x00339758	89 13                           	mov     	dword ptr [ebx], edx
0x0073975A	0x0033975A	e8 21 f9 ff ff                  	call    	0x739080
0x0073975F	0x0033975F	8b f0                           	mov     	esi, eax
0x00739761	0x00339761	85 f6                           	test    	esi, esi
0x00739763	0x00339763	0f 84 eb 00 00 00               	je      	0x739854
0x00739769	0x00339769	6a 01                           	push    	1
0x0073976B	0x0033976B	8d 4e 38                        	lea     	ecx, [esi + 0x38]
0x0073976E	0x0033976E	51                              	push    	ecx
0x0073976F	0x0033976F	ff 76 48                        	push    	dword ptr [esi + 0x48]
0x00739772	0x00339772	8b 8d 20 ff ff ff               	mov     	ecx, dword ptr [ebp - 0xe0]
0x00739778	0x00339778	e8 93 57 27 00                  	call    	0x9aef10
0x0073977D	0x0033977D	8b c8                           	mov     	ecx, eax
0x0073977F	0x0033977F	89 8d 14 ff ff ff               	mov     	dword ptr [ebp - 0xec], ecx
0x00739785	0x00339785	85 c9                           	test    	ecx, ecx
0x00739787	0x00339787	0f 84 82 00 00 00               	je      	0x73980f
0x0073978D	0x0033978D	8b 95 2c ff ff ff               	mov     	edx, dword ptr [ebp - 0xd4]
0x00739793	0x00339793	6a 00                           	push    	0
0x00739795	0x00339795	51                              	push    	ecx
0x00739796	0x00339796	ff 33                           	push    	dword ptr [ebx]
0x00739798	0x00339798	8b 82 cc 82 01 00               	mov     	eax, dword ptr [edx + 0x182cc]
0x0073979E	0x0033979E	56                              	push    	esi
0x0073979F	0x0033979F	51                              	push    	ecx
0x007397A0	0x003397A0	8b ca                           	mov     	ecx, edx
0x007397A2	0x003397A2	89 82 14 83 01 00               	mov     	dword ptr [edx + 0x18314], eax
0x007397A8	0x003397A8	e8 03 f3 ff ff                  	call    	0x738ab0
0x007397AD	0x003397AD	8b 85 1c ff ff ff               	mov     	eax, dword ptr [ebp - 0xe4]
0x007397B3	0x003397B3	40                              	inc     	eax
0x007397B4	0x003397B4	89 85 1c ff ff ff               	mov     	dword ptr [ebp - 0xe4], eax
0x007397BA	0x003397BA	3b 85 08 ff ff ff               	cmp     	eax, dword ptr [ebp - 0xf8]
0x007397C0	0x003397C0	0f 8c 4c ff ff ff               	jl      	0x739712
0x007397C6	0x003397C6	c7 45 fc ff ff ff ff            	mov     	dword ptr [ebp - 4], 0xffffffff
0x007397CD	0x003397CD	85 ff                           	test    	edi, edi
0x007397CF	0x003397CF	0f 84 fc 00 00 00               	je      	0x7398d1
0x007397D5	0x003397D5	8b 85 04 ff ff ff               	mov     	eax, dword ptr [ebp - 0xfc]
0x007397DB	0x003397DB	2b c7                           	sub     	eax, edi
0x007397DD	0x003397DD	c1 f8 02                        	sar     	eax, 2
0x007397E0	0x003397E0	8d 0c 85 00 00 00 00            	lea     	ecx, [eax*4]
0x007397E7	0x003397E7	8b c7                           	mov     	eax, edi
0x007397E9	0x003397E9	81 f9 00 10 00 00               	cmp     	ecx, 0x1000
0x007397EF	0x003397EF	0f 82 b4 00 00 00               	jb      	0x7398a9
0x007397F5	0x003397F5	8b 7f fc                        	mov     	edi, dword ptr [edi - 4]
0x007397F8	0x003397F8	83 c1 23                        	add     	ecx, 0x23
0x007397FB	0x003397FB	2b c7                           	sub     	eax, edi
0x007397FD	0x003397FD	83 c0 fc                        	add     	eax, -4
0x00739800	0x00339800	83 f8 1f                        	cmp     	eax, 0x1f
0x00739803	0x00339803	0f 86 a0 00 00 00               	jbe     	0x7398a9
0x00739809	0x00339809	ff 15 94 88 b1 00               	call    	dword ptr [0xb18894]
0x0073980F	0x0033980F	83 bd 1c ff ff ff 05            	cmp     	dword ptr [ebp - 0xe4], 5
0x00739816	0x00339816	7d ae                           	jge     	0x7397c6
0x00739818	0x00339818	85 ff                           	test    	edi, edi
0x0073981A	0x0033981A	0f 84 e6 36 00 00               	je      	0x73cf06
0x00739820	0x00339820	8b 8d 04 ff ff ff               	mov     	ecx, dword ptr [ebp - 0xfc]
0x00739826	0x00339826	8b c7                           	mov     	eax, edi
0x00739828	0x00339828	2b cf                           	sub     	ecx, edi
0x0073982A	0x0033982A	83 e1 fc                        	and     	ecx, 0xfffffffc
0x0073982D	0x0033982D	81 f9 00 10 00 00               	cmp     	ecx, 0x1000
0x00739833	0x00339833	72 10                           	jb      	0x739845
0x00739835	0x00339835	8b 7f fc                        	mov     	edi, dword ptr [edi - 4]
0x00739838	0x00339838	83 c1 23                        	add     	ecx, 0x23
0x0073983B	0x0033983B	2b c7                           	sub     	eax, edi
0x0073983D	0x0033983D	83 c0 fc                        	add     	eax, -4
0x00739840	0x00339840	83 f8 1f                        	cmp     	eax, 0x1f
0x00739843	0x00339843	77 c4                           	ja      	0x739809
0x00739845	0x00339845	51                              	push    	ecx
0x00739846	0x00339846	57                              	push    	edi
0x00739847	0x00339847	e8 10 59 3b 00                  	call    	0xaef15c
0x0073984C	0x0033984C	83 c4 08                        	add     	esp, 8
0x0073984F	0x0033984F	e9 b2 36 00 00                  	jmp     	0x73cf06
0x00739854	0x00339854	ff b5 30 ff ff ff               	push    	dword ptr [ebp - 0xd0]
0x0073985A	0x0033985A	68 88 a3 b6 00                  	push    	0xb6a388
0x0073985F	0x0033985F	6a 01                           	push    	1
0x00739861	0x00339861	e8 5a 7a 2d 00                  	call    	0xa112c0
0x00739866	0x00339866	83 c4 0c                        	add     	esp, 0xc
0x00739869	0x00339869	85 ff                           	test    	edi, edi
0x0073986B	0x0033986B	0f 84 95 36 00 00               	je      	0x73cf06
0x00739871	0x00339871	8b 8d 04 ff ff ff               	mov     	ecx, dword ptr [ebp - 0xfc]
0x00739877	0x00339877	8b c7                           	mov     	eax, edi
0x00739879	0x00339879	2b cf                           	sub     	ecx, edi
0x0073987B	0x0033987B	83 e1 fc                        	and     	ecx, 0xfffffffc
0x0073987E	0x0033987E	81 f9 00 10 00 00               	cmp     	ecx, 0x1000
0x00739884	0x00339884	72 14                           	jb      	0x73989a
0x00739886	0x00339886	8b 7f fc                        	mov     	edi, dword ptr [edi - 4]
0x00739889	0x00339889	83 c1 23                        	add     	ecx, 0x23
0x0073988C	0x0033988C	2b c7                           	sub     	eax, edi
0x0073988E	0x0033988E	83 c0 fc                        	add     	eax, -4
0x00739891	0x00339891	83 f8 1f                        	cmp     	eax, 0x1f
0x00739894	0x00339894	0f 87 6f ff ff ff               	ja      	0x739809
0x0073989A	0x0033989A	51                              	push    	ecx
0x0073989B	0x0033989B	57                              	push    	edi
0x0073989C	0x0033989C	e8 bb 58 3b 00                  	call    	0xaef15c
0x007398A1	0x003398A1	83 c4 08                        	add     	esp, 8
0x007398A4	0x003398A4	e9 5d 36 00 00                  	jmp     	0x73cf06
0x007398A9	0x003398A9	51                              	push    	ecx
0x007398AA	0x003398AA	57                              	push    	edi
0x007398AB	0x003398AB	e8 ac 58 3b 00                  	call    	0xaef15c
0x007398B0	0x003398B0	83 c4 08                        	add     	esp, 8
0x007398B3	0x003398B3	c7 85 fc fe ff ff 00 00 00 00   	mov     	dword ptr [ebp - 0x104], 0
0x007398BD	0x003398BD	c7 85 00 ff ff ff 00 00 00 00   	mov     	dword ptr [ebp - 0x100], 0
0x007398C7	0x003398C7	c7 85 04 ff ff ff 00 00 00 00   	mov     	dword ptr [ebp - 0xfc], 0
0x007398D1	0x003398D1	8b 1d 78 16 c7 00               	mov     	ebx, dword ptr [0xc71678]
0x007398D7	0x003398D7	8b 85 2c ff ff ff               	mov     	eax, dword ptr [ebp - 0xd4]
0x007398DD	0x003398DD	8b b3 50 65 02 00               	mov     	esi, dword ptr [ebx + 0x26550]
0x007398E3	0x003398E3	0b 70 0c                        	or      	esi, dword ptr [eax + 0xc]
0x007398E6	0x003398E6	e8 15 fb fb ff                  	call    	0x6f9400
0x007398EB	0x003398EB	8b f8                           	mov     	edi, eax
0x007398ED	0x003398ED	0b fe                           	or      	edi, esi
0x007398EF	0x003398EF	e8 ac fc fb ff                  	call    	0x6f95a0
0x007398F4	0x003398F4	f7 d0                           	not     	eax
0x007398F6	0x003398F6	23 c7                           	and     	eax, edi
0x007398F8	0x003398F8	a8 02                           	test    	al, 2
0x007398FA	0x003398FA	0f 84 fb 00 00 00               	je      	0x7399fb
0x00739900	0x00339900	8b 85 2c ff ff ff               	mov     	eax, dword ptr [ebp - 0xd4]
0x00739906	0x00339906	8d 8b 70 af 01 00               	lea     	ecx, [ebx + 0x1af70]
0x0073990C	0x0033990C	8b 9d 2c ff ff ff               	mov     	ebx, dword ptr [ebp - 0xd4]
0x00739912	0x00339912	51                              	push    	ecx
0x00739913	0x00339913	8b 80 d4 82 01 00               	mov     	eax, dword ptr [eax + 0x182d4]
0x00739919	0x00339919	ff 73 04                        	push    	dword ptr [ebx + 4]
0x0073991C	0x0033991C	89 85 08 ff ff ff               	mov     	dword ptr [ebp - 0xf8], eax
0x00739922	0x00339922	8b 03                           	mov     	eax, dword ptr [ebx]
0x00739924	0x00339924	40                              	inc     	eax
0x00739925	0x00339925	50                              	push    	eax
0x00739926	0x00339926	e8 05 8f ce ff                  	call    	0x422830
0x0073992B	0x0033992B	8b 93 d4 82 01 00               	mov     	edx, dword ptr [ebx + 0x182d4]
0x00739931	0x00339931	8b f8                           	mov     	edi, eax
0x00739933	0x00339933	85 d2                           	test    	edx, edx
0x00739935	0x00339935	75 1a                           	jne     	0x739951
0x00739937	0x00339937	68 54 bf b6 00                  	push    	0xb6bf54
0x0073993C	0x0033993C	6a 10                           	push    	0x10
0x0073993E	0x0033993E	e8 7d 79 2d 00                  	call    	0xa112c0
0x00739943	0x00339943	8b 93 d4 82 01 00               	mov     	edx, dword ptr [ebx + 0x182d4]
0x00739949	0x00339949	83 c4 08                        	add     	esp, 8
0x0073994C	0x0033994C	85 d2                           	test    	edx, edx
0x0073994E	0x0033994E	75 01                           	jne     	0x739951
0x00739950	0x00339950	cc                              	int3    	
0x00739951	0x00339951	8b 8b d8 82 01 00               	mov     	ecx, dword ptr [ebx + 0x182d8]
0x00739957	0x00339957	8b c2                           	mov     	eax, edx
0x00739959	0x00339959	d3 e8                           	shr     	eax, cl
0x0073995B	0x0033995B	8b 8b dc 82 01 00               	mov     	ecx, dword ptr [ebx + 0x182dc]
0x00739961	0x00339961	33 c2                           	xor     	eax, edx
0x00739963	0x00339963	8b f0                           	mov     	esi, eax
0x00739965	0x00339965	d3 e6                           	shl     	esi, cl
0x00739967	0x00339967	8b 8b e0 82 01 00               	mov     	ecx, dword ptr [ebx + 0x182e0]
0x0073996D	0x0033996D	33 f0                           	xor     	esi, eax
0x0073996F	0x0033996F	8b d6                           	mov     	edx, esi
0x00739971	0x00339971	d3 ea                           	shr     	edx, cl
0x00739973	0x00339973	8b cf                           	mov     	ecx, edi
0x00739975	0x00339975	33 d6                           	xor     	edx, esi
0x00739977	0x00339977	89 93 d4 82 01 00               	mov     	dword ptr [ebx + 0x182d4], edx
0x0073997D	0x0033997D	e8 fe f6 ff ff                  	call    	0x739080
0x00739982	0x00339982	8b f0                           	mov     	esi, eax
0x00739984	0x00339984	85 f6                           	test    	esi, esi
0x00739986	0x00339986	0f 84 42 fb ff ff               	je      	0x7394ce
0x0073998C	0x0033998C	8b 8d 20 ff ff ff               	mov     	ecx, dword ptr [ebp - 0xe0]
0x00739992	0x00339992	8d 46 38                        	lea     	eax, [esi + 0x38]
0x00739995	0x00339995	6a 00                           	push    	0
0x00739997	0x00339997	50                              	push    	eax
0x00739998	0x00339998	ff 76 48                        	push    	dword ptr [esi + 0x48]
0x0073999B	0x0033999B	e8 70 55 27 00                  	call    	0x9aef10
0x007399A0	0x003399A0	8b 8b cc 82 01 00               	mov     	ecx, dword ptr [ebx + 0x182cc]
0x007399A6	0x003399A6	89 85 14 ff ff ff               	mov     	dword ptr [ebp - 0xec], eax
0x007399AC	0x003399AC	89 8b 14 83 01 00               	mov     	dword ptr [ebx + 0x18314], ecx
0x007399B2	0x003399B2	85 c0                           	test    	eax, eax
0x007399B4	0x003399B4	0f 84 4c 35 00 00               	je      	0x73cf06
0x007399BA	0x003399BA	6a 00                           	push    	0
0x007399BC	0x003399BC	51                              	push    	ecx
0x007399BD	0x003399BD	ff b3 d4 82 01 00               	push    	dword ptr [ebx + 0x182d4]
0x007399C3	0x003399C3	8b cb                           	mov     	ecx, ebx
0x007399C5	0x003399C5	56                              	push    	esi
0x007399C6	0x003399C6	50                              	push    	eax
0x007399C7	0x003399C7	e8 e4 f0 ff ff                  	call    	0x738ab0
0x007399CC	0x003399CC	8b 85 08 ff ff ff               	mov     	eax, dword ptr [ebp - 0xf8]
0x007399D2	0x003399D2	f3 0f 7e 05 6c f6 b1 00         	movq    	xmm0, qword ptr [0xb1f66c]
0x007399DA	0x003399DA	89 83 d4 82 01 00               	mov     	dword ptr [ebx + 0x182d4], eax
0x007399E0	0x003399E0	a1 74 f6 b1 00                  	mov     	eax, dword ptr [0xb1f674]
0x007399E5	0x003399E5	66 0f d6 83 d8 82 01 00         	movq    	qword ptr [ebx + 0x182d8], xmm0
0x007399ED	0x003399ED	89 83 e0 82 01 00               	mov     	dword ptr [ebx + 0x182e0], eax
0x007399F3	0x003399F3	8b 85 14 ff ff ff               	mov     	eax, dword ptr [ebp - 0xec]
0x007399F9	0x003399F9	eb 0a                           	jmp     	0x739a05
0x007399FB	0x003399FB	8b 85 14 ff ff ff               	mov     	eax, dword ptr [ebp - 0xec]
0x00739A01	0x00339A01	85 c0                           	test    	eax, eax
0x00739A03	0x00339A03	74 13                           	je      	0x739a18
0x00739A05	0x00339A05	51                              	push    	ecx
0x00739A06	0x00339A06	8b 8d 20 ff ff ff               	mov     	ecx, dword ptr [ebp - 0xe0]
0x00739A0C	0x00339A0C	50                              	push    	eax
0x00739A0D	0x00339A0D	e8 4e 7e 27 00                  	call    	0x9b1860
0x00739A12	0x00339A12	8b 1d 78 16 c7 00               	mov     	ebx, dword ptr [0xc71678]
0x00739A18	0x00339A18	8b bd 2c ff ff ff               	mov     	edi, dword ptr [ebp - 0xd4]
0x00739A1E	0x00339A1E	8b b5 e4 fe ff ff               	mov     	esi, dword ptr [ebp - 0x11c]
0x00739A24	0x00339A24	8d 85 08 ff ff ff               	lea     	eax, [ebp - 0xf8]
0x00739A2A	0x00339A2A	50                              	push    	eax
0x00739A2B	0x00339A2B	8d 85 fc fe ff ff               	lea     	eax, [ebp - 0x104]
0x00739A31	0x00339A31	c7 85 08 ff ff ff 08 00 00 00   	mov     	dword ptr [ebp - 0xf8], 8
0x00739A3B	0x00339A3B	50                              	push    	eax
0x00739A3C	0x00339A3C	8b ce                           	mov     	ecx, esi
0x00739A3E	0x00339A3E	e8 5d ee ce ff                  	call    	0x4288a0
0x00739A43	0x00339A43	8b 85 04 ff ff ff               	mov     	eax, dword ptr [ebp - 0xfc]
0x00739A49	0x00339A49	80 78 0d 00                     	cmp     	byte ptr [eax + 0xd], 0
0x00739A4D	0x00339A4D	75 0e                           	jne     	0x739a5d
0x00739A4F	0x00339A4F	83 78 10 08                     	cmp     	dword ptr [eax + 0x10], 8
0x00739A53	0x00339A53	7f 08                           	jg      	0x739a5d
0x00739A55	0x00339A55	3b 06                           	cmp     	eax, dword ptr [esi]
0x00739A57	0x00339A57	0f 85 52 01 00 00               	jne     	0x739baf
0x00739A5D	0x00339A5D	8b 97 d4 82 01 00               	mov     	edx, dword ptr [edi + 0x182d4]
0x00739A63	0x00339A63	85 d2                           	test    	edx, edx
0x00739A65	0x00339A65	75 20                           	jne     	0x739a87
0x00739A67	0x00339A67	68 54 bf b6 00                  	push    	0xb6bf54
0x00739A6C	0x00339A6C	6a 10                           	push    	0x10
0x00739A6E	0x00339A6E	e8 4d 78 2d 00                  	call    	0xa112c0
0x00739A73	0x00339A73	8b 97 d4 82 01 00               	mov     	edx, dword ptr [edi + 0x182d4]
0x00739A79	0x00339A79	83 c4 08                        	add     	esp, 8
0x00739A7C	0x00339A7C	8b 1d 78 16 c7 00               	mov     	ebx, dword ptr [0xc71678]
0x00739A82	0x00339A82	85 d2                           	test    	edx, edx
0x00739A84	0x00339A84	75 01                           	jne     	0x739a87
0x00739A86	0x00339A86	cc                              	int3    	
0x00739A87	0x00339A87	8b 8f d8 82 01 00               	mov     	ecx, dword ptr [edi + 0x182d8]
0x00739A8D	0x00339A8D	8b c2                           	mov     	eax, edx
0x00739A8F	0x00339A8F	f3 0f 7e 05 34 f5 b1 00         	movq    	xmm0, qword ptr [0xb1f534]
0x00739A97	0x00339A97	d3 e8                           	shr     	eax, cl
0x00739A99	0x00339A99	8b 8f dc 82 01 00               	mov     	ecx, dword ptr [edi + 0x182dc]
0x00739A9F	0x00339A9F	33 c2                           	xor     	eax, edx
0x00739AA1	0x00339AA1	8b d0                           	mov     	edx, eax
0x00739AA3	0x00339AA3	66 0f d6 85 48 ff ff ff         	movq    	qword ptr [ebp - 0xb8], xmm0
0x00739AAB	0x00339AAB	d3 e2                           	shl     	edx, cl
0x00739AAD	0x00339AAD	8b 8f e0 82 01 00               	mov     	ecx, dword ptr [edi + 0x182e0]
0x00739AB3	0x00339AB3	33 d0                           	xor     	edx, eax
0x00739AB5	0x00339AB5	a1 3c f5 b1 00                  	mov     	eax, dword ptr [0xb1f53c]
0x00739ABA	0x00339ABA	8b f2                           	mov     	esi, edx
0x00739ABC	0x00339ABC	d3 ee                           	shr     	esi, cl
0x00739ABE	0x00339ABE	8d 8b a8 ba 01 00               	lea     	ecx, [ebx + 0x1baa8]
0x00739AC4	0x00339AC4	33 f2                           	xor     	esi, edx
0x00739AC6	0x00339AC6	89 85 08 ff ff ff               	mov     	dword ptr [ebp - 0xf8], eax
0x00739ACC	0x00339ACC	89 b7 d4 82 01 00               	mov     	dword ptr [edi + 0x182d4], esi
0x00739AD2	0x00339AD2	bf 01 00 00 00                  	mov     	edi, 1
0x00739AD7	0x00339AD7	57                              	push    	edi
0x00739AD8	0x00339AD8	51                              	push    	ecx
0x00739AD9	0x00339AD9	68 4d 02 00 00                  	push    	0x24d
0x00739ADE	0x00339ADE	e8 9d 45 28 00                  	call    	0x9be080
0x00739AE3	0x00339AE3	85 c0                           	test    	eax, eax
0x00739AE5	0x00339AE5	b8 02 00 00 00                  	mov     	eax, 2
0x00739AEA	0x00339AEA	0f 45 f8                        	cmovne  	edi, eax
0x00739AED	0x00339AED	89 bd 14 ff ff ff               	mov     	dword ptr [ebp - 0xec], edi
0x00739AF3	0x00339AF3	33 ff                           	xor     	edi, edi
0x00739AF5	0x00339AF5	66 66 66 0f 1f 84 00 00 00 00 00	nop     	word ptr [eax + eax]
0x00739B00	0x00339B00	c7 85 30 ff ff ff 00 00 00 00   	mov     	dword ptr [ebp - 0xd0], 0
0x00739B0A	0x00339B0A	85 f6                           	test    	esi, esi
0x00739B0C	0x00339B0C	75 10                           	jne     	0x739b1e
0x00739B0E	0x00339B0E	68 54 bf b6 00                  	push    	0xb6bf54
0x00739B13	0x00339B13	6a 10                           	push    	0x10
0x00739B15	0x00339B15	e8 a6 77 2d 00                  	call    	0xa112c0
0x00739B1A	0x00339B1A	83 c4 08                        	add     	esp, 8
0x00739B1D	0x00339B1D	cc                              	int3    	
0x00739B1E	0x00339B1E	8b 8d 48 ff ff ff               	mov     	ecx, dword ptr [ebp - 0xb8]
0x00739B24	0x00339B24	8b d6                           	mov     	edx, esi
0x00739B26	0x00339B26	d3 ea                           	shr     	edx, cl
0x00739B28	0x00339B28	8b 8d 4c ff ff ff               	mov     	ecx, dword ptr [ebp - 0xb4]
0x00739B2E	0x00339B2E	33 d6                           	xor     	edx, esi
0x00739B30	0x00339B30	6a ff                           	push    	-1
0x00739B32	0x00339B32	8b c2                           	mov     	eax, edx
0x00739B34	0x00339B34	d3 e0                           	shl     	eax, cl
0x00739B36	0x00339B36	8b 8d 08 ff ff ff               	mov     	ecx, dword ptr [ebp - 0xf8]
0x00739B3C	0x00339B3C	33 c2                           	xor     	eax, edx
0x00739B3E	0x00339B3E	6a ff                           	push    	-1
0x00739B40	0x00339B40	8b f0                           	mov     	esi, eax
0x00739B42	0x00339B42	d3 ee                           	shr     	esi, cl
0x00739B44	0x00339B44	8b 8d 24 ff ff ff               	mov     	ecx, dword ptr [ebp - 0xdc]
0x00739B4A	0x00339B4A	33 f0                           	xor     	esi, eax
0x00739B4C	0x00339B4C	8d 85 30 ff ff ff               	lea     	eax, [ebp - 0xd0]
0x00739B52	0x00339B52	50                              	push    	eax
0x00739B53	0x00339B53	6a 0a                           	push    	0xa
0x00739B55	0x00339B55	6a 01                           	push    	1
0x00739B57	0x00339B57	6a ff                           	push    	-1
0x00739B59	0x00339B59	6a 00                           	push    	0
0x00739B5B	0x00339B5B	6a 0d                           	push    	0xd
0x00739B5D	0x00339B5D	6a 08                           	push    	8
0x00739B5F	0x00339B5F	6a 00                           	push    	0
0x00739B61	0x00339B61	6a 01                           	push    	1
0x00739B63	0x00339B63	56                              	push    	esi
0x00739B64	0x00339B64	e8 67 2c 0f 00                  	call    	0x82c7d0
0x00739B69	0x00339B69	8b d8                           	mov     	ebx, eax
0x00739B6B	0x00339B6B	8d 4b 38                        	lea     	ecx, [ebx + 0x38]
0x00739B6E	0x00339B6E	51                              	push    	ecx
0x00739B6F	0x00339B6F	ff 73 48                        	push    	dword ptr [ebx + 0x48]
0x00739B72	0x00339B72	8b 8d 20 ff ff ff               	mov     	ecx, dword ptr [ebp - 0xe0]
0x00739B78	0x00339B78	e8 63 45 27 00                  	call    	0x9ae0e0
0x00739B7D	0x00339B7D	85 c0                           	test    	eax, eax
0x00739B7F	0x00339B7F	74 20                           	je      	0x739ba1
0x00739B81	0x00339B81	6a 00                           	push    	0
0x00739B83	0x00339B83	51                              	push    	ecx
0x00739B84	0x00339B84	8b 8d 2c ff ff ff               	mov     	ecx, dword ptr [ebp - 0xd4]
0x00739B8A	0x00339B8A	56                              	push    	esi
0x00739B8B	0x00339B8B	53                              	push    	ebx
0x00739B8C	0x00339B8C	50                              	push    	eax
0x00739B8D	0x00339B8D	e8 1e ef ff ff                  	call    	0x738ab0
0x00739B92	0x00339B92	47                              	inc     	edi
0x00739B93	0x00339B93	3b bd 14 ff ff ff               	cmp     	edi, dword ptr [ebp - 0xec]
0x00739B99	0x00339B99	0f 8c 61 ff ff ff               	jl      	0x739b00
0x00739B9F	0x00339B9F	eb 08                           	jmp     	0x739ba9
0x00739BA1	0x00339BA1	85 ff                           	test    	edi, edi
0x00739BA3	0x00339BA3	0f 84 5d 33 00 00               	je      	0x73cf06
0x00739BA9	0x00339BA9	8b 1d 78 16 c7 00               	mov     	ebx, dword ptr [0xc71678]
0x00739BAF	0x00339BAF	8b b5 2c ff ff ff               	mov     	esi, dword ptr [ebp - 0xd4]
0x00739BB5	0x00339BB5	8b 96 d4 82 01 00               	mov     	edx, dword ptr [esi + 0x182d4]
0x00739BBB	0x00339BBB	8d be d4 82 01 00               	lea     	edi, [esi + 0x182d4]
0x00739BC1	0x00339BC1	89 bd dc fe ff ff               	mov     	dword ptr [ebp - 0x124], edi
0x00739BC7	0x00339BC7	85 d2                           	test    	edx, edx
0x00739BC9	0x00339BC9	75 1c                           	jne     	0x739be7
0x00739BCB	0x00339BCB	68 54 bf b6 00                  	push    	0xb6bf54
0x00739BD0	0x00339BD0	6a 10                           	push    	0x10
0x00739BD2	0x00339BD2	e8 e9 76 2d 00                  	call    	0xa112c0
0x00739BD7	0x00339BD7	8b 17                           	mov     	edx, dword ptr [edi]
0x00739BD9	0x00339BD9	83 c4 08                        	add     	esp, 8
0x00739BDC	0x00339BDC	8b 1d 78 16 c7 00               	mov     	ebx, dword ptr [0xc71678]
0x00739BE2	0x00339BE2	85 d2                           	test    	edx, edx
0x00739BE4	0x00339BE4	75 01                           	jne     	0x739be7
0x00739BE6	0x00339BE6	cc                              	int3    	
0x00739BE7	0x00339BE7	8b 4f 04                        	mov     	ecx, dword ptr [edi + 4]
0x00739BEA	0x00339BEA	8b c2                           	mov     	eax, edx
0x00739BEC	0x00339BEC	d3 e8                           	shr     	eax, cl
0x00739BEE	0x00339BEE	8b 4f 08                        	mov     	ecx, dword ptr [edi + 8]
0x00739BF1	0x00339BF1	33 c2                           	xor     	eax, edx
0x00739BF3	0x00339BF3	8b d0                           	mov     	edx, eax
0x00739BF5	0x00339BF5	d3 e2                           	shl     	edx, cl
0x00739BF7	0x00339BF7	8b 4f 0c                        	mov     	ecx, dword ptr [edi + 0xc]
0x00739BFA	0x00339BFA	33 d0                           	xor     	edx, eax
0x00739BFC	0x00339BFC	8b c2                           	mov     	eax, edx
0x00739BFE	0x00339BFE	d3 e8                           	shr     	eax, cl
0x00739C00	0x00339C00	33 c2                           	xor     	eax, edx
0x00739C02	0x00339C02	89 85 08 ff ff ff               	mov     	dword ptr [ebp - 0xf8], eax
0x00739C08	0x00339C08	89 07                           	mov     	dword ptr [edi], eax
0x00739C0A	0x00339C0A	8b 06                           	mov     	eax, dword ptr [esi]
0x00739C0C	0x00339C0C	83 f8 07                        	cmp     	eax, 7
0x00739C0F	0x00339C0F	7c 76                           	jl      	0x739c87
0x00739C11	0x00339C11	83 f8 09                        	cmp     	eax, 9
0x00739C14	0x00339C14	7d 17                           	jge     	0x739c2d
0x00739C16	0x00339C16	8d 8b a8 ba 01 00               	lea     	ecx, [ebx + 0x1baa8]
0x00739C1C	0x00339C1C	6a 6e                           	push    	0x6e
0x00739C1E	0x00339C1E	e8 8d 23 d1 ff                  	call    	0x44bfb0
0x00739C23	0x00339C23	84 c0                           	test    	al, al
0x00739C25	0x00339C25	75 5a                           	jne     	0x739c81
0x00739C27	0x00339C27	8b 1d 78 16 c7 00               	mov     	ebx, dword ptr [0xc71678]
0x00739C2D	0x00339C2D	83 3e 0a                        	cmp     	dword ptr [esi], 0xa
0x00739C30	0x00339C30	0f 85 8d 06 00 00               	jne     	0x73a2c3
0x00739C36	0x00339C36	83 7e 04 00                     	cmp     	dword ptr [esi + 4], 0
0x00739C3A	0x00339C3A	75 1a                           	jne     	0x739c56
0x00739C3C	0x00339C3C	8d 8b a8 ba 01 00               	lea     	ecx, [ebx + 0x1baa8]
0x00739C42	0x00339C42	68 a1 00 00 00                  	push    	0xa1
0x00739C47	0x00339C47	e8 64 23 d1 ff                  	call    	0x44bfb0
0x00739C4C	0x00339C4C	84 c0                           	test    	al, al
0x00739C4E	0x00339C4E	75 31                           	jne     	0x739c81
0x00739C50	0x00339C50	8b 1d 78 16 c7 00               	mov     	ebx, dword ptr [0xc71678]
0x00739C56	0x00339C56	83 3e 0a                        	cmp     	dword ptr [esi], 0xa
0x00739C59	0x00339C59	0f 85 64 06 00 00               	jne     	0x73a2c3
0x00739C5F	0x00339C5F	83 7e 04 01                     	cmp     	dword ptr [esi + 4], 1
0x00739C63	0x00339C63	0f 85 5a 06 00 00               	jne     	0x73a2c3
0x00739C69	0x00339C69	8d 8b a8 ba 01 00               	lea     	ecx, [ebx + 0x1baa8]
0x00739C6F	0x00339C6F	68 9b 00 00 00                  	push    	0x9b
0x00739C74	0x00339C74	e8 37 23 d1 ff                  	call    	0x44bfb0
0x00739C79	0x00339C79	84 c0                           	test    	al, al
0x00739C7B	0x00339C7B	0f 84 3c 06 00 00               	je      	0x73a2bd
0x00739C81	0x00339C81	8b 1d 78 16 c7 00               	mov     	ebx, dword ptr [0xc71678]
0x00739C87	0x00339C87	8b 8d e4 fe ff ff               	mov     	ecx, dword ptr [ebp - 0x11c]
0x00739C8D	0x00339C8D	8d 85 30 ff ff ff               	lea     	eax, [ebp - 0xd0]
0x00739C93	0x00339C93	50                              	push    	eax
0x00739C94	0x00339C94	8d 85 fc fe ff ff               	lea     	eax, [ebp - 0x104]
0x00739C9A	0x00339C9A	c7 85 30 ff ff ff 02 00 00 00   	mov     	dword ptr [ebp - 0xd0], 2
0x00739CA4	0x00339CA4	50                              	push    	eax
0x00739CA5	0x00339CA5	e8 f6 eb ce ff                  	call    	0x4288a0
0x00739CAA	0x00339CAA	8b 85 04 ff ff ff               	mov     	eax, dword ptr [ebp - 0xfc]
0x00739CB0	0x00339CB0	80 78 0d 00                     	cmp     	byte ptr [eax + 0xd], 0
0x00739CB4	0x00339CB4	75 14                           	jne     	0x739cca
0x00739CB6	0x00339CB6	83 78 10 02                     	cmp     	dword ptr [eax + 0x10], 2
0x00739CBA	0x00339CBA	7f 0e                           	jg      	0x739cca
0x00739CBC	0x00339CBC	8b 8d e4 fe ff ff               	mov     	ecx, dword ptr [ebp - 0x11c]
0x00739CC2	0x00339CC2	3b 01                           	cmp     	eax, dword ptr [ecx]
0x00739CC4	0x00339CC4	0f 85 f9 05 00 00               	jne     	0x73a2c3
0x00739CCA	0x00339CCA	83 bb 74 67 02 00 03            	cmp     	dword ptr [ebx + 0x26774], 3
0x00739CD1	0x00339CD1	0f 8d ec 05 00 00               	jge     	0x73a2c3
0x00739CD7	0x00339CD7	a1 9c 16 c7 00                  	mov     	eax, dword ptr [0xc7169c]
0x00739CDC	0x00339CDC	80 b8 e3 00 00 00 00            	cmp     	byte ptr [eax + 0xe3], 0
0x00739CE3	0x00339CE3	75 1f                           	jne     	0x739d04
0x00739CE5	0x00339CE5	83 78 08 02                     	cmp     	dword ptr [eax + 8], 2
0x00739CE9	0x00339CE9	75 12                           	jne     	0x739cfd
0x00739CEB	0x00339CEB	83 bb 30 66 02 00 00            	cmp     	dword ptr [ebx + 0x26630], 0
0x00739CF2	0x00339CF2	77 10                           	ja      	0x739d04
0x00739CF4	0x00339CF4	80 bb 89 65 02 00 00            	cmp     	byte ptr [ebx + 0x26589], 0
0x00739CFB	0x00339CFB	75 07                           	jne     	0x739d04
0x00739CFD	0x00339CFD	ba 01 00 00 00                  	mov     	edx, 1
0x00739D02	0x00339D02	eb 05                           	jmp     	0x739d09
0x00739D04	0x00339D04	ba 02 00 00 00                  	mov     	edx, 2
0x00739D09	0x00339D09	80 b8 e4 00 00 00 00            	cmp     	byte ptr [eax + 0xe4], 0
0x00739D10	0x00339D10	89 95 28 ff ff ff               	mov     	dword ptr [ebp - 0xd8], edx
0x00739D16	0x00339D16	75 1f                           	jne     	0x739d37
0x00739D18	0x00339D18	83 78 08 02                     	cmp     	dword ptr [eax + 8], 2
0x00739D1C	0x00339D1C	75 12                           	jne     	0x739d30
0x00739D1E	0x00339D1E	83 bb 30 66 02 00 00            	cmp     	dword ptr [ebx + 0x26630], 0
0x00739D25	0x00339D25	77 10                           	ja      	0x739d37
0x00739D27	0x00339D27	80 bb 89 65 02 00 00            	cmp     	byte ptr [ebx + 0x26589], 0
0x00739D2E	0x00339D2E	75 07                           	jne     	0x739d37
0x00739D30	0x00339D30	b9 01 00 00 00                  	mov     	ecx, 1
0x00739D35	0x00339D35	eb 05                           	jmp     	0x739d3c
0x00739D37	0x00339D37	b9 02 00 00 00                  	mov     	ecx, 2
0x00739D3C	0x00339D3C	80 b8 e5 00 00 00 00            	cmp     	byte ptr [eax + 0xe5], 0
0x00739D43	0x00339D43	89 8d 1c ff ff ff               	mov     	dword ptr [ebp - 0xe4], ecx
0x00739D49	0x00339D49	75 18                           	jne     	0x739d63
0x00739D4B	0x00339D4B	83 78 08 02                     	cmp     	dword ptr [eax + 8], 2
0x00739D4F	0x00339D4F	75 19                           	jne     	0x739d6a
0x00739D51	0x00339D51	83 bb 30 66 02 00 00            	cmp     	dword ptr [ebx + 0x26630], 0
0x00739D58	0x00339D58	77 09                           	ja      	0x739d63
0x00739D5A	0x00339D5A	80 bb 89 65 02 00 00            	cmp     	byte ptr [ebx + 0x26589], 0
0x00739D61	0x00339D61	74 07                           	je      	0x739d6a
0x00739D63	0x00339D63	42                              	inc     	edx
0x00739D64	0x00339D64	89 95 28 ff ff ff               	mov     	dword ptr [ebp - 0xd8], edx
0x00739D6A	0x00339D6A	80 b8 e6 00 00 00 00            	cmp     	byte ptr [eax + 0xe6], 0
0x00739D71	0x00339D71	75 18                           	jne     	0x739d8b
0x00739D73	0x00339D73	83 78 08 02                     	cmp     	dword ptr [eax + 8], 2
0x00739D77	0x00339D77	75 19                           	jne     	0x739d92
0x00739D79	0x00339D79	83 bb 30 66 02 00 00            	cmp     	dword ptr [ebx + 0x26630], 0
0x00739D80	0x00339D80	77 09                           	ja      	0x739d8b
0x00739D82	0x00339D82	80 bb 89 65 02 00 00            	cmp     	byte ptr [ebx + 0x26589], 0
0x00739D89	0x00339D89	74 07                           	je      	0x739d92
0x00739D8B	0x00339D8B	41                              	inc     	ecx
0x00739D8C	0x00339D8C	89 8d 1c ff ff ff               	mov     	dword ptr [ebp - 0xe4], ecx
0x00739D92	0x00339D92	8b 17                           	mov     	edx, dword ptr [edi]
0x00739D94	0x00339D94	85 d2                           	test    	edx, edx
0x00739D96	0x00339D96	75 1c                           	jne     	0x739db4
0x00739D98	0x00339D98	68 54 bf b6 00                  	push    	0xb6bf54
0x00739D9D	0x00339D9D	6a 10                           	push    	0x10
0x00739D9F	0x00339D9F	e8 1c 75 2d 00                  	call    	0xa112c0
0x00739DA4	0x00339DA4	8b 17                           	mov     	edx, dword ptr [edi]
0x00739DA6	0x00339DA6	83 c4 08                        	add     	esp, 8
0x00739DA9	0x00339DA9	8b 1d 78 16 c7 00               	mov     	ebx, dword ptr [0xc71678]
0x00739DAF	0x00339DAF	85 d2                           	test    	edx, edx
0x00739DB1	0x00339DB1	75 01                           	jne     	0x739db4
0x00739DB3	0x00339DB3	cc                              	int3    	
0x00739DB4	0x00339DB4	8b 4f 04                        	mov     	ecx, dword ptr [edi + 4]
0x00739DB7	0x00339DB7	8b c2                           	mov     	eax, edx
0x00739DB9	0x00339DB9	f3 0f 7e 05 ac f5 b1 00         	movq    	xmm0, qword ptr [0xb1f5ac]
0x00739DC1	0x00339DC1	d3 e8                           	shr     	eax, cl
0x00739DC3	0x00339DC3	8b 4f 08                        	mov     	ecx, dword ptr [edi + 8]
0x00739DC6	0x00339DC6	33 c2                           	xor     	eax, edx
0x00739DC8	0x00339DC8	8b d0                           	mov     	edx, eax
0x00739DCA	0x00339DCA	66 0f d6 85 fc fe ff ff         	movq    	qword ptr [ebp - 0x104], xmm0
0x00739DD2	0x00339DD2	d3 e2                           	shl     	edx, cl
0x00739DD4	0x00339DD4	8b 4f 0c                        	mov     	ecx, dword ptr [edi + 0xc]
0x00739DD7	0x00339DD7	33 d0                           	xor     	edx, eax
0x00739DD9	0x00339DD9	a1 b4 f5 b1 00                  	mov     	eax, dword ptr [0xb1f5b4]
0x00739DDE	0x00339DDE	8b f2                           	mov     	esi, edx
0x00739DE0	0x00339DE0	d3 ee                           	shr     	esi, cl
0x00739DE2	0x00339DE2	33 f2                           	xor     	esi, edx
0x00739DE4	0x00339DE4	89 85 14 ff ff ff               	mov     	dword ptr [ebp - 0xec], eax
0x00739DEA	0x00339DEA	89 37                           	mov     	dword ptr [edi], esi
0x00739DEC	0x00339DEC	75 16                           	jne     	0x739e04
0x00739DEE	0x00339DEE	68 54 bf b6 00                  	push    	0xb6bf54
0x00739DF3	0x00339DF3	6a 10                           	push    	0x10
0x00739DF5	0x00339DF5	e8 c6 74 2d 00                  	call    	0xa112c0
0x00739DFA	0x00339DFA	83 c4 08                        	add     	esp, 8
0x00739DFD	0x00339DFD	cc                              	int3    	
0x00739DFE	0x00339DFE	8b 1d 78 16 c7 00               	mov     	ebx, dword ptr [0xc71678]
0x00739E04	0x00339E04	8b 8d fc fe ff ff               	mov     	ecx, dword ptr [ebp - 0x104]
0x00739E0A	0x00339E0A	8b d6                           	mov     	edx, esi
0x00739E0C	0x00339E0C	d3 ea                           	shr     	edx, cl
0x00739E0E	0x00339E0E	8b 8d 00 ff ff ff               	mov     	ecx, dword ptr [ebp - 0x100]
0x00739E14	0x00339E14	33 d6                           	xor     	edx, esi
0x00739E16	0x00339E16	8b c2                           	mov     	eax, edx
0x00739E18	0x00339E18	d3 e0                           	shl     	eax, cl
0x00739E1A	0x00339E1A	8b 8d 14 ff ff ff               	mov     	ecx, dword ptr [ebp - 0xec]
0x00739E20	0x00339E20	33 c2                           	xor     	eax, edx
0x00739E22	0x00339E22	8b f0                           	mov     	esi, eax
0x00739E24	0x00339E24	33 d2                           	xor     	edx, edx
0x00739E26	0x00339E26	d3 ee                           	shr     	esi, cl
0x00739E28	0x00339E28	33 f0                           	xor     	esi, eax
0x00739E2A	0x00339E2A	8b c6                           	mov     	eax, esi
0x00739E2C	0x00339E2C	f7 b5 28 ff ff ff               	div     	dword ptr [ebp - 0xd8]
0x00739E32	0x00339E32	89 95 d4 fe ff ff               	mov     	dword ptr [ebp - 0x12c], edx
0x00739E38	0x00339E38	85 f6                           	test    	esi, esi
0x00739E3A	0x00339E3A	75 16                           	jne     	0x739e52
0x00739E3C	0x00339E3C	68 54 bf b6 00                  	push    	0xb6bf54
0x00739E41	0x00339E41	6a 10                           	push    	0x10
0x00739E43	0x00339E43	e8 78 74 2d 00                  	call    	0xa112c0
0x00739E48	0x00339E48	83 c4 08                        	add     	esp, 8
0x00739E4B	0x00339E4B	cc                              	int3    	
0x00739E4C	0x00339E4C	8b 1d 78 16 c7 00               	mov     	ebx, dword ptr [0xc71678]
0x00739E52	0x00339E52	8b 8d fc fe ff ff               	mov     	ecx, dword ptr [ebp - 0x104]
0x00739E58	0x00339E58	8b c6                           	mov     	eax, esi
0x00739E5A	0x00339E5A	d3 e8                           	shr     	eax, cl
0x00739E5C	0x00339E5C	8b 8d 00 ff ff ff               	mov     	ecx, dword ptr [ebp - 0x100]
0x00739E62	0x00339E62	33 c6                           	xor     	eax, esi
0x00739E64	0x00339E64	8b d0                           	mov     	edx, eax
0x00739E66	0x00339E66	8b b5 d4 fe ff ff               	mov     	esi, dword ptr [ebp - 0x12c]
0x00739E6C	0x00339E6C	d3 e2                           	shl     	edx, cl
0x00739E6E	0x00339E6E	8b 8d 14 ff ff ff               	mov     	ecx, dword ptr [ebp - 0xec]
0x00739E74	0x00339E74	33 d0                           	xor     	edx, eax
0x00739E76	0x00339E76	8b c2                           	mov     	eax, edx
0x00739E78	0x00339E78	d3 e8                           	shr     	eax, cl
0x00739E7A	0x00339E7A	33 c2                           	xor     	eax, edx
0x00739E7C	0x00339E7C	33 d2                           	xor     	edx, edx
0x00739E7E	0x00339E7E	89 85 30 ff ff ff               	mov     	dword ptr [ebp - 0xd0], eax
0x00739E84	0x00339E84	f7 b5 1c ff ff ff               	div     	dword ptr [ebp - 0xe4]
0x00739E8A	0x00339E8A	03 f2                           	add     	esi, edx
0x00739E8C	0x00339E8C	8b 95 30 ff ff ff               	mov     	edx, dword ptr [ebp - 0xd0]
0x00739E92	0x00339E92	85 d2                           	test    	edx, edx
0x00739E94	0x00339E94	75 1c                           	jne     	0x739eb2
0x00739E96	0x00339E96	68 54 bf b6 00                  	push    	0xb6bf54
0x00739E9B	0x00339E9B	6a 10                           	push    	0x10
0x00739E9D	0x00339E9D	e8 1e 74 2d 00                  	call    	0xa112c0
0x00739EA2	0x00339EA2	83 c4 08                        	add     	esp, 8
0x00739EA5	0x00339EA5	cc                              	int3    	
0x00739EA6	0x00339EA6	8b 1d 78 16 c7 00               	mov     	ebx, dword ptr [0xc71678]
0x00739EAC	0x00339EAC	8b 95 30 ff ff ff               	mov     	edx, dword ptr [ebp - 0xd0]
0x00739EB2	0x00339EB2	8b 8d fc fe ff ff               	mov     	ecx, dword ptr [ebp - 0x104]
0x00739EB8	0x00339EB8	8b c2                           	mov     	eax, edx
0x00739EBA	0x00339EBA	d3 e8                           	shr     	eax, cl
0x00739EBC	0x00339EBC	8b 8d 00 ff ff ff               	mov     	ecx, dword ptr [ebp - 0x100]
0x00739EC2	0x00339EC2	33 c2                           	xor     	eax, edx
0x00739EC4	0x00339EC4	8b d0                           	mov     	edx, eax
0x00739EC6	0x00339EC6	d3 e2                           	shl     	edx, cl
0x00739EC8	0x00339EC8	8b 8d 14 ff ff ff               	mov     	ecx, dword ptr [ebp - 0xec]
0x00739ECE	0x00339ECE	33 d0                           	xor     	edx, eax
0x00739ED0	0x00339ED0	8b c2                           	mov     	eax, edx
0x00739ED2	0x00339ED2	d3 e8                           	shr     	eax, cl
0x00739ED4	0x00339ED4	33 c2                           	xor     	eax, edx
0x00739ED6	0x00339ED6	89 85 d4 fe ff ff               	mov     	dword ptr [ebp - 0x12c], eax
0x00739EDC	0x00339EDC	83 e0 01                        	and     	eax, 1
0x00739EDF	0x00339EDF	74 10                           	je      	0x739ef1
0x00739EE1	0x00339EE1	8b 83 c8 69 02 00               	mov     	eax, dword ptr [ebx + 0x269c8]
0x00739EE7	0x00339EE7	83 f8 01                        	cmp     	eax, 1
0x00739EEA	0x00339EEA	74 14                           	je      	0x739f00
0x00739EEC	0x00339EEC	83 f8 03                        	cmp     	eax, 3
0x00739EEF	0x00339EEF	74 0f                           	je      	0x739f00
0x00739EF1	0x00339EF1	8b b5 28 ff ff ff               	mov     	esi, dword ptr [ebp - 0xd8]
0x00739EF7	0x00339EF7	83 c6 fe                        	add     	esi, -2
0x00739EFA	0x00339EFA	03 b5 1c ff ff ff               	add     	esi, dword ptr [ebp - 0xe4]
0x00739F00	0x00339F00	8d 8b a8 ba 01 00               	lea     	ecx, [ebx + 0x1baa8]
0x00739F06	0x00339F06	6a 53                           	push    	0x53
0x00739F08	0x00339F08	e8 a3 47 28 00                  	call    	0x9be6b0
0x00739F0D	0x00339F0D	85 c0                           	test    	eax, eax
0x00739F0F	0x00339F0F	74 11                           	je      	0x739f22
0x00739F11	0x00339F11	6a 53                           	push    	0x53
0x00739F13	0x00339F13	8b c8                           	mov     	ecx, eax
0x00739F15	0x00339F15	e8 c6 17 09 00                  	call    	0x7cb6e0
0x00739F1A	0x00339F1A	89 85 1c ff ff ff               	mov     	dword ptr [ebp - 0xe4], eax
0x00739F20	0x00339F20	eb 0a                           	jmp     	0x739f2c
0x00739F22	0x00339F22	c7 85 1c ff ff ff 00 00 00 00   	mov     	dword ptr [ebp - 0xe4], 0
0x00739F2C	0x00339F2C	8b 9d d4 fe ff ff               	mov     	ebx, dword ptr [ebp - 0x12c]
0x00739F32	0x00339F32	85 db                           	test    	ebx, ebx
0x00739F34	0x00339F34	75 10                           	jne     	0x739f46
0x00739F36	0x00339F36	68 54 bf b6 00                  	push    	0xb6bf54
0x00739F3B	0x00339F3B	6a 10                           	push    	0x10
0x00739F3D	0x00339F3D	e8 7e 73 2d 00                  	call    	0xa112c0
0x00739F42	0x00339F42	83 c4 08                        	add     	esp, 8
0x00739F45	0x00339F45	cc                              	int3    	
0x00739F46	0x00339F46	8b 8d fc fe ff ff               	mov     	ecx, dword ptr [ebp - 0x104]
0x00739F4C	0x00339F4C	8b c3                           	mov     	eax, ebx
0x00739F4E	0x00339F4E	d3 e8                           	shr     	eax, cl
0x00739F50	0x00339F50	8b 8d 00 ff ff ff               	mov     	ecx, dword ptr [ebp - 0x100]
0x00739F56	0x00339F56	33 c3                           	xor     	eax, ebx
0x00739F58	0x00339F58	8b d0                           	mov     	edx, eax
0x00739F5A	0x00339F5A	d3 e2                           	shl     	edx, cl
0x00739F5C	0x00339F5C	8b 8d 14 ff ff ff               	mov     	ecx, dword ptr [ebp - 0xec]
0x00739F62	0x00339F62	33 d0                           	xor     	edx, eax
0x00739F64	0x00339F64	8b da                           	mov     	ebx, edx
0x00739F66	0x00339F66	d3 eb                           	shr     	ebx, cl
0x00739F68	0x00339F68	33 da                           	xor     	ebx, edx
0x00739F6A	0x00339F6A	89 9d 30 ff ff ff               	mov     	dword ptr [ebp - 0xd0], ebx
0x00739F70	0x00339F70	0f b6 c3                        	movzx   	eax, bl
0x00739F73	0x00339F73	84 db                           	test    	bl, bl
0x00739F75	0x00339F75	75 15                           	jne     	0x739f8c
0x00739F77	0x00339F77	8b 85 1c ff ff ff               	mov     	eax, dword ptr [ebp - 0xe4]
0x00739F7D	0x00339F7D	83 f8 02                        	cmp     	eax, 2
0x00739F80	0x00339F80	7d 7e                           	jge     	0x73a000
0x00739F82	0x00339F82	be 0b 00 00 00                  	mov     	esi, 0xb
0x00739F87	0x00339F87	e9 aa 00 00 00                  	jmp     	0x73a036
0x00739F8C	0x00339F8C	83 f8 01                        	cmp     	eax, 1
0x00739F8F	0x00339F8F	75 69                           	jne     	0x739ffa
0x00739F91	0x00339F91	83 fe 02                        	cmp     	esi, 2
0x00739F94	0x00339F94	72 64                           	jb      	0x739ffa
0x00739F96	0x00339F96	c7 85 1c ff ff ff 00 00 00 00   	mov     	dword ptr [ebp - 0xe4], 0
0x00739FA0	0x00339FA0	c7 85 28 ff ff ff 00 00 00 00   	mov     	dword ptr [ebp - 0xd8], 0
0x00739FAA	0x00339FAA	be 0a 00 00 00                  	mov     	esi, 0xa
0x00739FAF	0x00339FAF	8b 0d 78 16 c7 00               	mov     	ecx, dword ptr [0xc71678]
0x00739FB5	0x00339FB5	8b 81 a8 ba 01 00               	mov     	eax, dword ptr [ecx + 0x1baa8]
0x00739FBB	0x00339FBB	8b 91 ac ba 01 00               	mov     	edx, dword ptr [ecx + 0x1baac]
0x00739FC1	0x00339FC1	3b c2                           	cmp     	eax, edx
0x00739FC3	0x00339FC3	0f 84 d8 01 00 00               	je      	0x73a1a1
0x00739FC9	0x00339FC9	0f 1f 80 00 00 00 00            	nop     	dword ptr [eax]
0x00739FD0	0x00339FD0	8b 08                           	mov     	ecx, dword ptr [eax]
0x00739FD2	0x00339FD2	83 79 2c 00                     	cmp     	dword ptr [ecx + 0x2c], 0
0x00739FD6	0x00339FD6	75 16                           	jne     	0x739fee
0x00739FD8	0x00339FD8	80 b9 a9 20 00 00 00            	cmp     	byte ptr [ecx + 0x20a9], 0
0x00739FDF	0x00339FDF	75 0d                           	jne     	0x739fee
0x00739FE1	0x00339FE1	83 b9 c0 13 00 00 21            	cmp     	dword ptr [ecx + 0x13c0], 0x21
0x00739FE8	0x00339FE8	0f 84 b0 01 00 00               	je      	0x73a19e
0x00739FEE	0x00339FEE	83 c0 04                        	add     	eax, 4
0x00739FF1	0x00339FF1	3b c2                           	cmp     	eax, edx
0x00739FF3	0x00339FF3	75 db                           	jne     	0x739fd0
0x00739FF5	0x00339FF5	e9 a7 01 00 00                  	jmp     	0x73a1a1
0x00739FFA	0x00339FFA	8b 85 1c ff ff ff               	mov     	eax, dword ptr [ebp - 0xe4]
0x0073A000	0x0033A000	c7 85 1c ff ff ff 00 00 00 00   	mov     	dword ptr [ebp - 0xe4], 0
0x0073A00A	0x0033A00A	c7 85 28 ff ff ff 00 00 00 00   	mov     	dword ptr [ebp - 0xd8], 0
0x0073A014	0x0033A014	83 fe 0a                        	cmp     	esi, 0xa
0x0073A017	0x0033A017	74 96                           	je      	0x739faf
0x0073A019	0x0033A019	c7 85 28 ff ff ff 00 00 00 00   	mov     	dword ptr [ebp - 0xd8], 0
0x0073A023	0x0033A023	c7 85 1c ff ff ff 00 00 00 00   	mov     	dword ptr [ebp - 0xe4], 0
0x0073A02D	0x0033A02D	83 f8 02                        	cmp     	eax, 2
0x0073A030	0x0033A030	0f 8f 03 01 00 00               	jg      	0x73a139
0x0073A036	0x0033A036	8b 0d 78 16 c7 00               	mov     	ecx, dword ptr [0xc71678]
0x0073A03C	0x0033A03C	c7 85 28 ff ff ff 00 00 00 00   	mov     	dword ptr [ebp - 0xd8], 0
0x0073A046	0x0033A046	c7 85 1c ff ff ff 00 00 00 00   	mov     	dword ptr [ebp - 0xe4], 0
0x0073A050	0x0033A050	83 39 0a                        	cmp     	dword ptr [ecx], 0xa
0x0073A053	0x0033A053	0f 85 a3 00 00 00               	jne     	0x73a0fc
0x0073A059	0x0033A059	83 79 04 00                     	cmp     	dword ptr [ecx + 4], 0
0x0073A05D	0x0033A05D	c7 85 1c ff ff ff 00 00 00 00   	mov     	dword ptr [ebp - 0xe4], 0
0x0073A067	0x0033A067	75 41                           	jne     	0x73a0aa
0x0073A069	0x0033A069	81 c1 a8 ba 01 00               	add     	ecx, 0x1baa8
0x0073A06F	0x0033A06F	68 a1 00 00 00                  	push    	0xa1
0x0073A074	0x0033A074	e8 37 46 28 00                  	call    	0x9be6b0
0x0073A079	0x0033A079	8b d8                           	mov     	ebx, eax
0x0073A07B	0x0033A07B	89 9d 1c ff ff ff               	mov     	dword ptr [ebp - 0xe4], ebx
0x0073A081	0x0033A081	85 db                           	test    	ebx, ebx
0x0073A083	0x0033A083	74 1f                           	je      	0x73a0a4
0x0073A085	0x0033A085	68 a1 00 00 00                  	push    	0xa1
0x0073A08A	0x0033A08A	8b cb                           	mov     	ecx, ebx
0x0073A08C	0x0033A08C	c7 85 28 ff ff ff 00 00 00 00   	mov     	dword ptr [ebp - 0xd8], 0
0x0073A096	0x0033A096	e8 45 16 09 00                  	call    	0x7cb6e0
0x0073A09B	0x0033A09B	83 f8 01                        	cmp     	eax, 1
0x0073A09E	0x0033A09E	0f 8f 8f 00 00 00               	jg      	0x73a133
0x0073A0A4	0x0033A0A4	8b 0d 78 16 c7 00               	mov     	ecx, dword ptr [0xc71678]
0x0073A0AA	0x0033A0AA	83 39 0a                        	cmp     	dword ptr [ecx], 0xa
0x0073A0AD	0x0033A0AD	c7 85 28 ff ff ff 00 00 00 00   	mov     	dword ptr [ebp - 0xd8], 0
0x0073A0B7	0x0033A0B7	75 43                           	jne     	0x73a0fc
0x0073A0B9	0x0033A0B9	83 79 04 01                     	cmp     	dword ptr [ecx + 4], 1
0x0073A0BD	0x0033A0BD	c7 85 28 ff ff ff 00 00 00 00   	mov     	dword ptr [ebp - 0xd8], 0
0x0073A0C7	0x0033A0C7	75 33                           	jne     	0x73a0fc
0x0073A0C9	0x0033A0C9	81 c1 a8 ba 01 00               	add     	ecx, 0x1baa8
0x0073A0CF	0x0033A0CF	68 9b 00 00 00                  	push    	0x9b
0x0073A0D4	0x0033A0D4	e8 d7 45 28 00                  	call    	0x9be6b0
0x0073A0D9	0x0033A0D9	8b d8                           	mov     	ebx, eax
0x0073A0DB	0x0033A0DB	89 9d 28 ff ff ff               	mov     	dword ptr [ebp - 0xd8], ebx
0x0073A0E1	0x0033A0E1	85 db                           	test    	ebx, ebx
0x0073A0E3	0x0033A0E3	74 11                           	je      	0x73a0f6
0x0073A0E5	0x0033A0E5	68 9b 00 00 00                  	push    	0x9b
0x0073A0EA	0x0033A0EA	8b cb                           	mov     	ecx, ebx
0x0073A0EC	0x0033A0EC	e8 ef 15 09 00                  	call    	0x7cb6e0
0x0073A0F1	0x0033A0F1	83 f8 01                        	cmp     	eax, 1
0x0073A0F4	0x0033A0F4	7f 3d                           	jg      	0x73a133
0x0073A0F6	0x0033A0F6	8b 0d 78 16 c7 00               	mov     	ecx, dword ptr [0xc71678]
0x0073A0FC	0x0033A0FC	8b 01                           	mov     	eax, dword ptr [ecx]
0x0073A0FE	0x0033A0FE	83 f8 07                        	cmp     	eax, 7
0x0073A101	0x0033A101	74 09                           	je      	0x73a10c
0x0073A103	0x0033A103	83 f8 08                        	cmp     	eax, 8
0x0073A106	0x0033A106	0f 85 a9 fe ff ff               	jne     	0x739fb5
0x0073A10C	0x0033A10C	81 c1 a8 ba 01 00               	add     	ecx, 0x1baa8
0x0073A112	0x0033A112	6a 6e                           	push    	0x6e
0x0073A114	0x0033A114	e8 97 45 28 00                  	call    	0x9be6b0
0x0073A119	0x0033A119	85 c0                           	test    	eax, eax
0x0073A11B	0x0033A11B	0f 84 8e fe ff ff               	je      	0x739faf
0x0073A121	0x0033A121	6a 6e                           	push    	0x6e
0x0073A123	0x0033A123	8b c8                           	mov     	ecx, eax
0x0073A125	0x0033A125	e8 b6 15 09 00                  	call    	0x7cb6e0
0x0073A12A	0x0033A12A	83 f8 01                        	cmp     	eax, 1
0x0073A12D	0x0033A12D	0f 8e 7c fe ff ff               	jle     	0x739faf
0x0073A133	0x0033A133	8b 9d 30 ff ff ff               	mov     	ebx, dword ptr [ebp - 0xd0]
0x0073A139	0x0033A139	83 fe 04                        	cmp     	esi, 4
0x0073A13C	0x0033A13C	0f 84 68 fe ff ff               	je      	0x739faa
0x0073A142	0x0033A142	85 db                           	test    	ebx, ebx
0x0073A144	0x0033A144	75 10                           	jne     	0x73a156
0x0073A146	0x0033A146	68 54 bf b6 00                  	push    	0xb6bf54
0x0073A14B	0x0033A14B	6a 10                           	push    	0x10
0x0073A14D	0x0033A14D	e8 6e 71 2d 00                  	call    	0xa112c0
0x0073A152	0x0033A152	83 c4 08                        	add     	esp, 8
0x0073A155	0x0033A155	cc                              	int3    	
0x0073A156	0x0033A156	8b 8d fc fe ff ff               	mov     	ecx, dword ptr [ebp - 0x104]
0x0073A15C	0x0033A15C	8b c3                           	mov     	eax, ebx
0x0073A15E	0x0033A15E	d3 e8                           	shr     	eax, cl
0x0073A160	0x0033A160	8b 8d 00 ff ff ff               	mov     	ecx, dword ptr [ebp - 0x100]
0x0073A166	0x0033A166	33 c3                           	xor     	eax, ebx
0x0073A168	0x0033A168	8b d0                           	mov     	edx, eax
0x0073A16A	0x0033A16A	d3 e2                           	shl     	edx, cl
0x0073A16C	0x0033A16C	8b 8d 14 ff ff ff               	mov     	ecx, dword ptr [ebp - 0xec]
0x0073A172	0x0033A172	33 d0                           	xor     	edx, eax
0x0073A174	0x0033A174	8b c2                           	mov     	eax, edx
0x0073A176	0x0033A176	d3 e8                           	shr     	eax, cl
0x0073A178	0x0033A178	33 c2                           	xor     	eax, edx
0x0073A17A	0x0033A17A	83 e0 03                        	and     	eax, 3
0x0073A17D	0x0033A17D	0f 84 27 fe ff ff               	je      	0x739faa
0x0073A183	0x0033A183	83 fe 0b                        	cmp     	esi, 0xb
0x0073A186	0x0033A186	75 07                           	jne     	0x73a18f
0x0073A188	0x0033A188	33 f6                           	xor     	esi, esi
0x0073A18A	0x0033A18A	e9 20 fe ff ff                  	jmp     	0x739faf
0x0073A18F	0x0033A18F	83 fe 04                        	cmp     	esi, 4
0x0073A192	0x0033A192	0f 83 17 fe ff ff               	jae     	0x739faf
0x0073A198	0x0033A198	46                              	inc     	esi
0x0073A199	0x0033A199	e9 11 fe ff ff                  	jmp     	0x739faf
0x0073A19E	0x0033A19E	83 c6 64                        	add     	esi, 0x64
0x0073A1A1	0x0033A1A1	8b 17                           	mov     	edx, dword ptr [edi]
0x0073A1A3	0x0033A1A3	c7 85 d4 fe ff ff 00 00 00 00   	mov     	dword ptr [ebp - 0x12c], 0
0x0073A1AD	0x0033A1AD	85 d2                           	test    	edx, edx
0x0073A1AF	0x0033A1AF	75 16                           	jne     	0x73a1c7
0x0073A1B1	0x0033A1B1	68 54 bf b6 00                  	push    	0xb6bf54
0x0073A1B6	0x0033A1B6	6a 10                           	push    	0x10
0x0073A1B8	0x0033A1B8	e8 03 71 2d 00                  	call    	0xa112c0
0x0073A1BD	0x0033A1BD	8b 17                           	mov     	edx, dword ptr [edi]
0x0073A1BF	0x0033A1BF	83 c4 08                        	add     	esp, 8
0x0073A1C2	0x0033A1C2	85 d2                           	test    	edx, edx
0x0073A1C4	0x0033A1C4	75 01                           	jne     	0x73a1c7
0x0073A1C6	0x0033A1C6	cc                              	int3    	
0x0073A1C7	0x0033A1C7	8b 4f 04                        	mov     	ecx, dword ptr [edi + 4]
0x0073A1CA	0x0033A1CA	8b c2                           	mov     	eax, edx
0x0073A1CC	0x0033A1CC	d3 e8                           	shr     	eax, cl
0x0073A1CE	0x0033A1CE	8b 4f 08                        	mov     	ecx, dword ptr [edi + 8]
0x0073A1D1	0x0033A1D1	33 c2                           	xor     	eax, edx
0x0073A1D3	0x0033A1D3	8b d0                           	mov     	edx, eax
0x0073A1D5	0x0033A1D5	6a ff                           	push    	-1
0x0073A1D7	0x0033A1D7	d3 e2                           	shl     	edx, cl
0x0073A1D9	0x0033A1D9	8b 4f 0c                        	mov     	ecx, dword ptr [edi + 0xc]
0x0073A1DC	0x0033A1DC	33 d0                           	xor     	edx, eax
0x0073A1DE	0x0033A1DE	56                              	push    	esi
0x0073A1DF	0x0033A1DF	8b c2                           	mov     	eax, edx
0x0073A1E1	0x0033A1E1	d3 e8                           	shr     	eax, cl
0x0073A1E3	0x0033A1E3	8d 8d d4 fe ff ff               	lea     	ecx, [ebp - 0x12c]
0x0073A1E9	0x0033A1E9	51                              	push    	ecx
0x0073A1EA	0x0033A1EA	8b 8d 24 ff ff ff               	mov     	ecx, dword ptr [ebp - 0xdc]
0x0073A1F0	0x0033A1F0	33 c2                           	xor     	eax, edx
0x0073A1F2	0x0033A1F2	6a 0a                           	push    	0xa
0x0073A1F4	0x0033A1F4	6a 01                           	push    	1
0x0073A1F6	0x0033A1F6	6a ff                           	push    	-1
0x0073A1F8	0x0033A1F8	6a 00                           	push    	0
0x0073A1FA	0x0033A1FA	6a 0d                           	push    	0xd
0x0073A1FC	0x0033A1FC	6a 02                           	push    	2
0x0073A1FE	0x0033A1FE	6a 00                           	push    	0
0x0073A200	0x0033A200	6a 01                           	push    	1
0x0073A202	0x0033A202	50                              	push    	eax
0x0073A203	0x0033A203	89 07                           	mov     	dword ptr [edi], eax
0x0073A205	0x0033A205	e8 c6 25 0f 00                  	call    	0x82c7d0
0x0073A20A	0x0033A20A	8b f0                           	mov     	esi, eax
0x0073A20C	0x0033A20C	8d 4e 38                        	lea     	ecx, [esi + 0x38]
0x0073A20F	0x0033A20F	51                              	push    	ecx
0x0073A210	0x0033A210	ff 76 48                        	push    	dword ptr [esi + 0x48]
0x0073A213	0x0033A213	8b 8d 20 ff ff ff               	mov     	ecx, dword ptr [ebp - 0xe0]
0x0073A219	0x0033A219	e8 c2 3e 27 00                  	call    	0x9ae0e0
0x0073A21E	0x0033A21E	85 c0                           	test    	eax, eax
0x0073A220	0x0033A220	0f 84 e0 2c 00 00               	je      	0x73cf06
0x0073A226	0x0033A226	8b 8d 2c ff ff ff               	mov     	ecx, dword ptr [ebp - 0xd4]
0x0073A22C	0x0033A22C	c7 85 30 ff ff ff 00 00 00 00   	mov     	dword ptr [ebp - 0xd0], 0
0x0073A236	0x0033A236	8b 89 cc 82 01 00               	mov     	ecx, dword ptr [ecx + 0x182cc]
0x0073A23C	0x0033A23C	89 8d d4 fe ff ff               	mov     	dword ptr [ebp - 0x12c], ecx
0x0073A242	0x0033A242	8d 8d 30 ff ff ff               	lea     	ecx, [ebp - 0xd0]
0x0073A248	0x0033A248	51                              	push    	ecx
0x0073A249	0x0033A249	51                              	push    	ecx
0x0073A24A	0x0033A24A	ff 37                           	push    	dword ptr [edi]
0x0073A24C	0x0033A24C	56                              	push    	esi
0x0073A24D	0x0033A24D	8b b5 2c ff ff ff               	mov     	esi, dword ptr [ebp - 0xd4]
0x0073A253	0x0033A253	8b ce                           	mov     	ecx, esi
0x0073A255	0x0033A255	50                              	push    	eax
0x0073A256	0x0033A256	e8 55 e8 ff ff                  	call    	0x738ab0
0x0073A25B	0x0033A25B	8b 1d 78 16 c7 00               	mov     	ebx, dword ptr [0xc71678]
0x0073A261	0x0033A261	83 3b 0a                        	cmp     	dword ptr [ebx], 0xa
0x0073A264	0x0033A264	75 5d                           	jne     	0x73a2c3
0x0073A266	0x0033A266	83 7b 04 00                     	cmp     	dword ptr [ebx + 4], 0
0x0073A26A	0x0033A26A	75 21                           	jne     	0x73a28d
0x0073A26C	0x0033A26C	8b 85 1c ff ff ff               	mov     	eax, dword ptr [ebp - 0xe4]
0x0073A272	0x0033A272	85 c0                           	test    	eax, eax
0x0073A274	0x0033A274	74 17                           	je      	0x73a28d
0x0073A276	0x0033A276	68 a1 00 00 00                  	push    	0xa1
0x0073A27B	0x0033A27B	8b c8                           	mov     	ecx, eax
0x0073A27D	0x0033A27D	e8 5e 14 09 00                  	call    	0x7cb6e0
0x0073A282	0x0033A282	83 f8 02                        	cmp     	eax, 2
0x0073A285	0x0033A285	7f 2c                           	jg      	0x73a2b3
0x0073A287	0x0033A287	8b 1d 78 16 c7 00               	mov     	ebx, dword ptr [0xc71678]
0x0073A28D	0x0033A28D	83 3b 0a                        	cmp     	dword ptr [ebx], 0xa
0x0073A290	0x0033A290	75 31                           	jne     	0x73a2c3
0x0073A292	0x0033A292	83 7b 04 01                     	cmp     	dword ptr [ebx + 4], 1
0x0073A296	0x0033A296	75 2b                           	jne     	0x73a2c3
0x0073A298	0x0033A298	8b 85 28 ff ff ff               	mov     	eax, dword ptr [ebp - 0xd8]
0x0073A29E	0x0033A29E	85 c0                           	test    	eax, eax
0x0073A2A0	0x0033A2A0	74 21                           	je      	0x73a2c3
0x0073A2A2	0x0033A2A2	68 9b 00 00 00                  	push    	0x9b
0x0073A2A7	0x0033A2A7	8b c8                           	mov     	ecx, eax
0x0073A2A9	0x0033A2A9	e8 32 14 09 00                  	call    	0x7cb6e0
0x0073A2AE	0x0033A2AE	83 f8 02                        	cmp     	eax, 2
0x0073A2B1	0x0033A2B1	7e 0a                           	jle     	0x73a2bd
0x0073A2B3	0x0033A2B3	8b 85 30 ff ff ff               	mov     	eax, dword ptr [ebp - 0xd0]
0x0073A2B9	0x0033A2B9	83 48 3c 04                     	or      	dword ptr [eax + 0x3c], 4
0x0073A2BD	0x0033A2BD	8b 1d 78 16 c7 00               	mov     	ebx, dword ptr [0xc71678]
0x0073A2C3	0x0033A2C3	8b 06                           	mov     	eax, dword ptr [esi]
0x0073A2C5	0x0033A2C5	83 f8 07                        	cmp     	eax, 7
0x0073A2C8	0x0033A2C8	7c 6e                           	jl      	0x73a338
0x0073A2CA	0x0033A2CA	83 f8 09                        	cmp     	eax, 9
0x0073A2CD	0x0033A2CD	7d 17                           	jge     	0x73a2e6
0x0073A2CF	0x0033A2CF	8d 8b a8 ba 01 00               	lea     	ecx, [ebx + 0x1baa8]
0x0073A2D5	0x0033A2D5	6a 6f                           	push    	0x6f
0x0073A2D7	0x0033A2D7	e8 d4 1c d1 ff                  	call    	0x44bfb0
0x0073A2DC	0x0033A2DC	84 c0                           	test    	al, al
0x0073A2DE	0x0033A2DE	75 52                           	jne     	0x73a332
0x0073A2E0	0x0033A2E0	8b 1d 78 16 c7 00               	mov     	ebx, dword ptr [0xc71678]
0x0073A2E6	0x0033A2E6	83 3e 0a                        	cmp     	dword ptr [esi], 0xa
0x0073A2E9	0x0033A2E9	0f 85 94 00 00 00               	jne     	0x73a383
0x0073A2EF	0x0033A2EF	83 7e 04 00                     	cmp     	dword ptr [esi + 4], 0
0x0073A2F3	0x0033A2F3	75 1a                           	jne     	0x73a30f
0x0073A2F5	0x0033A2F5	8d 8b a8 ba 01 00               	lea     	ecx, [ebx + 0x1baa8]
0x0073A2FB	0x0033A2FB	68 a1 00 00 00                  	push    	0xa1
0x0073A300	0x0033A300	e8 ab 1c d1 ff                  	call    	0x44bfb0
0x0073A305	0x0033A305	84 c0                           	test    	al, al
0x0073A307	0x0033A307	75 29                           	jne     	0x73a332
0x0073A309	0x0033A309	8b 1d 78 16 c7 00               	mov     	ebx, dword ptr [0xc71678]
0x0073A30F	0x0033A30F	83 3e 0a                        	cmp     	dword ptr [esi], 0xa
0x0073A312	0x0033A312	75 6f                           	jne     	0x73a383
0x0073A314	0x0033A314	83 7e 04 01                     	cmp     	dword ptr [esi + 4], 1
0x0073A318	0x0033A318	75 69                           	jne     	0x73a383
0x0073A31A	0x0033A31A	8d 8b a8 ba 01 00               	lea     	ecx, [ebx + 0x1baa8]
0x0073A320	0x0033A320	68 9b 00 00 00                  	push    	0x9b
0x0073A325	0x0033A325	e8 86 1c d1 ff                  	call    	0x44bfb0
0x0073A32A	0x0033A32A	84 c0                           	test    	al, al
0x0073A32C	0x0033A32C	0f 84 e7 00 00 00               	je      	0x73a419
0x0073A332	0x0033A332	8b 1d 78 16 c7 00               	mov     	ebx, dword ptr [0xc71678]
0x0073A338	0x0033A338	8b 8d e4 fe ff ff               	mov     	ecx, dword ptr [ebp - 0x11c]
0x0073A33E	0x0033A33E	8d 85 30 ff ff ff               	lea     	eax, [ebp - 0xd0]
0x0073A344	0x0033A344	50                              	push    	eax
0x0073A345	0x0033A345	8d 85 fc fe ff ff               	lea     	eax, [ebp - 0x104]
0x0073A34B	0x0033A34B	c7 85 30 ff ff ff 04 00 00 00   	mov     	dword ptr [ebp - 0xd0], 4
0x0073A355	0x0033A355	50                              	push    	eax
0x0073A356	0x0033A356	e8 45 e5 ce ff                  	call    	0x4288a0
0x0073A35B	0x0033A35B	8b 85 04 ff ff ff               	mov     	eax, dword ptr [ebp - 0xfc]
0x0073A361	0x0033A361	80 78 0d 00                     	cmp     	byte ptr [eax + 0xd], 0
0x0073A365	0x0033A365	0f 85 b9 00 00 00               	jne     	0x73a424
0x0073A36B	0x0033A36B	83 78 10 04                     	cmp     	dword ptr [eax + 0x10], 4
0x0073A36F	0x0033A36F	0f 8f af 00 00 00               	jg      	0x73a424
0x0073A375	0x0033A375	8b 8d e4 fe ff ff               	mov     	ecx, dword ptr [ebp - 0x11c]
0x0073A37B	0x0033A37B	3b 01                           	cmp     	eax, dword ptr [ecx]
0x0073A37D	0x0033A37D	0f 84 a1 00 00 00               	je      	0x73a424
0x0073A383	0x0033A383	8b cb                           	mov     	ecx, ebx
0x0073A385	0x0033A385	e8 b6 c5 fc ff                  	call    	0x706940
0x0073A38A	0x0033A38A	83 b8 80 00 00 00 02            	cmp     	dword ptr [eax + 0x80], 2
0x0073A391	0x0033A391	0f 85 58 05 00 00               	jne     	0x73a8ef
0x0073A397	0x0033A397	8b ce                           	mov     	ecx, esi
0x0073A399	0x0033A399	e8 d2 4b 01 00                  	call    	0x74ef70
0x0073A39E	0x0033A39E	84 c0                           	test    	al, al
0x0073A3A0	0x0033A3A0	0f 84 49 05 00 00               	je      	0x73a8ef
0x0073A3A6	0x0033A3A6	8b cf                           	mov     	ecx, edi
0x0073A3A8	0x0033A3A8	c7 85 30 ff ff ff 00 00 00 00   	mov     	dword ptr [ebp - 0xd0], 0
0x0073A3B2	0x0033A3B2	e8 39 ed 0a 00                  	call    	0x7e90f0
0x0073A3B7	0x0033A3B7	51                              	push    	ecx
0x0073A3B8	0x0033A3B8	6a 00                           	push    	0
0x0073A3BA	0x0033A3BA	8b 9d 24 ff ff ff               	mov     	ebx, dword ptr [ebp - 0xdc]
0x0073A3C0	0x0033A3C0	8d 8d 30 ff ff ff               	lea     	ecx, [ebp - 0xd0]
0x0073A3C6	0x0033A3C6	51                              	push    	ecx
0x0073A3C7	0x0033A3C7	6a 0a                           	push    	0xa
0x0073A3C9	0x0033A3C9	6a 01                           	push    	1
0x0073A3CB	0x0033A3CB	83 ec 08                        	sub     	esp, 8
0x0073A3CE	0x0033A3CE	8b cb                           	mov     	ecx, ebx
0x0073A3D0	0x0033A3D0	6a 0d                           	push    	0xd
0x0073A3D2	0x0033A3D2	6a 04                           	push    	4
0x0073A3D4	0x0033A3D4	6a 00                           	push    	0
0x0073A3D6	0x0033A3D6	ff b5 d8 fe ff ff               	push    	dword ptr [ebp - 0x128]
0x0073A3DC	0x0033A3DC	6a 01                           	push    	1
0x0073A3DE	0x0033A3DE	50                              	push    	eax
0x0073A3DF	0x0033A3DF	e8 ec 29 0f 00                  	call    	0x82cdd0
0x0073A3E4	0x0033A3E4	8b f0                           	mov     	esi, eax
0x0073A3E6	0x0033A3E6	8d 4e 38                        	lea     	ecx, [esi + 0x38]
0x0073A3E9	0x0033A3E9	51                              	push    	ecx
0x0073A3EA	0x0033A3EA	ff 76 48                        	push    	dword ptr [esi + 0x48]
0x0073A3ED	0x0033A3ED	8b 8d 20 ff ff ff               	mov     	ecx, dword ptr [ebp - 0xe0]
0x0073A3F3	0x0033A3F3	e8 e8 3c 27 00                  	call    	0x9ae0e0
0x0073A3F8	0x0033A3F8	85 c0                           	test    	eax, eax
0x0073A3FA	0x0033A3FA	0f 84 06 2b 00 00               	je      	0x73cf06
0x0073A400	0x0033A400	6a 00                           	push    	0
0x0073A402	0x0033A402	51                              	push    	ecx
0x0073A403	0x0033A403	ff 37                           	push    	dword ptr [edi]
0x0073A405	0x0033A405	56                              	push    	esi
0x0073A406	0x0033A406	8b b5 2c ff ff ff               	mov     	esi, dword ptr [ebp - 0xd4]
0x0073A40C	0x0033A40C	8b ce                           	mov     	ecx, esi
0x0073A40E	0x0033A40E	50                              	push    	eax
0x0073A40F	0x0033A40F	e8 9c e6 ff ff                  	call    	0x738ab0
0x0073A414	0x0033A414	e9 dc 04 00 00                  	jmp     	0x73a8f5
0x0073A419	0x0033A419	8b 1d 78 16 c7 00               	mov     	ebx, dword ptr [0xc71678]
0x0073A41F	0x0033A41F	e9 5f ff ff ff                  	jmp     	0x73a383
0x0073A424	0x0033A424	c7 85 14 ff ff ff 00 00 00 00   	mov     	dword ptr [ebp - 0xec], 0
0x0073A42E	0x0033A42E	be 64 00 00 00                  	mov     	esi, 0x64
0x0073A433	0x0033A433	8b 17                           	mov     	edx, dword ptr [edi]
0x0073A435	0x0033A435	85 d2                           	test    	edx, edx
0x0073A437	0x0033A437	75 1c                           	jne     	0x73a455
0x0073A439	0x0033A439	68 54 bf b6 00                  	push    	0xb6bf54
0x0073A43E	0x0033A43E	6a 10                           	push    	0x10
0x0073A440	0x0033A440	e8 7b 6e 2d 00                  	call    	0xa112c0
0x0073A445	0x0033A445	8b 17                           	mov     	edx, dword ptr [edi]
0x0073A447	0x0033A447	83 c4 08                        	add     	esp, 8
0x0073A44A	0x0033A44A	8b 1d 78 16 c7 00               	mov     	ebx, dword ptr [0xc71678]
0x0073A450	0x0033A450	85 d2                           	test    	edx, edx
0x0073A452	0x0033A452	75 01                           	jne     	0x73a455
0x0073A454	0x0033A454	cc                              	int3    	
0x0073A455	0x0033A455	8b 4f 04                        	mov     	ecx, dword ptr [edi + 4]
0x0073A458	0x0033A458	8b c2                           	mov     	eax, edx
0x0073A45A	0x0033A45A	d3 e8                           	shr     	eax, cl
0x0073A45C	0x0033A45C	8b 4f 08                        	mov     	ecx, dword ptr [edi + 8]
0x0073A45F	0x0033A45F	33 c2                           	xor     	eax, edx
0x0073A461	0x0033A461	8b d0                           	mov     	edx, eax
0x0073A463	0x0033A463	d3 e2                           	shl     	edx, cl
0x0073A465	0x0033A465	8b 4f 0c                        	mov     	ecx, dword ptr [edi + 0xc]
0x0073A468	0x0033A468	33 d0                           	xor     	edx, eax
0x0073A46A	0x0033A46A	8b c2                           	mov     	eax, edx
0x0073A46C	0x0033A46C	d3 e8                           	shr     	eax, cl
0x0073A46E	0x0033A46E	33 c2                           	xor     	eax, edx
0x0073A470	0x0033A470	33 d2                           	xor     	edx, edx
0x0073A472	0x0033A472	89 07                           	mov     	dword ptr [edi], eax
0x0073A474	0x0033A474	f7 f6                           	div     	esi
0x0073A476	0x0033A476	85 d2                           	test    	edx, edx
0x0073A478	0x0033A478	0f 84 07 02 00 00               	je      	0x73a685
0x0073A47E	0x0033A47E	8d 8b a8 ba 01 00               	lea     	ecx, [ebx + 0x1baa8]
0x0073A484	0x0033A484	6a 52                           	push    	0x52
0x0073A486	0x0033A486	e8 f5 45 28 00                  	call    	0x9bea80
0x0073A48B	0x0033A48B	b9 01 00 00 00                  	mov     	ecx, 1
0x0073A490	0x0033A490	3b c1                           	cmp     	eax, ecx
0x0073A492	0x0033A492	0f 4f c8                        	cmovg   	ecx, eax
0x0073A495	0x0033A495	8b c6                           	mov     	eax, esi
0x0073A497	0x0033A497	99                              	cdq     	
0x0073A498	0x0033A498	f7 f9                           	idiv    	ecx
0x0073A49A	0x0033A49A	8b 17                           	mov     	edx, dword ptr [edi]
0x0073A49C	0x0033A49C	8b f0                           	mov     	esi, eax
0x0073A49E	0x0033A49E	85 d2                           	test    	edx, edx
0x0073A4A0	0x0033A4A0	75 16                           	jne     	0x73a4b8
0x0073A4A2	0x0033A4A2	68 54 bf b6 00                  	push    	0xb6bf54
0x0073A4A7	0x0033A4A7	6a 10                           	push    	0x10
0x0073A4A9	0x0033A4A9	e8 12 6e 2d 00                  	call    	0xa112c0
0x0073A4AE	0x0033A4AE	8b 17                           	mov     	edx, dword ptr [edi]
0x0073A4B0	0x0033A4B0	83 c4 08                        	add     	esp, 8
0x0073A4B3	0x0033A4B3	85 d2                           	test    	edx, edx
0x0073A4B5	0x0033A4B5	75 01                           	jne     	0x73a4b8
0x0073A4B7	0x0033A4B7	cc                              	int3    	
0x0073A4B8	0x0033A4B8	8b 4f 04                        	mov     	ecx, dword ptr [edi + 4]
0x0073A4BB	0x0033A4BB	8b c2                           	mov     	eax, edx
0x0073A4BD	0x0033A4BD	d3 e8                           	shr     	eax, cl
0x0073A4BF	0x0033A4BF	8b 4f 08                        	mov     	ecx, dword ptr [edi + 8]
0x0073A4C2	0x0033A4C2	33 c2                           	xor     	eax, edx
0x0073A4C4	0x0033A4C4	8b d0                           	mov     	edx, eax
0x0073A4C6	0x0033A4C6	d3 e2                           	shl     	edx, cl
0x0073A4C8	0x0033A4C8	8b 4f 0c                        	mov     	ecx, dword ptr [edi + 0xc]
0x0073A4CB	0x0033A4CB	33 d0                           	xor     	edx, eax
0x0073A4CD	0x0033A4CD	8b c2                           	mov     	eax, edx
0x0073A4CF	0x0033A4CF	d3 e8                           	shr     	eax, cl
0x0073A4D1	0x0033A4D1	33 c2                           	xor     	eax, edx
0x0073A4D3	0x0033A4D3	89 07                           	mov     	dword ptr [edi], eax
0x0073A4D5	0x0033A4D5	85 f6                           	test    	esi, esi
0x0073A4D7	0x0033A4D7	74 0d                           	je      	0x73a4e6
0x0073A4D9	0x0033A4D9	33 d2                           	xor     	edx, edx
0x0073A4DB	0x0033A4DB	f7 f6                           	div     	esi
0x0073A4DD	0x0033A4DD	83 fa 0f                        	cmp     	edx, 0xf
0x0073A4E0	0x0033A4E0	0f 83 af 00 00 00               	jae     	0x73a595
0x0073A4E6	0x0033A4E6	a1 9c 16 c7 00                  	mov     	eax, dword ptr [0xc7169c]
0x0073A4EB	0x0033A4EB	8b 1d 78 16 c7 00               	mov     	ebx, dword ptr [0xc71678]
0x0073A4F1	0x0033A4F1	8b 88 10 a4 02 00               	mov     	ecx, dword ptr [eax + 0x2a410]
0x0073A4F7	0x0033A4F7	8b 80 14 a4 02 00               	mov     	eax, dword ptr [eax + 0x2a414]
0x0073A4FD	0x0033A4FD	2b c1                           	sub     	eax, ecx
0x0073A4FF	0x0033A4FF	c1 f8 02                        	sar     	eax, 2
0x0073A502	0x0033A502	83 f8 52                        	cmp     	eax, 0x52
0x0073A505	0x0033A505	7e 21                           	jle     	0x73a528
0x0073A507	0x0033A507	8b 81 48 01 00 00               	mov     	eax, dword ptr [ecx + 0x148]
0x0073A50D	0x0033A50D	85 c0                           	test    	eax, eax
0x0073A50F	0x0033A50F	74 17                           	je      	0x73a528
0x0073A511	0x0033A511	8b 80 b8 00 00 00               	mov     	eax, dword ptr [eax + 0xb8]
0x0073A517	0x0033A517	25 00 00 00 80                  	and     	eax, 0x80000000
0x0073A51C	0x0033A51C	c6 85 3b ff ff ff 01            	mov     	byte ptr [ebp - 0xc5], 1
0x0073A523	0x0033A523	83 c8 00                        	or      	eax, 0
0x0073A526	0x0033A526	75 07                           	jne     	0x73a52f
0x0073A528	0x0033A528	c6 85 3b ff ff ff 00            	mov     	byte ptr [ebp - 0xc5], 0
0x0073A52F	0x0033A52F	8b b3 a8 ba 01 00               	mov     	esi, dword ptr [ebx + 0x1baa8]
0x0073A535	0x0033A535	3b b3 ac ba 01 00               	cmp     	esi, dword ptr [ebx + 0x1baac]
0x0073A53B	0x0033A53B	74 5e                           	je      	0x73a59b
0x0073A53D	0x0033A53D	0f 1f 00                        	nop     	dword ptr [eax]
0x0073A540	0x0033A540	8b 06                           	mov     	eax, dword ptr [esi]
0x0073A542	0x0033A542	89 85 30 ff ff ff               	mov     	dword ptr [ebp - 0xd0], eax
0x0073A548	0x0033A548	83 78 2c 00                     	cmp     	dword ptr [eax + 0x2c], 0
0x0073A54C	0x0033A54C	75 3c                           	jne     	0x73a58a
0x0073A54E	0x0033A54E	6a 00                           	push    	0
0x0073A550	0x0033A550	6a 52                           	push    	0x52
0x0073A552	0x0033A552	8b c8                           	mov     	ecx, eax
0x0073A554	0x0033A554	e8 f7 6f 03 00                  	call    	0x771550
0x0073A559	0x0033A559	84 c0                           	test    	al, al
0x0073A55B	0x0033A55B	0f 85 10 01 00 00               	jne     	0x73a671
0x0073A561	0x0033A561	38 85 3b ff ff ff               	cmp     	byte ptr [ebp - 0xc5], al
0x0073A567	0x0033A567	74 21                           	je      	0x73a58a
0x0073A569	0x0033A569	8b 85 30 ff ff ff               	mov     	eax, dword ptr [ebp - 0xd0]
0x0073A56F	0x0033A56F	8b 88 6c 1e 00 00               	mov     	ecx, dword ptr [eax + 0x1e6c]
0x0073A575	0x0033A575	85 c9                           	test    	ecx, ecx
0x0073A577	0x0033A577	74 11                           	je      	0x73a58a
0x0073A579	0x0033A579	6a 00                           	push    	0
0x0073A57B	0x0033A57B	6a 52                           	push    	0x52
0x0073A57D	0x0033A57D	e8 ce 6f 03 00                  	call    	0x771550
0x0073A582	0x0033A582	84 c0                           	test    	al, al
0x0073A584	0x0033A584	0f 85 d9 00 00 00               	jne     	0x73a663
0x0073A58A	0x0033A58A	83 c6 04                        	add     	esi, 4
0x0073A58D	0x0033A58D	3b b3 ac ba 01 00               	cmp     	esi, dword ptr [ebx + 0x1baac]
0x0073A593	0x0033A593	75 ab                           	jne     	0x73a540
0x0073A595	0x0033A595	8b 1d 78 16 c7 00               	mov     	ebx, dword ptr [0xc71678]
0x0073A59B	0x0033A59B	83 bb 3c 66 02 00 13            	cmp     	dword ptr [ebx + 0x2663c], 0x13
0x0073A5A2	0x0033A5A2	0f 84 dd 00 00 00               	je      	0x73a685
0x0073A5A8	0x0033A5A8	a1 9c 16 c7 00                  	mov     	eax, dword ptr [0xc7169c]
0x0073A5AD	0x0033A5AD	8b 88 10 a4 02 00               	mov     	ecx, dword ptr [eax + 0x2a410]
0x0073A5B3	0x0033A5B3	8b 80 14 a4 02 00               	mov     	eax, dword ptr [eax + 0x2a414]
0x0073A5B9	0x0033A5B9	2b c1                           	sub     	eax, ecx
0x0073A5BB	0x0033A5BB	c1 f8 02                        	sar     	eax, 2
0x0073A5BE	0x0033A5BE	83 f8 70                        	cmp     	eax, 0x70
0x0073A5C1	0x0033A5C1	7e 21                           	jle     	0x73a5e4
0x0073A5C3	0x0033A5C3	8b 81 c0 01 00 00               	mov     	eax, dword ptr [ecx + 0x1c0]
0x0073A5C9	0x0033A5C9	85 c0                           	test    	eax, eax
0x0073A5CB	0x0033A5CB	74 17                           	je      	0x73a5e4
0x0073A5CD	0x0033A5CD	8b 80 b8 00 00 00               	mov     	eax, dword ptr [eax + 0xb8]
0x0073A5D3	0x0033A5D3	25 00 00 00 80                  	and     	eax, 0x80000000
0x0073A5D8	0x0033A5D8	c6 85 3b ff ff ff 01            	mov     	byte ptr [ebp - 0xc5], 1
0x0073A5DF	0x0033A5DF	83 c8 00                        	or      	eax, 0
0x0073A5E2	0x0033A5E2	75 07                           	jne     	0x73a5eb
0x0073A5E4	0x0033A5E4	c6 85 3b ff ff ff 00            	mov     	byte ptr [ebp - 0xc5], 0
0x0073A5EB	0x0033A5EB	8b b3 a8 ba 01 00               	mov     	esi, dword ptr [ebx + 0x1baa8]
0x0073A5F1	0x0033A5F1	3b b3 ac ba 01 00               	cmp     	esi, dword ptr [ebx + 0x1baac]
0x0073A5F7	0x0033A5F7	74 5c                           	je      	0x73a655
0x0073A5F9	0x0033A5F9	0f 1f 80 00 00 00 00            	nop     	dword ptr [eax]
0x0073A600	0x0033A600	8b 06                           	mov     	eax, dword ptr [esi]
0x0073A602	0x0033A602	89 85 30 ff ff ff               	mov     	dword ptr [ebp - 0xd0], eax
0x0073A608	0x0033A608	83 78 2c 00                     	cmp     	dword ptr [eax + 0x2c], 0
0x0073A60C	0x0033A60C	75 3c                           	jne     	0x73a64a
0x0073A60E	0x0033A60E	6a 00                           	push    	0
0x0073A610	0x0033A610	6a 70                           	push    	0x70
0x0073A612	0x0033A612	8b c8                           	mov     	ecx, eax
0x0073A614	0x0033A614	e8 37 6f 03 00                  	call    	0x771550
0x0073A619	0x0033A619	84 c0                           	test    	al, al
0x0073A61B	0x0033A61B	0f 85 bc 03 00 00               	jne     	0x73a9dd
0x0073A621	0x0033A621	38 85 3b ff ff ff               	cmp     	byte ptr [ebp - 0xc5], al
0x0073A627	0x0033A627	74 21                           	je      	0x73a64a
0x0073A629	0x0033A629	8b 85 30 ff ff ff               	mov     	eax, dword ptr [ebp - 0xd0]
0x0073A62F	0x0033A62F	8b 88 6c 1e 00 00               	mov     	ecx, dword ptr [eax + 0x1e6c]
0x0073A635	0x0033A635	85 c9                           	test    	ecx, ecx
0x0073A637	0x0033A637	74 11                           	je      	0x73a64a
0x0073A639	0x0033A639	6a 00                           	push    	0
0x0073A63B	0x0033A63B	6a 70                           	push    	0x70
0x0073A63D	0x0033A63D	e8 0e 6f 03 00                  	call    	0x771550
0x0073A642	0x0033A642	84 c0                           	test    	al, al
0x0073A644	0x0033A644	0f 85 7b 03 00 00               	jne     	0x73a9c5
0x0073A64A	0x0033A64A	83 c6 04                        	add     	esi, 4
0x0073A64D	0x0033A64D	3b b3 ac ba 01 00               	cmp     	esi, dword ptr [ebx + 0x1baac]
0x0073A653	0x0033A653	75 ab                           	jne     	0x73a600
0x0073A655	0x0033A655	33 db                           	xor     	ebx, ebx
0x0073A657	0x0033A657	f7 db                           	neg     	ebx
0x0073A659	0x0033A659	1b db                           	sbb     	ebx, ebx
0x0073A65B	0x0033A65B	83 e3 02                        	and     	ebx, 2
0x0073A65E	0x0033A65E	e9 e2 00 00 00                  	jmp     	0x73a745
0x0073A663	0x0033A663	8b 85 30 ff ff ff               	mov     	eax, dword ptr [ebp - 0xd0]
0x0073A669	0x0033A669	8b 80 6c 1e 00 00               	mov     	eax, dword ptr [eax + 0x1e6c]
0x0073A66F	0x0033A66F	eb 06                           	jmp     	0x73a677
0x0073A671	0x0033A671	8b 85 30 ff ff ff               	mov     	eax, dword ptr [ebp - 0xd0]
0x0073A677	0x0033A677	85 c0                           	test    	eax, eax
0x0073A679	0x0033A679	0f 84 16 ff ff ff               	je      	0x73a595
0x0073A67F	0x0033A67F	8b 1d 78 16 c7 00               	mov     	ebx, dword ptr [0xc71678]
0x0073A685	0x0033A685	a1 9c 16 c7 00                  	mov     	eax, dword ptr [0xc7169c]
0x0073A68A	0x0033A68A	8b 88 10 a4 02 00               	mov     	ecx, dword ptr [eax + 0x2a410]
0x0073A690	0x0033A690	8b 80 14 a4 02 00               	mov     	eax, dword ptr [eax + 0x2a414]
0x0073A696	0x0033A696	2b c1                           	sub     	eax, ecx
0x0073A698	0x0033A698	c1 f8 02                        	sar     	eax, 2
0x0073A69B	0x0033A69B	83 f8 70                        	cmp     	eax, 0x70
0x0073A69E	0x0033A69E	7e 21                           	jle     	0x73a6c1
0x0073A6A0	0x0033A6A0	8b 81 c0 01 00 00               	mov     	eax, dword ptr [ecx + 0x1c0]
0x0073A6A6	0x0033A6A6	85 c0                           	test    	eax, eax
0x0073A6A8	0x0033A6A8	74 17                           	je      	0x73a6c1
0x0073A6AA	0x0033A6AA	8b 80 b8 00 00 00               	mov     	eax, dword ptr [eax + 0xb8]
0x0073A6B0	0x0033A6B0	25 00 00 00 80                  	and     	eax, 0x80000000
0x0073A6B5	0x0033A6B5	c6 85 3b ff ff ff 01            	mov     	byte ptr [ebp - 0xc5], 1
0x0073A6BC	0x0033A6BC	83 c8 00                        	or      	eax, 0
0x0073A6BF	0x0033A6BF	75 07                           	jne     	0x73a6c8
0x0073A6C1	0x0033A6C1	c6 85 3b ff ff ff 00            	mov     	byte ptr [ebp - 0xc5], 0
0x0073A6C8	0x0033A6C8	8b b3 a8 ba 01 00               	mov     	esi, dword ptr [ebx + 0x1baa8]
0x0073A6CE	0x0033A6CE	3b b3 ac ba 01 00               	cmp     	esi, dword ptr [ebx + 0x1baac]
0x0073A6D4	0x0033A6D4	74 5f                           	je      	0x73a735
0x0073A6D6	0x0033A6D6	66 66 0f 1f 84 00 00 00 00 00   	nop     	word ptr [eax + eax]
0x0073A6E0	0x0033A6E0	8b 06                           	mov     	eax, dword ptr [esi]
0x0073A6E2	0x0033A6E2	89 85 30 ff ff ff               	mov     	dword ptr [ebp - 0xd0], eax
0x0073A6E8	0x0033A6E8	83 78 2c 00                     	cmp     	dword ptr [eax + 0x2c], 0
0x0073A6EC	0x0033A6EC	75 3c                           	jne     	0x73a72a
0x0073A6EE	0x0033A6EE	6a 00                           	push    	0
0x0073A6F0	0x0033A6F0	6a 70                           	push    	0x70
0x0073A6F2	0x0033A6F2	8b c8                           	mov     	ecx, eax
0x0073A6F4	0x0033A6F4	e8 57 6e 03 00                  	call    	0x771550
0x0073A6F9	0x0033A6F9	84 c0                           	test    	al, al
0x0073A6FB	0x0033A6FB	0f 85 ff 02 00 00               	jne     	0x73aa00
0x0073A701	0x0033A701	38 85 3b ff ff ff               	cmp     	byte ptr [ebp - 0xc5], al
0x0073A707	0x0033A707	74 21                           	je      	0x73a72a
0x0073A709	0x0033A709	8b 85 30 ff ff ff               	mov     	eax, dword ptr [ebp - 0xd0]
0x0073A70F	0x0033A70F	8b 88 6c 1e 00 00               	mov     	ecx, dword ptr [eax + 0x1e6c]
0x0073A715	0x0033A715	85 c9                           	test    	ecx, ecx
0x0073A717	0x0033A717	74 11                           	je      	0x73a72a
0x0073A719	0x0033A719	6a 00                           	push    	0
0x0073A71B	0x0033A71B	6a 70                           	push    	0x70
0x0073A71D	0x0033A71D	e8 2e 6e 03 00                  	call    	0x771550
0x0073A722	0x0033A722	84 c0                           	test    	al, al
0x0073A724	0x0033A724	0f 85 c5 02 00 00               	jne     	0x73a9ef
0x0073A72A	0x0033A72A	83 c6 04                        	add     	esi, 4
0x0073A72D	0x0033A72D	3b b3 ac ba 01 00               	cmp     	esi, dword ptr [ebx + 0x1baac]
0x0073A733	0x0033A733	75 ab                           	jne     	0x73a6e0
0x0073A735	0x0033A735	33 c0                           	xor     	eax, eax
0x0073A737	0x0033A737	33 db                           	xor     	ebx, ebx
0x0073A739	0x0033A739	85 c0                           	test    	eax, eax
0x0073A73B	0x0033A73B	0f 95 c3                        	setne   	bl
0x0073A73E	0x0033A73E	8d 1c 5d 01 00 00 00            	lea     	ebx, [ebx*2 + 1]
0x0073A745	0x0033A745	8b 17                           	mov     	edx, dword ptr [edi]
0x0073A747	0x0033A747	c7 85 30 ff ff ff 00 00 00 00   	mov     	dword ptr [ebp - 0xd0], 0
0x0073A751	0x0033A751	85 d2                           	test    	edx, edx
0x0073A753	0x0033A753	75 16                           	jne     	0x73a76b
0x0073A755	0x0033A755	68 54 bf b6 00                  	push    	0xb6bf54
0x0073A75A	0x0033A75A	6a 10                           	push    	0x10
0x0073A75C	0x0033A75C	e8 5f 6b 2d 00                  	call    	0xa112c0
0x0073A761	0x0033A761	8b 17                           	mov     	edx, dword ptr [edi]
0x0073A763	0x0033A763	83 c4 08                        	add     	esp, 8
0x0073A766	0x0033A766	85 d2                           	test    	edx, edx
0x0073A768	0x0033A768	75 01                           	jne     	0x73a76b
0x0073A76A	0x0033A76A	cc                              	int3    	
0x0073A76B	0x0033A76B	8b 4f 04                        	mov     	ecx, dword ptr [edi + 4]
0x0073A76E	0x0033A76E	8b c2                           	mov     	eax, edx
0x0073A770	0x0033A770	d3 e8                           	shr     	eax, cl
0x0073A772	0x0033A772	8b 4f 08                        	mov     	ecx, dword ptr [edi + 8]
0x0073A775	0x0033A775	33 c2                           	xor     	eax, edx
0x0073A777	0x0033A777	8b d0                           	mov     	edx, eax
0x0073A779	0x0033A779	d3 e2                           	shl     	edx, cl
0x0073A77B	0x0033A77B	8b 4f 0c                        	mov     	ecx, dword ptr [edi + 0xc]
0x0073A77E	0x0033A77E	33 d0                           	xor     	edx, eax
0x0073A780	0x0033A780	51                              	push    	ecx
0x0073A781	0x0033A781	53                              	push    	ebx
0x0073A782	0x0033A782	8b c2                           	mov     	eax, edx
0x0073A784	0x0033A784	d3 e8                           	shr     	eax, cl
0x0073A786	0x0033A786	8d 8d 30 ff ff ff               	lea     	ecx, [ebp - 0xd0]
0x0073A78C	0x0033A78C	51                              	push    	ecx
0x0073A78D	0x0033A78D	8b 8d 24 ff ff ff               	mov     	ecx, dword ptr [ebp - 0xdc]
0x0073A793	0x0033A793	33 c2                           	xor     	eax, edx
0x0073A795	0x0033A795	6a 0a                           	push    	0xa
0x0073A797	0x0033A797	6a 01                           	push    	1
0x0073A799	0x0033A799	83 ec 08                        	sub     	esp, 8
0x0073A79C	0x0033A79C	89 07                           	mov     	dword ptr [edi], eax
0x0073A79E	0x0033A79E	6a 0d                           	push    	0xd
0x0073A7A0	0x0033A7A0	6a 04                           	push    	4
0x0073A7A2	0x0033A7A2	6a 00                           	push    	0
0x0073A7A4	0x0033A7A4	ff b5 d8 fe ff ff               	push    	dword ptr [ebp - 0x128]
0x0073A7AA	0x0033A7AA	6a 01                           	push    	1
0x0073A7AC	0x0033A7AC	50                              	push    	eax
0x0073A7AD	0x0033A7AD	e8 1e 26 0f 00                  	call    	0x82cdd0
0x0073A7B2	0x0033A7B2	8b 8d 20 ff ff ff               	mov     	ecx, dword ptr [ebp - 0xe0]
0x0073A7B8	0x0033A7B8	8b f0                           	mov     	esi, eax
0x0073A7BA	0x0033A7BA	8d 46 38                        	lea     	eax, [esi + 0x38]
0x0073A7BD	0x0033A7BD	50                              	push    	eax
0x0073A7BE	0x0033A7BE	ff 76 48                        	push    	dword ptr [esi + 0x48]
0x0073A7C1	0x0033A7C1	e8 1a 39 27 00                  	call    	0x9ae0e0
0x0073A7C6	0x0033A7C6	85 c0                           	test    	eax, eax
0x0073A7C8	0x0033A7C8	0f 84 38 27 00 00               	je      	0x73cf06
0x0073A7CE	0x0033A7CE	8d 8d 30 ff ff ff               	lea     	ecx, [ebp - 0xd0]
0x0073A7D4	0x0033A7D4	c7 85 30 ff ff ff 00 00 00 00   	mov     	dword ptr [ebp - 0xd0], 0
0x0073A7DE	0x0033A7DE	51                              	push    	ecx
0x0073A7DF	0x0033A7DF	51                              	push    	ecx
0x0073A7E0	0x0033A7E0	ff 37                           	push    	dword ptr [edi]
0x0073A7E2	0x0033A7E2	8b 8d 2c ff ff ff               	mov     	ecx, dword ptr [ebp - 0xd4]
0x0073A7E8	0x0033A7E8	56                              	push    	esi
0x0073A7E9	0x0033A7E9	50                              	push    	eax
0x0073A7EA	0x0033A7EA	e8 c1 e2 ff ff                  	call    	0x738ab0
0x0073A7EF	0x0033A7EF	8b b5 30 ff ff ff               	mov     	esi, dword ptr [ebp - 0xd0]
0x0073A7F5	0x0033A7F5	85 f6                           	test    	esi, esi
0x0073A7F7	0x0033A7F7	74 70                           	je      	0x73a869
0x0073A7F9	0x0033A7F9	8b 1d 78 16 c7 00               	mov     	ebx, dword ptr [0xc71678]
0x0073A7FF	0x0033A7FF	83 3b 0a                        	cmp     	dword ptr [ebx], 0xa
0x0073A802	0x0033A802	75 6b                           	jne     	0x73a86f
0x0073A804	0x0033A804	83 7b 04 00                     	cmp     	dword ptr [ebx + 4], 0
0x0073A808	0x0033A808	75 2b                           	jne     	0x73a835
0x0073A80A	0x0033A80A	8d 8b a8 ba 01 00               	lea     	ecx, [ebx + 0x1baa8]
0x0073A810	0x0033A810	68 a1 00 00 00                  	push    	0xa1
0x0073A815	0x0033A815	e8 96 3e 28 00                  	call    	0x9be6b0
0x0073A81A	0x0033A81A	85 c0                           	test    	eax, eax
0x0073A81C	0x0033A81C	74 11                           	je      	0x73a82f
0x0073A81E	0x0033A81E	68 a1 00 00 00                  	push    	0xa1
0x0073A823	0x0033A823	8b c8                           	mov     	ecx, eax
0x0073A825	0x0033A825	e8 b6 0e 09 00                  	call    	0x7cb6e0
0x0073A82A	0x0033A82A	83 f8 02                        	cmp     	eax, 2
0x0073A82D	0x0033A82D	7f 36                           	jg      	0x73a865
0x0073A82F	0x0033A82F	8b 1d 78 16 c7 00               	mov     	ebx, dword ptr [0xc71678]
0x0073A835	0x0033A835	83 3b 0a                        	cmp     	dword ptr [ebx], 0xa
0x0073A838	0x0033A838	75 35                           	jne     	0x73a86f
0x0073A83A	0x0033A83A	83 7b 04 01                     	cmp     	dword ptr [ebx + 4], 1
0x0073A83E	0x0033A83E	75 2f                           	jne     	0x73a86f
0x0073A840	0x0033A840	8d 8b a8 ba 01 00               	lea     	ecx, [ebx + 0x1baa8]
0x0073A846	0x0033A846	68 9b 00 00 00                  	push    	0x9b
0x0073A84B	0x0033A84B	e8 60 3e 28 00                  	call    	0x9be6b0
0x0073A850	0x0033A850	85 c0                           	test    	eax, eax
0x0073A852	0x0033A852	74 15                           	je      	0x73a869
0x0073A854	0x0033A854	68 9b 00 00 00                  	push    	0x9b
0x0073A859	0x0033A859	8b c8                           	mov     	ecx, eax
0x0073A85B	0x0033A85B	e8 80 0e 09 00                  	call    	0x7cb6e0
0x0073A860	0x0033A860	83 f8 02                        	cmp     	eax, 2
0x0073A863	0x0033A863	7e 04                           	jle     	0x73a869
0x0073A865	0x0033A865	83 4e 3c 04                     	or      	dword ptr [esi + 0x3c], 4
0x0073A869	0x0033A869	8b 1d 78 16 c7 00               	mov     	ebx, dword ptr [0xc71678]
0x0073A86F	0x0033A86F	83 bd 14 ff ff ff 00            	cmp     	dword ptr [ebp - 0xec], 0
0x0073A876	0x0033A876	75 08                           	jne     	0x73a880
0x0073A878	0x0033A878	8b 07                           	mov     	eax, dword ptr [edi]
0x0073A87A	0x0033A87A	89 85 1c ff ff ff               	mov     	dword ptr [ebp - 0xe4], eax
0x0073A880	0x0033A880	8b 85 2c ff ff ff               	mov     	eax, dword ptr [ebp - 0xd4]
0x0073A886	0x0033A886	8b b3 50 65 02 00               	mov     	esi, dword ptr [ebx + 0x26550]
0x0073A88C	0x0033A88C	0b 70 0c                        	or      	esi, dword ptr [eax + 0xc]
0x0073A88F	0x0033A88F	e8 6c eb fb ff                  	call    	0x6f9400
0x0073A894	0x0033A894	8b f8                           	mov     	edi, eax
0x0073A896	0x0033A896	0b fe                           	or      	edi, esi
0x0073A898	0x0033A898	e8 03 ed fb ff                  	call    	0x6f95a0
0x0073A89D	0x0033A89D	f7 d0                           	not     	eax
0x0073A89F	0x0033A89F	23 c7                           	and     	eax, edi
0x0073A8A1	0x0033A8A1	a8 02                           	test    	al, 2
0x0073A8A3	0x0033A8A3	74 21                           	je      	0x73a8c6
0x0073A8A5	0x0033A8A5	8b 85 14 ff ff ff               	mov     	eax, dword ptr [ebp - 0xec]
0x0073A8AB	0x0033A8AB	be 64 00 00 00                  	mov     	esi, 0x64
0x0073A8B0	0x0033A8B0	8b bd dc fe ff ff               	mov     	edi, dword ptr [ebp - 0x124]
0x0073A8B6	0x0033A8B6	40                              	inc     	eax
0x0073A8B7	0x0033A8B7	89 85 14 ff ff ff               	mov     	dword ptr [ebp - 0xec], eax
0x0073A8BD	0x0033A8BD	83 f8 02                        	cmp     	eax, 2
0x0073A8C0	0x0033A8C0	0f 82 6d fb ff ff               	jb      	0x73a433
0x0073A8C6	0x0033A8C6	8b bd dc fe ff ff               	mov     	edi, dword ptr [ebp - 0x124]
0x0073A8CC	0x0033A8CC	8b 85 1c ff ff ff               	mov     	eax, dword ptr [ebp - 0xe4]
0x0073A8D2	0x0033A8D2	f3 0f 7e 05 6c f6 b1 00         	movq    	xmm0, qword ptr [0xb1f66c]
0x0073A8DA	0x0033A8DA	8b b5 2c ff ff ff               	mov     	esi, dword ptr [ebp - 0xd4]
0x0073A8E0	0x0033A8E0	89 07                           	mov     	dword ptr [edi], eax
0x0073A8E2	0x0033A8E2	a1 74 f6 b1 00                  	mov     	eax, dword ptr [0xb1f674]
0x0073A8E7	0x0033A8E7	66 0f d6 47 04                  	movq    	qword ptr [edi + 4], xmm0
0x0073A8EC	0x0033A8EC	89 47 0c                        	mov     	dword ptr [edi + 0xc], eax
0x0073A8EF	0x0033A8EF	8b 9d 24 ff ff ff               	mov     	ebx, dword ptr [ebp - 0xdc]
0x0073A8F5	0x0033A8F5	8b ce                           	mov     	ecx, esi
0x0073A8F7	0x0033A8F7	e8 d4 32 01 00                  	call    	0x74dbd0
0x0073A8FC	0x0033A8FC	8b 17                           	mov     	edx, dword ptr [edi]
0x0073A8FE	0x0033A8FE	c7 85 30 ff ff ff 00 00 00 00   	mov     	dword ptr [ebp - 0xd0], 0
0x0073A908	0x0033A908	d9 9d 14 ff ff ff               	fstp    	dword ptr [ebp - 0xec]
0x0073A90E	0x0033A90E	85 d2                           	test    	edx, edx
0x0073A910	0x0033A910	75 16                           	jne     	0x73a928
0x0073A912	0x0033A912	68 54 bf b6 00                  	push    	0xb6bf54
0x0073A917	0x0033A917	6a 10                           	push    	0x10
0x0073A919	0x0033A919	e8 a2 69 2d 00                  	call    	0xa112c0
0x0073A91E	0x0033A91E	8b 17                           	mov     	edx, dword ptr [edi]
0x0073A920	0x0033A920	83 c4 08                        	add     	esp, 8
0x0073A923	0x0033A923	85 d2                           	test    	edx, edx
0x0073A925	0x0033A925	75 01                           	jne     	0x73a928
0x0073A927	0x0033A927	cc                              	int3    	
0x0073A928	0x0033A928	8b 4f 04                        	mov     	ecx, dword ptr [edi + 4]
0x0073A92B	0x0033A92B	8b c2                           	mov     	eax, edx
0x0073A92D	0x0033A92D	d3 e8                           	shr     	eax, cl
0x0073A92F	0x0033A92F	8b 4f 08                        	mov     	ecx, dword ptr [edi + 8]
0x0073A932	0x0033A932	33 c2                           	xor     	eax, edx
0x0073A934	0x0033A934	8b d0                           	mov     	edx, eax
0x0073A936	0x0033A936	6a ff                           	push    	-1
0x0073A938	0x0033A938	d3 e2                           	shl     	edx, cl
0x0073A93A	0x0033A93A	8b 4f 0c                        	mov     	ecx, dword ptr [edi + 0xc]
0x0073A93D	0x0033A93D	33 d0                           	xor     	edx, eax
0x0073A93F	0x0033A93F	6a ff                           	push    	-1
0x0073A941	0x0033A941	8b c2                           	mov     	eax, edx
0x0073A943	0x0033A943	d3 e8                           	shr     	eax, cl
0x0073A945	0x0033A945	8d 8d 30 ff ff ff               	lea     	ecx, [ebp - 0xd0]
0x0073A94B	0x0033A94B	51                              	push    	ecx
0x0073A94C	0x0033A94C	6a 0a                           	push    	0xa
0x0073A94E	0x0033A94E	6a 01                           	push    	1
0x0073A950	0x0033A950	6a ff                           	push    	-1
0x0073A952	0x0033A952	6a 00                           	push    	0
0x0073A954	0x0033A954	6a 0d                           	push    	0xd
0x0073A956	0x0033A956	6a 18                           	push    	0x18
0x0073A958	0x0033A958	6a 00                           	push    	0
0x0073A95A	0x0033A95A	33 c2                           	xor     	eax, edx
0x0073A95C	0x0033A95C	8b cb                           	mov     	ecx, ebx
0x0073A95E	0x0033A95E	6a 01                           	push    	1
0x0073A960	0x0033A960	50                              	push    	eax
0x0073A961	0x0033A961	89 07                           	mov     	dword ptr [edi], eax
0x0073A963	0x0033A963	e8 68 1e 0f 00                  	call    	0x82c7d0
0x0073A968	0x0033A968	89 85 1c ff ff ff               	mov     	dword ptr [ebp - 0xe4], eax
0x0073A96E	0x0033A96E	8d 48 38                        	lea     	ecx, [eax + 0x38]
0x0073A971	0x0033A971	51                              	push    	ecx
0x0073A972	0x0033A972	ff 70 48                        	push    	dword ptr [eax + 0x48]
0x0073A975	0x0033A975	8b 8d 20 ff ff ff               	mov     	ecx, dword ptr [ebp - 0xe0]
0x0073A97B	0x0033A97B	e8 60 37 27 00                  	call    	0x9ae0e0
0x0073A980	0x0033A980	8b 9d e4 fe ff ff               	mov     	ebx, dword ptr [ebp - 0x11c]
0x0073A986	0x0033A986	8b cb                           	mov     	ecx, ebx
0x0073A988	0x0033A988	89 85 28 ff ff ff               	mov     	dword ptr [ebp - 0xd8], eax
0x0073A98E	0x0033A98E	8d 85 30 ff ff ff               	lea     	eax, [ebp - 0xd0]
0x0073A994	0x0033A994	50                              	push    	eax
0x0073A995	0x0033A995	8d 85 fc fe ff ff               	lea     	eax, [ebp - 0x104]
0x0073A99B	0x0033A99B	c7 85 30 ff ff ff 18 00 00 00   	mov     	dword ptr [ebp - 0xd0], 0x18
0x0073A9A5	0x0033A9A5	50                              	push    	eax
0x0073A9A6	0x0033A9A6	e8 f5 de ce ff                  	call    	0x4288a0
0x0073A9AB	0x0033A9AB	8b 85 04 ff ff ff               	mov     	eax, dword ptr [ebp - 0xfc]
0x0073A9B1	0x0033A9B1	80 78 0d 00                     	cmp     	byte ptr [eax + 0xd], 0
0x0073A9B5	0x0033A9B5	75 54                           	jne     	0x73aa0b
0x0073A9B7	0x0033A9B7	83 78 10 18                     	cmp     	dword ptr [eax + 0x10], 0x18
0x0073A9BB	0x0033A9BB	7f 4e                           	jg      	0x73aa0b
0x0073A9BD	0x0033A9BD	8b 33                           	mov     	esi, dword ptr [ebx]
0x0073A9BF	0x0033A9BF	3b c6                           	cmp     	eax, esi
0x0073A9C1	0x0033A9C1	75 7f                           	jne     	0x73aa42
0x0073A9C3	0x0033A9C3	eb 48                           	jmp     	0x73aa0d
0x0073A9C5	0x0033A9C5	8b 9d 30 ff ff ff               	mov     	ebx, dword ptr [ebp - 0xd0]
0x0073A9CB	0x0033A9CB	8b 9b 6c 1e 00 00               	mov     	ebx, dword ptr [ebx + 0x1e6c]
0x0073A9D1	0x0033A9D1	f7 db                           	neg     	ebx
0x0073A9D3	0x0033A9D3	1b db                           	sbb     	ebx, ebx
0x0073A9D5	0x0033A9D5	83 e3 02                        	and     	ebx, 2
0x0073A9D8	0x0033A9D8	e9 68 fd ff ff                  	jmp     	0x73a745
0x0073A9DD	0x0033A9DD	8b 9d 30 ff ff ff               	mov     	ebx, dword ptr [ebp - 0xd0]
0x0073A9E3	0x0033A9E3	f7 db                           	neg     	ebx
0x0073A9E5	0x0033A9E5	1b db                           	sbb     	ebx, ebx
0x0073A9E7	0x0033A9E7	83 e3 02                        	and     	ebx, 2
0x0073A9EA	0x0033A9EA	e9 56 fd ff ff                  	jmp     	0x73a745
0x0073A9EF	0x0033A9EF	8b 85 30 ff ff ff               	mov     	eax, dword ptr [ebp - 0xd0]
0x0073A9F5	0x0033A9F5	8b 80 6c 1e 00 00               	mov     	eax, dword ptr [eax + 0x1e6c]
0x0073A9FB	0x0033A9FB	e9 37 fd ff ff                  	jmp     	0x73a737
0x0073AA00	0x0033AA00	8b 85 30 ff ff ff               	mov     	eax, dword ptr [ebp - 0xd0]
0x0073AA06	0x0033AA06	e9 2c fd ff ff                  	jmp     	0x73a737
0x0073AA0B	0x0033AA0B	8b 33                           	mov     	esi, dword ptr [ebx]
0x0073AA0D	0x0033AA0D	8d 85 30 ff ff ff               	lea     	eax, [ebp - 0xd0]
0x0073AA13	0x0033AA13	c7 85 30 ff ff ff 04 00 00 00   	mov     	dword ptr [ebp - 0xd0], 4
0x0073AA1D	0x0033AA1D	50                              	push    	eax
0x0073AA1E	0x0033AA1E	8d 85 fc fe ff ff               	lea     	eax, [ebp - 0x104]
0x0073AA24	0x0033AA24	8b cb                           	mov     	ecx, ebx
0x0073AA26	0x0033AA26	50                              	push    	eax
0x0073AA27	0x0033AA27	e8 74 de ce ff                  	call    	0x4288a0
0x0073AA2C	0x0033AA2C	8b 85 04 ff ff ff               	mov     	eax, dword ptr [ebp - 0xfc]
0x0073AA32	0x0033AA32	80 78 0d 00                     	cmp     	byte ptr [eax + 0xd], 0
0x0073AA36	0x0033AA36	75 1d                           	jne     	0x73aa55
0x0073AA38	0x0033AA38	83 78 10 04                     	cmp     	dword ptr [eax + 0x10], 4
0x0073AA3C	0x0033AA3C	7f 17                           	jg      	0x73aa55
0x0073AA3E	0x0033AA3E	3b c6                           	cmp     	eax, esi
0x0073AA40	0x0033AA40	74 13                           	je      	0x73aa55
0x0073AA42	0x0033AA42	8b 85 28 ff ff ff               	mov     	eax, dword ptr [ebp - 0xd8]
0x0073AA48	0x0033AA48	85 c0                           	test    	eax, eax
0x0073AA4A	0x0033AA4A	0f 84 f5 00 00 00               	je      	0x73ab45
0x0073AA50	0x0033AA50	e9 c8 00 00 00                  	jmp     	0x73ab1d
0x0073AA55	0x0033AA55	83 bd 28 ff ff ff 00            	cmp     	dword ptr [ebp - 0xd8], 0
0x0073AA5C	0x0033AA5C	0f 84 e3 00 00 00               	je      	0x73ab45
0x0073AA62	0x0033AA62	8b 17                           	mov     	edx, dword ptr [edi]
0x0073AA64	0x0033AA64	85 d2                           	test    	edx, edx
0x0073AA66	0x0033AA66	75 16                           	jne     	0x73aa7e
0x0073AA68	0x0033AA68	68 54 bf b6 00                  	push    	0xb6bf54
0x0073AA6D	0x0033AA6D	6a 10                           	push    	0x10
0x0073AA6F	0x0033AA6F	e8 4c 68 2d 00                  	call    	0xa112c0
0x0073AA74	0x0033AA74	8b 17                           	mov     	edx, dword ptr [edi]
0x0073AA76	0x0033AA76	83 c4 08                        	add     	esp, 8
0x0073AA79	0x0033AA79	85 d2                           	test    	edx, edx
0x0073AA7B	0x0033AA7B	75 01                           	jne     	0x73aa7e
0x0073AA7D	0x0033AA7D	cc                              	int3    	
0x0073AA7E	0x0033AA7E	8b 4f 04                        	mov     	ecx, dword ptr [edi + 4]
0x0073AA81	0x0033AA81	8b c2                           	mov     	eax, edx
0x0073AA83	0x0033AA83	d3 e8                           	shr     	eax, cl
0x0073AA85	0x0033AA85	8b 4f 08                        	mov     	ecx, dword ptr [edi + 8]
0x0073AA88	0x0033AA88	33 c2                           	xor     	eax, edx
0x0073AA8A	0x0033AA8A	8b d0                           	mov     	edx, eax
0x0073AA8C	0x0033AA8C	d3 e2                           	shl     	edx, cl
0x0073AA8E	0x0033AA8E	8b 4f 0c                        	mov     	ecx, dword ptr [edi + 0xc]
0x0073AA91	0x0033AA91	33 d0                           	xor     	edx, eax
0x0073AA93	0x0033AA93	8b da                           	mov     	ebx, edx
0x0073AA95	0x0033AA95	d3 eb                           	shr     	ebx, cl
0x0073AA97	0x0033AA97	33 da                           	xor     	ebx, edx
0x0073AA99	0x0033AA99	8b c3                           	mov     	eax, ebx
0x0073AA9B	0x0033AA9B	89 1f                           	mov     	dword ptr [edi], ebx
0x0073AA9D	0x0033AA9D	c1 e8 1f                        	shr     	eax, 0x1f
0x0073AAA0	0x0033AAA0	66 0f 6e c3                     	movd    	xmm0, ebx
0x0073AAA4	0x0033AAA4	f3 0f e6 c0                     	cvtdq2pd	xmm0, xmm0
0x0073AAA8	0x0033AAA8	f2 0f 58 04 c5 00 cb ba 00      	addsd   	xmm0, qword ptr [eax*8 + 0xbacb00]
0x0073AAB1	0x0033AAB1	66 0f 5a c8                     	cvtpd2ps	xmm1, xmm0
0x0073AAB5	0x0033AAB5	f3 0f 10 85 14 ff ff ff         	movss   	xmm0, dword ptr [ebp - 0xec]
0x0073AABD	0x0033AABD	f3 0f 59 0d f0 9f ba 00         	mulss   	xmm1, dword ptr [0xba9ff0]
0x0073AAC5	0x0033AAC5	0f 2f c1                        	comiss  	xmm0, xmm1
0x0073AAC8	0x0033AAC8	76 4d                           	jbe     	0x73ab17
0x0073AACA	0x0033AACA	a1 9c 16 c7 00                  	mov     	eax, dword ptr [0xc7169c]
0x0073AACF	0x0033AACF	80 b8 e2 01 00 00 00            	cmp     	byte ptr [eax + 0x1e2], 0
0x0073AAD6	0x0033AAD6	75 22                           	jne     	0x73aafa
0x0073AAD8	0x0033AAD8	83 78 08 02                     	cmp     	dword ptr [eax + 8], 2
0x0073AADC	0x0033AADC	75 39                           	jne     	0x73ab17
0x0073AADE	0x0033AADE	8b 35 78 16 c7 00               	mov     	esi, dword ptr [0xc71678]
0x0073AAE4	0x0033AAE4	85 f6                           	test    	esi, esi
0x0073AAE6	0x0033AAE6	74 2f                           	je      	0x73ab17
0x0073AAE8	0x0033AAE8	83 be 30 66 02 00 00            	cmp     	dword ptr [esi + 0x26630], 0
0x0073AAEF	0x0033AAEF	77 09                           	ja      	0x73aafa
0x0073AAF1	0x0033AAF1	80 be 89 65 02 00 00            	cmp     	byte ptr [esi + 0x26589], 0
0x0073AAF8	0x0033AAF8	74 1d                           	je      	0x73ab17
0x0073AAFA	0x0033AAFA	6a 00                           	push    	0
0x0073AAFC	0x0033AAFC	51                              	push    	ecx
0x0073AAFD	0x0033AAFD	8b 8d 2c ff ff ff               	mov     	ecx, dword ptr [ebp - 0xd4]
0x0073AB03	0x0033AB03	53                              	push    	ebx
0x0073AB04	0x0033AB04	ff b5 1c ff ff ff               	push    	dword ptr [ebp - 0xe4]
0x0073AB0A	0x0033AB0A	ff b5 28 ff ff ff               	push    	dword ptr [ebp - 0xd8]
0x0073AB10	0x0033AB10	e8 9b df ff ff                  	call    	0x738ab0
0x0073AB15	0x0033AB15	eb 2e                           	jmp     	0x73ab45
0x0073AB17	0x0033AB17	8b 85 28 ff ff ff               	mov     	eax, dword ptr [ebp - 0xd8]
0x0073AB1D	0x0033AB1D	8b 8d 20 ff ff ff               	mov     	ecx, dword ptr [ebp - 0xe0]
0x0073AB23	0x0033AB23	83 c0 04                        	add     	eax, 4
0x0073AB26	0x0033AB26	81 c1 70 03 00 00               	add     	ecx, 0x370
0x0073AB2C	0x0033AB2C	8b 51 04                        	mov     	edx, dword ptr [ecx + 4]
0x0073AB2F	0x0033AB2F	3b 51 08                        	cmp     	edx, dword ptr [ecx + 8]
0x0073AB32	0x0033AB32	74 0a                           	je      	0x73ab3e
0x0073AB34	0x0033AB34	8b 00                           	mov     	eax, dword ptr [eax]
0x0073AB36	0x0033AB36	89 02                           	mov     	dword ptr [edx], eax
0x0073AB38	0x0033AB38	83 41 04 04                     	add     	dword ptr [ecx + 4], 4
0x0073AB3C	0x0033AB3C	eb 07                           	jmp     	0x73ab45
0x0073AB3E	0x0033AB3E	50                              	push    	eax
0x0073AB3F	0x0033AB3F	52                              	push    	edx
0x0073AB40	0x0033AB40	e8 db 1d cf ff                  	call    	0x42c920
0x0073AB45	0x0033AB45	8b 85 2c ff ff ff               	mov     	eax, dword ptr [ebp - 0xd4]
0x0073AB4B	0x0033AB4B	83 38 0b                        	cmp     	dword ptr [eax], 0xb
0x0073AB4E	0x0033AB4E	0f 8d 9c 15 00 00               	jge     	0x73c0f0
0x0073AB54	0x0033AB54	8b 17                           	mov     	edx, dword ptr [edi]
0x0073AB56	0x0033AB56	85 d2                           	test    	edx, edx
0x0073AB58	0x0033AB58	75 16                           	jne     	0x73ab70
0x0073AB5A	0x0033AB5A	68 54 bf b6 00                  	push    	0xb6bf54
0x0073AB5F	0x0033AB5F	6a 10                           	push    	0x10
0x0073AB61	0x0033AB61	e8 5a 67 2d 00                  	call    	0xa112c0
0x0073AB66	0x0033AB66	8b 17                           	mov     	edx, dword ptr [edi]
0x0073AB68	0x0033AB68	83 c4 08                        	add     	esp, 8
0x0073AB6B	0x0033AB6B	85 d2                           	test    	edx, edx
0x0073AB6D	0x0033AB6D	75 01                           	jne     	0x73ab70
0x0073AB6F	0x0033AB6F	cc                              	int3    	
0x0073AB70	0x0033AB70	8b 4f 04                        	mov     	ecx, dword ptr [edi + 4]
0x0073AB73	0x0033AB73	8b c2                           	mov     	eax, edx
0x0073AB75	0x0033AB75	d3 e8                           	shr     	eax, cl
0x0073AB77	0x0033AB77	8b 4f 08                        	mov     	ecx, dword ptr [edi + 8]
0x0073AB7A	0x0033AB7A	33 c2                           	xor     	eax, edx
0x0073AB7C	0x0033AB7C	8b d0                           	mov     	edx, eax
0x0073AB7E	0x0033AB7E	d3 e2                           	shl     	edx, cl
0x0073AB80	0x0033AB80	8b 4f 0c                        	mov     	ecx, dword ptr [edi + 0xc]
0x0073AB83	0x0033AB83	33 d0                           	xor     	edx, eax
0x0073AB85	0x0033AB85	8b f2                           	mov     	esi, edx
0x0073AB87	0x0033AB87	b8 1f 85 eb 51                  	mov     	eax, 0x51eb851f
0x0073AB8C	0x0033AB8C	d3 ee                           	shr     	esi, cl
0x0073AB8E	0x0033AB8E	33 f2                           	xor     	esi, edx
0x0073AB90	0x0033AB90	f7 e6                           	mul     	esi
0x0073AB92	0x0033AB92	8b ce                           	mov     	ecx, esi
0x0073AB94	0x0033AB94	89 37                           	mov     	dword ptr [edi], esi
0x0073AB96	0x0033AB96	c1 ea 04                        	shr     	edx, 4
0x0073AB99	0x0033AB99	6b c2 32                        	imul    	eax, edx, 0x32
0x0073AB9C	0x0033AB9C	2b c8                           	sub     	ecx, eax
0x0073AB9E	0x0033AB9E	0f 84 80 00 00 00               	je      	0x73ac24
0x0073ABA4	0x0033ABA4	85 f6                           	test    	esi, esi
0x0073ABA6	0x0033ABA6	75 16                           	jne     	0x73abbe
0x0073ABA8	0x0033ABA8	68 54 bf b6 00                  	push    	0xb6bf54
0x0073ABAD	0x0033ABAD	6a 10                           	push    	0x10
0x0073ABAF	0x0033ABAF	e8 0c 67 2d 00                  	call    	0xa112c0
0x0073ABB4	0x0033ABB4	8b 37                           	mov     	esi, dword ptr [edi]
0x0073ABB6	0x0033ABB6	83 c4 08                        	add     	esp, 8
0x0073ABB9	0x0033ABB9	85 f6                           	test    	esi, esi
0x0073ABBB	0x0033ABBB	75 01                           	jne     	0x73abbe
0x0073ABBD	0x0033ABBD	cc                              	int3    	
0x0073ABBE	0x0033ABBE	8b 8d 2c ff ff ff               	mov     	ecx, dword ptr [ebp - 0xd4]
0x0073ABC4	0x0033ABC4	8b c6                           	mov     	eax, esi
0x0073ABC6	0x0033ABC6	8b 89 d8 82 01 00               	mov     	ecx, dword ptr [ecx + 0x182d8]
0x0073ABCC	0x0033ABCC	d3 e8                           	shr     	eax, cl
0x0073ABCE	0x0033ABCE	8b 8d 2c ff ff ff               	mov     	ecx, dword ptr [ebp - 0xd4]
0x0073ABD4	0x0033ABD4	33 c6                           	xor     	eax, esi
0x0073ABD6	0x0033ABD6	8b d0                           	mov     	edx, eax
0x0073ABD8	0x0033ABD8	8b 89 dc 82 01 00               	mov     	ecx, dword ptr [ecx + 0x182dc]
0x0073ABDE	0x0033ABDE	d3 e2                           	shl     	edx, cl
0x0073ABE0	0x0033ABE0	33 d0                           	xor     	edx, eax
0x0073ABE2	0x0033ABE2	8b 85 2c ff ff ff               	mov     	eax, dword ptr [ebp - 0xd4]
0x0073ABE8	0x0033ABE8	8b f2                           	mov     	esi, edx
0x0073ABEA	0x0033ABEA	8b 88 e0 82 01 00               	mov     	ecx, dword ptr [eax + 0x182e0]
0x0073ABF0	0x0033ABF0	b8 cd cc cc cc                  	mov     	eax, 0xcccccccd
0x0073ABF5	0x0033ABF5	d3 ee                           	shr     	esi, cl
0x0073ABF7	0x0033ABF7	33 f2                           	xor     	esi, edx
0x0073ABF9	0x0033ABF9	f7 e6                           	mul     	esi
0x0073ABFB	0x0033ABFB	89 37                           	mov     	dword ptr [edi], esi
0x0073ABFD	0x0033ABFD	c1 ea 02                        	shr     	edx, 2
0x0073AC00	0x0033AC00	8d 04 92                        	lea     	eax, [edx + edx*4]
0x0073AC03	0x0033AC03	2b f0                           	sub     	esi, eax
0x0073AC05	0x0033AC05	0f 85 da 01 00 00               	jne     	0x73ade5
0x0073AC0B	0x0033AC0B	8b 0d 78 16 c7 00               	mov     	ecx, dword ptr [0xc71678]
0x0073AC11	0x0033AC11	56                              	push    	esi
0x0073AC12	0x0033AC12	e8 59 cc cd ff                  	call    	0x417870
0x0073AC17	0x0033AC17	83 b8 5c 13 00 00 01            	cmp     	dword ptr [eax + 0x135c], 1
0x0073AC1E	0x0033AC1E	0f 8e c1 01 00 00               	jle     	0x73ade5
0x0073AC24	0x0033AC24	8b 9d e4 fe ff ff               	mov     	ebx, dword ptr [ebp - 0x11c]
0x0073AC2A	0x0033AC2A	8d 85 30 ff ff ff               	lea     	eax, [ebp - 0xd0]
0x0073AC30	0x0033AC30	50                              	push    	eax
0x0073AC31	0x0033AC31	8d 85 fc fe ff ff               	lea     	eax, [ebp - 0x104]
0x0073AC37	0x0033AC37	c7 85 30 ff ff ff 15 00 00 00   	mov     	dword ptr [ebp - 0xd0], 0x15
0x0073AC41	0x0033AC41	50                              	push    	eax
0x0073AC42	0x0033AC42	8b cb                           	mov     	ecx, ebx
0x0073AC44	0x0033AC44	e8 57 dc ce ff                  	call    	0x4288a0
0x0073AC49	0x0033AC49	8b 85 04 ff ff ff               	mov     	eax, dword ptr [ebp - 0xfc]
0x0073AC4F	0x0033AC4F	80 78 0d 00                     	cmp     	byte ptr [eax + 0xd], 0
0x0073AC53	0x0033AC53	75 0e                           	jne     	0x73ac63
0x0073AC55	0x0033AC55	83 78 10 15                     	cmp     	dword ptr [eax + 0x10], 0x15
0x0073AC59	0x0033AC59	7f 08                           	jg      	0x73ac63
0x0073AC5B	0x0033AC5B	3b 03                           	cmp     	eax, dword ptr [ebx]
0x0073AC5D	0x0033AC5D	0f 85 88 01 00 00               	jne     	0x73adeb
0x0073AC63	0x0033AC63	8b 17                           	mov     	edx, dword ptr [edi]
0x0073AC65	0x0033AC65	c7 85 30 ff ff ff 00 00 00 00   	mov     	dword ptr [ebp - 0xd0], 0
0x0073AC6F	0x0033AC6F	85 d2                           	test    	edx, edx
0x0073AC71	0x0033AC71	75 16                           	jne     	0x73ac89
0x0073AC73	0x0033AC73	68 54 bf b6 00                  	push    	0xb6bf54
0x0073AC78	0x0033AC78	6a 10                           	push    	0x10
0x0073AC7A	0x0033AC7A	e8 41 66 2d 00                  	call    	0xa112c0
0x0073AC7F	0x0033AC7F	8b 17                           	mov     	edx, dword ptr [edi]
0x0073AC81	0x0033AC81	83 c4 08                        	add     	esp, 8
0x0073AC84	0x0033AC84	85 d2                           	test    	edx, edx
0x0073AC86	0x0033AC86	75 01                           	jne     	0x73ac89
0x0073AC88	0x0033AC88	cc                              	int3    	
0x0073AC89	0x0033AC89	8b 4f 04                        	mov     	ecx, dword ptr [edi + 4]
0x0073AC8C	0x0033AC8C	8b c2                           	mov     	eax, edx
0x0073AC8E	0x0033AC8E	d3 e8                           	shr     	eax, cl
0x0073AC90	0x0033AC90	8b 4f 08                        	mov     	ecx, dword ptr [edi + 8]
0x0073AC93	0x0033AC93	33 c2                           	xor     	eax, edx
0x0073AC95	0x0033AC95	8b d0                           	mov     	edx, eax
0x0073AC97	0x0033AC97	6a ff                           	push    	-1
0x0073AC99	0x0033AC99	d3 e2                           	shl     	edx, cl
0x0073AC9B	0x0033AC9B	8b 4f 0c                        	mov     	ecx, dword ptr [edi + 0xc]
0x0073AC9E	0x0033AC9E	33 d0                           	xor     	edx, eax
0x0073ACA0	0x0033ACA0	6a ff                           	push    	-1
0x0073ACA2	0x0033ACA2	8b c2                           	mov     	eax, edx
0x0073ACA4	0x0033ACA4	d3 e8                           	shr     	eax, cl
0x0073ACA6	0x0033ACA6	8d 8d 30 ff ff ff               	lea     	ecx, [ebp - 0xd0]
0x0073ACAC	0x0033ACAC	51                              	push    	ecx
0x0073ACAD	0x0033ACAD	8b 8d 24 ff ff ff               	mov     	ecx, dword ptr [ebp - 0xdc]
0x0073ACB3	0x0033ACB3	33 c2                           	xor     	eax, edx
0x0073ACB5	0x0033ACB5	6a 0a                           	push    	0xa
0x0073ACB7	0x0033ACB7	6a 01                           	push    	1
0x0073ACB9	0x0033ACB9	6a ff                           	push    	-1
0x0073ACBB	0x0033ACBB	6a 00                           	push    	0
0x0073ACBD	0x0033ACBD	6a 0d                           	push    	0xd
0x0073ACBF	0x0033ACBF	6a 15                           	push    	0x15
0x0073ACC1	0x0033ACC1	6a 00                           	push    	0
0x0073ACC3	0x0033ACC3	6a 01                           	push    	1
0x0073ACC5	0x0033ACC5	50                              	push    	eax
0x0073ACC6	0x0033ACC6	89 07                           	mov     	dword ptr [edi], eax
0x0073ACC8	0x0033ACC8	e8 03 1b 0f 00                  	call    	0x82c7d0
0x0073ACCD	0x0033ACCD	8b c8                           	mov     	ecx, eax
0x0073ACCF	0x0033ACCF	89 85 30 ff ff ff               	mov     	dword ptr [ebp - 0xd0], eax
0x0073ACD5	0x0033ACD5	8d 41 38                        	lea     	eax, [ecx + 0x38]
0x0073ACD8	0x0033ACD8	50                              	push    	eax
0x0073ACD9	0x0033ACD9	ff 71 48                        	push    	dword ptr [ecx + 0x48]
0x0073ACDC	0x0033ACDC	8b 8d 20 ff ff ff               	mov     	ecx, dword ptr [ebp - 0xe0]
0x0073ACE2	0x0033ACE2	e8 f9 33 27 00                  	call    	0x9ae0e0
0x0073ACE7	0x0033ACE7	89 85 14 ff ff ff               	mov     	dword ptr [ebp - 0xec], eax
0x0073ACED	0x0033ACED	8b cb                           	mov     	ecx, ebx
0x0073ACEF	0x0033ACEF	8d 85 1c ff ff ff               	lea     	eax, [ebp - 0xe4]
0x0073ACF5	0x0033ACF5	c7 85 1c ff ff ff 0d 00 00 00   	mov     	dword ptr [ebp - 0xe4], 0xd
0x0073ACFF	0x0033ACFF	50                              	push    	eax
0x0073AD00	0x0033AD00	8d 85 fc fe ff ff               	lea     	eax, [ebp - 0x104]
0x0073AD06	0x0033AD06	50                              	push    	eax
0x0073AD07	0x0033AD07	e8 94 db ce ff                  	call    	0x4288a0
0x0073AD0C	0x0033AD0C	8b 8d 04 ff ff ff               	mov     	ecx, dword ptr [ebp - 0xfc]
0x0073AD12	0x0033AD12	80 79 0d 00                     	cmp     	byte ptr [ecx + 0xd], 0
0x0073AD16	0x0033AD16	75 06                           	jne     	0x73ad1e
0x0073AD18	0x0033AD18	83 79 10 0d                     	cmp     	dword ptr [ecx + 0x10], 0xd
0x0073AD1C	0x0033AD1C	7e 02                           	jle     	0x73ad20
0x0073AD1E	0x0033AD1E	8b 0b                           	mov     	ecx, dword ptr [ebx]
0x0073AD20	0x0033AD20	3b 0b                           	cmp     	ecx, dword ptr [ebx]
0x0073AD22	0x0033AD22	0f 85 9a 01 00 00               	jne     	0x73aec2
0x0073AD28	0x0033AD28	8b 17                           	mov     	edx, dword ptr [edi]
0x0073AD2A	0x0033AD2A	85 d2                           	test    	edx, edx
0x0073AD2C	0x0033AD2C	75 16                           	jne     	0x73ad44
0x0073AD2E	0x0033AD2E	68 54 bf b6 00                  	push    	0xb6bf54
0x0073AD33	0x0033AD33	6a 10                           	push    	0x10
0x0073AD35	0x0033AD35	e8 86 65 2d 00                  	call    	0xa112c0
0x0073AD3A	0x0033AD3A	8b 17                           	mov     	edx, dword ptr [edi]
0x0073AD3C	0x0033AD3C	83 c4 08                        	add     	esp, 8
0x0073AD3F	0x0033AD3F	85 d2                           	test    	edx, edx
0x0073AD41	0x0033AD41	75 01                           	jne     	0x73ad44
0x0073AD43	0x0033AD43	cc                              	int3    	
0x0073AD44	0x0033AD44	8b 4f 04                        	mov     	ecx, dword ptr [edi + 4]
0x0073AD47	0x0033AD47	8b c2                           	mov     	eax, edx
0x0073AD49	0x0033AD49	d3 e8                           	shr     	eax, cl
0x0073AD4B	0x0033AD4B	8b 4f 08                        	mov     	ecx, dword ptr [edi + 8]
0x0073AD4E	0x0033AD4E	33 c2                           	xor     	eax, edx
0x0073AD50	0x0033AD50	8b d0                           	mov     	edx, eax
0x0073AD52	0x0033AD52	d3 e2                           	shl     	edx, cl
0x0073AD54	0x0033AD54	8b 4f 0c                        	mov     	ecx, dword ptr [edi + 0xc]
0x0073AD57	0x0033AD57	33 d0                           	xor     	edx, eax
0x0073AD59	0x0033AD59	8b da                           	mov     	ebx, edx
0x0073AD5B	0x0033AD5B	b8 25 49 92 24                  	mov     	eax, 0x24924925
0x0073AD60	0x0033AD60	d3 eb                           	shr     	ebx, cl
0x0073AD62	0x0033AD62	33 da                           	xor     	ebx, edx
0x0073AD64	0x0033AD64	f7 e3                           	mul     	ebx
0x0073AD66	0x0033AD66	8b c3                           	mov     	eax, ebx
0x0073AD68	0x0033AD68	89 1f                           	mov     	dword ptr [edi], ebx
0x0073AD6A	0x0033AD6A	2b c2                           	sub     	eax, edx
0x0073AD6C	0x0033AD6C	d1 e8                           	shr     	eax, 1
0x0073AD6E	0x0033AD6E	03 c2                           	add     	eax, edx
0x0073AD70	0x0033AD70	c1 e8 02                        	shr     	eax, 2
0x0073AD73	0x0033AD73	8d 0c c5 00 00 00 00            	lea     	ecx, [eax*8]
0x0073AD7A	0x0033AD7A	2b c8                           	sub     	ecx, eax
0x0073AD7C	0x0033AD7C	8b c3                           	mov     	eax, ebx
0x0073AD7E	0x0033AD7E	2b c1                           	sub     	eax, ecx
0x0073AD80	0x0033AD80	0f 84 dc 00 00 00               	je      	0x73ae62
0x0073AD86	0x0033AD86	8b cf                           	mov     	ecx, edi
0x0073AD88	0x0033AD88	e8 63 e3 0a 00                  	call    	0x7e90f0
0x0073AD8D	0x0033AD8D	8b 0f                           	mov     	ecx, dword ptr [edi]
0x0073AD8F	0x0033AD8F	8b c1                           	mov     	eax, ecx
0x0073AD91	0x0033AD91	83 e0 03                        	and     	eax, 3
0x0073AD94	0x0033AD94	0f 85 28 01 00 00               	jne     	0x73aec2
0x0073AD9A	0x0033AD9A	8b 35 78 16 c7 00               	mov     	esi, dword ptr [0xc71678]
0x0073ADA0	0x0033ADA0	8b d9                           	mov     	ebx, ecx
0x0073ADA2	0x0033ADA2	50                              	push    	eax
0x0073ADA3	0x0033ADA3	8d 8e a8 ba 01 00               	lea     	ecx, [esi + 0x1baa8]
0x0073ADA9	0x0033ADA9	e8 82 3d 28 00                  	call    	0x9beb30
0x0073ADAE	0x0033ADAE	84 c0                           	test    	al, al
0x0073ADB0	0x0033ADB0	0f 85 b2 00 00 00               	jne     	0x73ae68
0x0073ADB6	0x0033ADB6	6a 08                           	push    	8
0x0073ADB8	0x0033ADB8	8d 8e a8 ba 01 00               	lea     	ecx, [esi + 0x1baa8]
0x0073ADBE	0x0033ADBE	e8 6d 38 28 00                  	call    	0x9be630
0x0073ADC3	0x0033ADC3	85 c0                           	test    	eax, eax
0x0073ADC5	0x0033ADC5	0f 85 9d 00 00 00               	jne     	0x73ae68
0x0073ADCB	0x0033ADCB	6a 0b                           	push    	0xb
0x0073ADCD	0x0033ADCD	8d 8e a8 ba 01 00               	lea     	ecx, [esi + 0x1baa8]
0x0073ADD3	0x0033ADD3	e8 58 38 28 00                  	call    	0x9be630
0x0073ADD8	0x0033ADD8	85 c0                           	test    	eax, eax
0x0073ADDA	0x0033ADDA	0f 84 e8 00 00 00               	je      	0x73aec8
0x0073ADE0	0x0033ADE0	e9 83 00 00 00                  	jmp     	0x73ae68
0x0073ADE5	0x0033ADE5	8b 9d e4 fe ff ff               	mov     	ebx, dword ptr [ebp - 0x11c]
0x0073ADEB	0x0033ADEB	8b 17                           	mov     	edx, dword ptr [edi]
0x0073ADED	0x0033ADED	c7 85 30 ff ff ff 00 00 00 00   	mov     	dword ptr [ebp - 0xd0], 0
0x0073ADF7	0x0033ADF7	85 d2                           	test    	edx, edx
0x0073ADF9	0x0033ADF9	75 16                           	jne     	0x73ae11
0x0073ADFB	0x0033ADFB	68 54 bf b6 00                  	push    	0xb6bf54
0x0073AE00	0x0033AE00	6a 10                           	push    	0x10
0x0073AE02	0x0033AE02	e8 b9 64 2d 00                  	call    	0xa112c0
0x0073AE07	0x0033AE07	8b 17                           	mov     	edx, dword ptr [edi]
0x0073AE09	0x0033AE09	83 c4 08                        	add     	esp, 8
0x0073AE0C	0x0033AE0C	85 d2                           	test    	edx, edx
0x0073AE0E	0x0033AE0E	75 01                           	jne     	0x73ae11
0x0073AE10	0x0033AE10	cc                              	int3    	
0x0073AE11	0x0033AE11	8b 4f 04                        	mov     	ecx, dword ptr [edi + 4]
0x0073AE14	0x0033AE14	8b c2                           	mov     	eax, edx
0x0073AE16	0x0033AE16	d3 e8                           	shr     	eax, cl
0x0073AE18	0x0033AE18	8b 4f 08                        	mov     	ecx, dword ptr [edi + 8]
0x0073AE1B	0x0033AE1B	33 c2                           	xor     	eax, edx
0x0073AE1D	0x0033AE1D	8b d0                           	mov     	edx, eax
0x0073AE1F	0x0033AE1F	6a ff                           	push    	-1
0x0073AE21	0x0033AE21	d3 e2                           	shl     	edx, cl
0x0073AE23	0x0033AE23	8b 4f 0c                        	mov     	ecx, dword ptr [edi + 0xc]
0x0073AE26	0x0033AE26	33 d0                           	xor     	edx, eax
0x0073AE28	0x0033AE28	6a ff                           	push    	-1
0x0073AE2A	0x0033AE2A	8b c2                           	mov     	eax, edx
0x0073AE2C	0x0033AE2C	d3 e8                           	shr     	eax, cl
0x0073AE2E	0x0033AE2E	8d 8d 30 ff ff ff               	lea     	ecx, [ebp - 0xd0]
0x0073AE34	0x0033AE34	51                              	push    	ecx
0x0073AE35	0x0033AE35	8b 8d 24 ff ff ff               	mov     	ecx, dword ptr [ebp - 0xdc]
0x0073AE3B	0x0033AE3B	33 c2                           	xor     	eax, edx
0x0073AE3D	0x0033AE3D	6a 0a                           	push    	0xa
0x0073AE3F	0x0033AE3F	6a 01                           	push    	1
0x0073AE41	0x0033AE41	6a ff                           	push    	-1
0x0073AE43	0x0033AE43	6a 00                           	push    	0
0x0073AE45	0x0033AE45	6a 0d                           	push    	0xd
0x0073AE47	0x0033AE47	6a 0d                           	push    	0xd
0x0073AE49	0x0033AE49	6a 00                           	push    	0
0x0073AE4B	0x0033AE4B	6a 01                           	push    	1
0x0073AE4D	0x0033AE4D	50                              	push    	eax
0x0073AE4E	0x0033AE4E	89 07                           	mov     	dword ptr [edi], eax
0x0073AE50	0x0033AE50	e8 7b 19 0f 00                  	call    	0x82c7d0
0x0073AE55	0x0033AE55	8b c8                           	mov     	ecx, eax
0x0073AE57	0x0033AE57	89 8d 30 ff ff ff               	mov     	dword ptr [ebp - 0xd0], ecx
0x0073AE5D	0x0033AE5D	e9 73 fe ff ff                  	jmp     	0x73acd5
0x0073AE62	0x0033AE62	8b 35 78 16 c7 00               	mov     	esi, dword ptr [0xc71678]
0x0073AE68	0x0033AE68	8b 85 14 ff ff ff               	mov     	eax, dword ptr [ebp - 0xec]
0x0073AE6E	0x0033AE6E	85 c0                           	test    	eax, eax
0x0073AE70	0x0033AE70	74 1c                           	je      	0x73ae8e
0x0073AE72	0x0033AE72	6a 00                           	push    	0
0x0073AE74	0x0033AE74	51                              	push    	ecx
0x0073AE75	0x0033AE75	8b 8d 2c ff ff ff               	mov     	ecx, dword ptr [ebp - 0xd4]
0x0073AE7B	0x0033AE7B	53                              	push    	ebx
0x0073AE7C	0x0033AE7C	ff b5 30 ff ff ff               	push    	dword ptr [ebp - 0xd0]
0x0073AE82	0x0033AE82	50                              	push    	eax
0x0073AE83	0x0033AE83	e8 28 dc ff ff                  	call    	0x738ab0
0x0073AE88	0x0033AE88	8b 35 78 16 c7 00               	mov     	esi, dword ptr [0xc71678]
0x0073AE8E	0x0033AE8E	8b 9d 20 ff ff ff               	mov     	ebx, dword ptr [ebp - 0xe0]
0x0073AE94	0x0033AE94	a1 9c 16 c7 00                  	mov     	eax, dword ptr [0xc7169c]
0x0073AE99	0x0033AE99	80 b8 e3 00 00 00 00            	cmp     	byte ptr [eax + 0xe3], 0
0x0073AEA0	0x0033AEA0	75 63                           	jne     	0x73af05
0x0073AEA2	0x0033AEA2	83 78 08 02                     	cmp     	dword ptr [eax + 8], 2
0x0073AEA6	0x0033AEA6	75 16                           	jne     	0x73aebe
0x0073AEA8	0x0033AEA8	85 f6                           	test    	esi, esi
0x0073AEAA	0x0033AEAA	74 12                           	je      	0x73aebe
0x0073AEAC	0x0033AEAC	83 be 30 66 02 00 00            	cmp     	dword ptr [esi + 0x26630], 0
0x0073AEB3	0x0033AEB3	77 50                           	ja      	0x73af05
0x0073AEB5	0x0033AEB5	80 be 89 65 02 00 00            	cmp     	byte ptr [esi + 0x26589], 0
0x0073AEBC	0x0033AEBC	75 47                           	jne     	0x73af05
0x0073AEBE	0x0033AEBE	33 c9                           	xor     	ecx, ecx
0x0073AEC0	0x0033AEC0	eb 48                           	jmp     	0x73af0a
0x0073AEC2	0x0033AEC2	8b 35 78 16 c7 00               	mov     	esi, dword ptr [0xc71678]
0x0073AEC8	0x0033AEC8	8b 85 14 ff ff ff               	mov     	eax, dword ptr [ebp - 0xec]
0x0073AECE	0x0033AECE	85 c0                           	test    	eax, eax
0x0073AED0	0x0033AED0	74 bc                           	je      	0x73ae8e
0x0073AED2	0x0033AED2	8b 9d 20 ff ff ff               	mov     	ebx, dword ptr [ebp - 0xe0]
0x0073AED8	0x0033AED8	83 c0 04                        	add     	eax, 4
0x0073AEDB	0x0033AEDB	8b 93 74 03 00 00               	mov     	edx, dword ptr [ebx + 0x374]
0x0073AEE1	0x0033AEE1	8d 8b 70 03 00 00               	lea     	ecx, [ebx + 0x370]
0x0073AEE7	0x0033AEE7	3b 51 08                        	cmp     	edx, dword ptr [ecx + 8]
0x0073AEEA	0x0033AEEA	74 0a                           	je      	0x73aef6
0x0073AEEC	0x0033AEEC	8b 00                           	mov     	eax, dword ptr [eax]
0x0073AEEE	0x0033AEEE	89 02                           	mov     	dword ptr [edx], eax
0x0073AEF0	0x0033AEF0	83 41 04 04                     	add     	dword ptr [ecx + 4], 4
0x0073AEF4	0x0033AEF4	eb 9e                           	jmp     	0x73ae94
0x0073AEF6	0x0033AEF6	50                              	push    	eax
0x0073AEF7	0x0033AEF7	52                              	push    	edx
0x0073AEF8	0x0033AEF8	e8 23 1a cf ff                  	call    	0x42c920
0x0073AEFD	0x0033AEFD	8b 35 78 16 c7 00               	mov     	esi, dword ptr [0xc71678]
0x0073AF03	0x0033AF03	eb 8f                           	jmp     	0x73ae94
0x0073AF05	0x0033AF05	b9 01 00 00 00                  	mov     	ecx, 1
0x0073AF0A	0x0033AF0A	80 b8 e4 00 00 00 00            	cmp     	byte ptr [eax + 0xe4], 0
0x0073AF11	0x0033AF11	75 1c                           	jne     	0x73af2f
0x0073AF13	0x0033AF13	83 78 08 02                     	cmp     	dword ptr [eax + 8], 2
0x0073AF17	0x0033AF17	75 1b                           	jne     	0x73af34
0x0073AF19	0x0033AF19	85 f6                           	test    	esi, esi
0x0073AF1B	0x0033AF1B	74 17                           	je      	0x73af34
0x0073AF1D	0x0033AF1D	83 be 30 66 02 00 00            	cmp     	dword ptr [esi + 0x26630], 0
0x0073AF24	0x0033AF24	77 09                           	ja      	0x73af2f
0x0073AF26	0x0033AF26	80 be 89 65 02 00 00            	cmp     	byte ptr [esi + 0x26589], 0
0x0073AF2D	0x0033AF2D	74 05                           	je      	0x73af34
0x0073AF2F	0x0033AF2F	b9 02 00 00 00                  	mov     	ecx, 2
0x0073AF34	0x0033AF34	80 b8 e5 00 00 00 00            	cmp     	byte ptr [eax + 0xe5], 0
0x0073AF3B	0x0033AF3B	75 1c                           	jne     	0x73af59
0x0073AF3D	0x0033AF3D	83 78 08 02                     	cmp     	dword ptr [eax + 8], 2
0x0073AF41	0x0033AF41	75 1b                           	jne     	0x73af5e
0x0073AF43	0x0033AF43	85 f6                           	test    	esi, esi
0x0073AF45	0x0033AF45	74 17                           	je      	0x73af5e
0x0073AF47	0x0033AF47	83 be 30 66 02 00 00            	cmp     	dword ptr [esi + 0x26630], 0
0x0073AF4E	0x0033AF4E	77 09                           	ja      	0x73af59
0x0073AF50	0x0033AF50	80 be 89 65 02 00 00            	cmp     	byte ptr [esi + 0x26589], 0
0x0073AF57	0x0033AF57	74 05                           	je      	0x73af5e
0x0073AF59	0x0033AF59	b9 03 00 00 00                  	mov     	ecx, 3
0x0073AF5E	0x0033AF5E	80 b8 e6 00 00 00 00            	cmp     	byte ptr [eax + 0xe6], 0
0x0073AF65	0x0033AF65	75 1c                           	jne     	0x73af83
0x0073AF67	0x0033AF67	83 78 08 02                     	cmp     	dword ptr [eax + 8], 2
0x0073AF6B	0x0033AF6B	75 1b                           	jne     	0x73af88
0x0073AF6D	0x0033AF6D	85 f6                           	test    	esi, esi
0x0073AF6F	0x0033AF6F	74 17                           	je      	0x73af88
0x0073AF71	0x0033AF71	83 be 30 66 02 00 00            	cmp     	dword ptr [esi + 0x26630], 0
0x0073AF78	0x0033AF78	77 09                           	ja      	0x73af83
0x0073AF7A	0x0033AF7A	80 be 89 65 02 00 00            	cmp     	byte ptr [esi + 0x26589], 0
0x0073AF81	0x0033AF81	74 05                           	je      	0x73af88
0x0073AF83	0x0033AF83	b9 04 00 00 00                  	mov     	ecx, 4
0x0073AF88	0x0033AF88	8d 41 01                        	lea     	eax, [ecx + 1]
0x0073AF8B	0x0033AF8B	8b cf                           	mov     	ecx, edi
0x0073AF8D	0x0033AF8D	50                              	push    	eax
0x0073AF8E	0x0033AF8E	e8 8d e0 0a 00                  	call    	0x7e9020
0x0073AF93	0x0033AF93	8b 17                           	mov     	edx, dword ptr [edi]
0x0073AF95	0x0033AF95	8b f0                           	mov     	esi, eax
0x0073AF97	0x0033AF97	c7 85 30 ff ff ff 00 00 00 00   	mov     	dword ptr [ebp - 0xd0], 0
0x0073AFA1	0x0033AFA1	85 d2                           	test    	edx, edx
0x0073AFA3	0x0033AFA3	75 16                           	jne     	0x73afbb
0x0073AFA5	0x0033AFA5	68 54 bf b6 00                  	push    	0xb6bf54
0x0073AFAA	0x0033AFAA	6a 10                           	push    	0x10
0x0073AFAC	0x0033AFAC	e8 0f 63 2d 00                  	call    	0xa112c0
0x0073AFB1	0x0033AFB1	8b 17                           	mov     	edx, dword ptr [edi]
0x0073AFB3	0x0033AFB3	83 c4 08                        	add     	esp, 8
0x0073AFB6	0x0033AFB6	85 d2                           	test    	edx, edx
0x0073AFB8	0x0033AFB8	75 01                           	jne     	0x73afbb
0x0073AFBA	0x0033AFBA	cc                              	int3    	
0x0073AFBB	0x0033AFBB	8b 4f 04                        	mov     	ecx, dword ptr [edi + 4]
0x0073AFBE	0x0033AFBE	8b c2                           	mov     	eax, edx
0x0073AFC0	0x0033AFC0	d3 e8                           	shr     	eax, cl
0x0073AFC2	0x0033AFC2	8b 4f 08                        	mov     	ecx, dword ptr [edi + 8]
0x0073AFC5	0x0033AFC5	33 c2                           	xor     	eax, edx
0x0073AFC7	0x0033AFC7	8b d0                           	mov     	edx, eax
0x0073AFC9	0x0033AFC9	6a ff                           	push    	-1
0x0073AFCB	0x0033AFCB	d3 e2                           	shl     	edx, cl
0x0073AFCD	0x0033AFCD	8b 4f 0c                        	mov     	ecx, dword ptr [edi + 0xc]
0x0073AFD0	0x0033AFD0	33 d0                           	xor     	edx, eax
0x0073AFD2	0x0033AFD2	56                              	push    	esi
0x0073AFD3	0x0033AFD3	8b c2                           	mov     	eax, edx
0x0073AFD5	0x0033AFD5	d3 e8                           	shr     	eax, cl
0x0073AFD7	0x0033AFD7	8d 8d 30 ff ff ff               	lea     	ecx, [ebp - 0xd0]
0x0073AFDD	0x0033AFDD	51                              	push    	ecx
0x0073AFDE	0x0033AFDE	8b 8d 24 ff ff ff               	mov     	ecx, dword ptr [ebp - 0xdc]
0x0073AFE4	0x0033AFE4	33 c2                           	xor     	eax, edx
0x0073AFE6	0x0033AFE6	6a 0a                           	push    	0xa
0x0073AFE8	0x0033AFE8	6a 01                           	push    	1
0x0073AFEA	0x0033AFEA	6a ff                           	push    	-1
0x0073AFEC	0x0033AFEC	6a 00                           	push    	0
0x0073AFEE	0x0033AFEE	6a 0d                           	push    	0xd
0x0073AFF0	0x0033AFF0	6a 0c                           	push    	0xc
0x0073AFF2	0x0033AFF2	6a 00                           	push    	0
0x0073AFF4	0x0033AFF4	6a 00                           	push    	0
0x0073AFF6	0x0033AFF6	50                              	push    	eax
0x0073AFF7	0x0033AFF7	89 07                           	mov     	dword ptr [edi], eax
0x0073AFF9	0x0033AFF9	e8 d2 17 0f 00                  	call    	0x82c7d0
0x0073AFFE	0x0033AFFE	89 85 14 ff ff ff               	mov     	dword ptr [ebp - 0xec], eax
0x0073B004	0x0033B004	8d 48 38                        	lea     	ecx, [eax + 0x38]
0x0073B007	0x0033B007	51                              	push    	ecx
0x0073B008	0x0033B008	ff 70 48                        	push    	dword ptr [eax + 0x48]
0x0073B00B	0x0033B00B	8b cb                           	mov     	ecx, ebx
0x0073B00D	0x0033B00D	e8 ce 30 27 00                  	call    	0x9ae0e0
0x0073B012	0x0033B012	8b b5 e4 fe ff ff               	mov     	esi, dword ptr [ebp - 0x11c]
0x0073B018	0x0033B018	8b d8                           	mov     	ebx, eax
0x0073B01A	0x0033B01A	8d 85 30 ff ff ff               	lea     	eax, [ebp - 0xd0]
0x0073B020	0x0033B020	c7 85 30 ff ff ff 0c 00 00 00   	mov     	dword ptr [ebp - 0xd0], 0xc
0x0073B02A	0x0033B02A	50                              	push    	eax
0x0073B02B	0x0033B02B	8d 85 fc fe ff ff               	lea     	eax, [ebp - 0x104]
0x0073B031	0x0033B031	8b ce                           	mov     	ecx, esi
0x0073B033	0x0033B033	50                              	push    	eax
0x0073B034	0x0033B034	e8 67 d8 ce ff                  	call    	0x4288a0
0x0073B039	0x0033B039	8b 85 04 ff ff ff               	mov     	eax, dword ptr [ebp - 0xfc]
0x0073B03F	0x0033B03F	80 78 0d 00                     	cmp     	byte ptr [eax + 0xd], 0
0x0073B043	0x0033B043	75 0a                           	jne     	0x73b04f
0x0073B045	0x0033B045	83 78 10 0c                     	cmp     	dword ptr [eax + 0x10], 0xc
0x0073B049	0x0033B049	7f 04                           	jg      	0x73b04f
0x0073B04B	0x0033B04B	3b 06                           	cmp     	eax, dword ptr [esi]
0x0073B04D	0x0033B04D	75 76                           	jne     	0x73b0c5
0x0073B04F	0x0033B04F	8b 17                           	mov     	edx, dword ptr [edi]
0x0073B051	0x0033B051	85 d2                           	test    	edx, edx
0x0073B053	0x0033B053	75 16                           	jne     	0x73b06b
0x0073B055	0x0033B055	68 54 bf b6 00                  	push    	0xb6bf54
0x0073B05A	0x0033B05A	6a 10                           	push    	0x10
0x0073B05C	0x0033B05C	e8 5f 62 2d 00                  	call    	0xa112c0
0x0073B061	0x0033B061	8b 17                           	mov     	edx, dword ptr [edi]
0x0073B063	0x0033B063	83 c4 08                        	add     	esp, 8
0x0073B066	0x0033B066	85 d2                           	test    	edx, edx
0x0073B068	0x0033B068	75 01                           	jne     	0x73b06b
0x0073B06A	0x0033B06A	cc                              	int3    	
0x0073B06B	0x0033B06B	8b 4f 04                        	mov     	ecx, dword ptr [edi + 4]
0x0073B06E	0x0033B06E	8b c2                           	mov     	eax, edx
0x0073B070	0x0033B070	d3 e8                           	shr     	eax, cl
0x0073B072	0x0033B072	8b 4f 08                        	mov     	ecx, dword ptr [edi + 8]
0x0073B075	0x0033B075	33 c2                           	xor     	eax, edx
0x0073B077	0x0033B077	8b d0                           	mov     	edx, eax
0x0073B079	0x0033B079	d3 e2                           	shl     	edx, cl
0x0073B07B	0x0033B07B	8b 4f 0c                        	mov     	ecx, dword ptr [edi + 0xc]
0x0073B07E	0x0033B07E	33 d0                           	xor     	edx, eax
0x0073B080	0x0033B080	8b f2                           	mov     	esi, edx
0x0073B082	0x0033B082	b8 cd cc cc cc                  	mov     	eax, 0xcccccccd
0x0073B087	0x0033B087	d3 ee                           	shr     	esi, cl
0x0073B089	0x0033B089	33 f2                           	xor     	esi, edx
0x0073B08B	0x0033B08B	f7 e6                           	mul     	esi
0x0073B08D	0x0033B08D	8b c6                           	mov     	eax, esi
0x0073B08F	0x0033B08F	89 37                           	mov     	dword ptr [edi], esi
0x0073B091	0x0033B091	c1 ea 04                        	shr     	edx, 4
0x0073B094	0x0033B094	8d 0c 92                        	lea     	ecx, [edx + edx*4]
0x0073B097	0x0033B097	c1 e1 02                        	shl     	ecx, 2
0x0073B09A	0x0033B09A	2b c1                           	sub     	eax, ecx
0x0073B09C	0x0033B09C	74 55                           	je      	0x73b0f3
0x0073B09E	0x0033B09E	8b cf                           	mov     	ecx, edi
0x0073B0A0	0x0033B0A0	e8 4b e0 0a 00                  	call    	0x7e90f0
0x0073B0A5	0x0033B0A5	8b 37                           	mov     	esi, dword ptr [edi]
0x0073B0A7	0x0033B0A7	8b c6                           	mov     	eax, esi
0x0073B0A9	0x0033B0A9	83 e0 03                        	and     	eax, 3
0x0073B0AC	0x0033B0AC	75 17                           	jne     	0x73b0c5
0x0073B0AE	0x0033B0AE	8b 0d 78 16 c7 00               	mov     	ecx, dword ptr [0xc71678]
0x0073B0B4	0x0033B0B4	81 c1 48 65 02 00               	add     	ecx, 0x26548
0x0073B0BA	0x0033B0BA	6a 08                           	push    	8
0x0073B0BC	0x0033B0BC	e8 8f 81 ce ff                  	call    	0x423250
0x0073B0C1	0x0033B0C1	84 c0                           	test    	al, al
0x0073B0C3	0x0033B0C3	75 2e                           	jne     	0x73b0f3
0x0073B0C5	0x0033B0C5	85 db                           	test    	ebx, ebx
0x0073B0C7	0x0033B0C7	74 44                           	je      	0x73b10d
0x0073B0C9	0x0033B0C9	8b 8d 20 ff ff ff               	mov     	ecx, dword ptr [ebp - 0xe0]
0x0073B0CF	0x0033B0CF	83 c3 04                        	add     	ebx, 4
0x0073B0D2	0x0033B0D2	81 c1 70 03 00 00               	add     	ecx, 0x370
0x0073B0D8	0x0033B0D8	8b 51 04                        	mov     	edx, dword ptr [ecx + 4]
0x0073B0DB	0x0033B0DB	3b 51 08                        	cmp     	edx, dword ptr [ecx + 8]
0x0073B0DE	0x0033B0DE	74 0a                           	je      	0x73b0ea
0x0073B0E0	0x0033B0E0	8b 03                           	mov     	eax, dword ptr [ebx]
0x0073B0E2	0x0033B0E2	89 02                           	mov     	dword ptr [edx], eax
0x0073B0E4	0x0033B0E4	83 41 04 04                     	add     	dword ptr [ecx + 4], 4
0x0073B0E8	0x0033B0E8	eb 23                           	jmp     	0x73b10d
0x0073B0EA	0x0033B0EA	53                              	push    	ebx
0x0073B0EB	0x0033B0EB	52                              	push    	edx
0x0073B0EC	0x0033B0EC	e8 2f 18 cf ff                  	call    	0x42c920
0x0073B0F1	0x0033B0F1	eb 1a                           	jmp     	0x73b10d
0x0073B0F3	0x0033B0F3	85 db                           	test    	ebx, ebx
0x0073B0F5	0x0033B0F5	74 16                           	je      	0x73b10d
0x0073B0F7	0x0033B0F7	6a 00                           	push    	0
0x0073B0F9	0x0033B0F9	51                              	push    	ecx
0x0073B0FA	0x0033B0FA	8b 8d 2c ff ff ff               	mov     	ecx, dword ptr [ebp - 0xd4]
0x0073B100	0x0033B100	56                              	push    	esi
0x0073B101	0x0033B101	ff b5 14 ff ff ff               	push    	dword ptr [ebp - 0xec]
0x0073B107	0x0033B107	53                              	push    	ebx
0x0073B108	0x0033B108	e8 a3 d9 ff ff                  	call    	0x738ab0
0x0073B10D	0x0033B10D	8b 17                           	mov     	edx, dword ptr [edi]
0x0073B10F	0x0033B10F	85 d2                           	test    	edx, edx
0x0073B111	0x0033B111	75 16                           	jne     	0x73b129
0x0073B113	0x0033B113	68 54 bf b6 00                  	push    	0xb6bf54
0x0073B118	0x0033B118	6a 10                           	push    	0x10
0x0073B11A	0x0033B11A	e8 a1 61 2d 00                  	call    	0xa112c0
0x0073B11F	0x0033B11F	8b 17                           	mov     	edx, dword ptr [edi]
0x0073B121	0x0033B121	83 c4 08                        	add     	esp, 8
0x0073B124	0x0033B124	85 d2                           	test    	edx, edx
0x0073B126	0x0033B126	75 01                           	jne     	0x73b129
0x0073B128	0x0033B128	cc                              	int3    	
0x0073B129	0x0033B129	8b 4f 04                        	mov     	ecx, dword ptr [edi + 4]
0x0073B12C	0x0033B12C	8b c2                           	mov     	eax, edx
0x0073B12E	0x0033B12E	f3 0f 7e 05 e0 f7 b1 00         	movq    	xmm0, qword ptr [0xb1f7e0]
0x0073B136	0x0033B136	bb 01 00 00 00                  	mov     	ebx, 1
0x0073B13B	0x0033B13B	d3 e8                           	shr     	eax, cl
0x0073B13D	0x0033B13D	8b 4f 08                        	mov     	ecx, dword ptr [edi + 8]
0x0073B140	0x0033B140	33 c2                           	xor     	eax, edx
0x0073B142	0x0033B142	8b d0                           	mov     	edx, eax
0x0073B144	0x0033B144	66 0f d6 85 ec fe ff ff         	movq    	qword ptr [ebp - 0x114], xmm0
0x0073B14C	0x0033B14C	d3 e2                           	shl     	edx, cl
0x0073B14E	0x0033B14E	8b 4f 0c                        	mov     	ecx, dword ptr [edi + 0xc]
0x0073B151	0x0033B151	33 d0                           	xor     	edx, eax
0x0073B153	0x0033B153	8b f2                           	mov     	esi, edx
0x0073B155	0x0033B155	d3 ee                           	shr     	esi, cl
0x0073B157	0x0033B157	8b 0d 78 16 c7 00               	mov     	ecx, dword ptr [0xc71678]
0x0073B15D	0x0033B15D	33 f2                           	xor     	esi, edx
0x0073B15F	0x0033B15F	53                              	push    	ebx
0x0073B160	0x0033B160	81 c1 a8 ba 01 00               	add     	ecx, 0x1baa8
0x0073B166	0x0033B166	89 37                           	mov     	dword ptr [edi], esi
0x0073B168	0x0033B168	8b 3d e8 f7 b1 00               	mov     	edi, dword ptr [0xb1f7e8]
0x0073B16E	0x0033B16E	51                              	push    	ecx
0x0073B16F	0x0033B16F	68 57 02 00 00                  	push    	0x257
0x0073B174	0x0033B174	e8 07 2f 28 00                  	call    	0x9be080
0x0073B179	0x0033B179	85 c0                           	test    	eax, eax
0x0073B17B	0x0033B17B	0f 95 c1                        	setne   	cl
0x0073B17E	0x0033B17E	85 c0                           	test    	eax, eax
0x0073B180	0x0033B180	b8 02 00 00 00                  	mov     	eax, 2
0x0073B185	0x0033B185	88 8d 3b ff ff ff               	mov     	byte ptr [ebp - 0xc5], cl
0x0073B18B	0x0033B18B	0f 45 d8                        	cmovne  	ebx, eax
0x0073B18E	0x0033B18E	89 9d 30 ff ff ff               	mov     	dword ptr [ebp - 0xd0], ebx
0x0073B194	0x0033B194	8b 9d f0 fe ff ff               	mov     	ebx, dword ptr [ebp - 0x110]
0x0073B19A	0x0033B19A	66 0f 1f 44 00 00               	nop     	word ptr [eax + eax]
0x0073B1A0	0x0033B1A0	84 c9                           	test    	cl, cl
0x0073B1A2	0x0033B1A2	74 6d                           	je      	0x73b211
0x0073B1A4	0x0033B1A4	c7 85 14 ff ff ff 00 00 00 00   	mov     	dword ptr [ebp - 0xec], 0
0x0073B1AE	0x0033B1AE	85 f6                           	test    	esi, esi
0x0073B1B0	0x0033B1B0	75 10                           	jne     	0x73b1c2
0x0073B1B2	0x0033B1B2	68 54 bf b6 00                  	push    	0xb6bf54
0x0073B1B7	0x0033B1B7	6a 10                           	push    	0x10
0x0073B1B9	0x0033B1B9	e8 02 61 2d 00                  	call    	0xa112c0
0x0073B1BE	0x0033B1BE	83 c4 08                        	add     	esp, 8
0x0073B1C1	0x0033B1C1	cc                              	int3    	
0x0073B1C2	0x0033B1C2	8b 8d ec fe ff ff               	mov     	ecx, dword ptr [ebp - 0x114]
0x0073B1C8	0x0033B1C8	8b d6                           	mov     	edx, esi
0x0073B1CA	0x0033B1CA	d3 ea                           	shr     	edx, cl
0x0073B1CC	0x0033B1CC	8b cb                           	mov     	ecx, ebx
0x0073B1CE	0x0033B1CE	33 d6                           	xor     	edx, esi
0x0073B1D0	0x0033B1D0	6a ff                           	push    	-1
0x0073B1D2	0x0033B1D2	8b c2                           	mov     	eax, edx
0x0073B1D4	0x0033B1D4	d3 e0                           	shl     	eax, cl
0x0073B1D6	0x0033B1D6	8b cf                           	mov     	ecx, edi
0x0073B1D8	0x0033B1D8	33 c2                           	xor     	eax, edx
0x0073B1DA	0x0033B1DA	6a 01                           	push    	1
0x0073B1DC	0x0033B1DC	8b f0                           	mov     	esi, eax
0x0073B1DE	0x0033B1DE	d3 ee                           	shr     	esi, cl
0x0073B1E0	0x0033B1E0	8b 8d 24 ff ff ff               	mov     	ecx, dword ptr [ebp - 0xdc]
0x0073B1E6	0x0033B1E6	33 f0                           	xor     	esi, eax
0x0073B1E8	0x0033B1E8	8d 85 14 ff ff ff               	lea     	eax, [ebp - 0xec]
0x0073B1EE	0x0033B1EE	50                              	push    	eax
0x0073B1EF	0x0033B1EF	6a 0a                           	push    	0xa
0x0073B1F1	0x0033B1F1	6a 01                           	push    	1
0x0073B1F3	0x0033B1F3	6a ff                           	push    	-1
0x0073B1F5	0x0033B1F5	6a 00                           	push    	0
0x0073B1F7	0x0033B1F7	6a 0d                           	push    	0xd
0x0073B1F9	0x0033B1F9	6a 0a                           	push    	0xa
0x0073B1FB	0x0033B1FB	6a 00                           	push    	0
0x0073B1FD	0x0033B1FD	6a 01                           	push    	1
0x0073B1FF	0x0033B1FF	56                              	push    	esi
0x0073B200	0x0033B200	e8 cb 15 0f 00                  	call    	0x82c7d0
0x0073B205	0x0033B205	8b c8                           	mov     	ecx, eax
0x0073B207	0x0033B207	89 8d 14 ff ff ff               	mov     	dword ptr [ebp - 0xec], ecx
0x0073B20D	0x0033B20D	85 c9                           	test    	ecx, ecx
0x0073B20F	0x0033B20F	75 69                           	jne     	0x73b27a
0x0073B211	0x0033B211	c7 85 14 ff ff ff 00 00 00 00   	mov     	dword ptr [ebp - 0xec], 0
0x0073B21B	0x0033B21B	85 f6                           	test    	esi, esi
0x0073B21D	0x0033B21D	75 10                           	jne     	0x73b22f
0x0073B21F	0x0033B21F	68 54 bf b6 00                  	push    	0xb6bf54
0x0073B224	0x0033B224	6a 10                           	push    	0x10
0x0073B226	0x0033B226	e8 95 60 2d 00                  	call    	0xa112c0
0x0073B22B	0x0033B22B	83 c4 08                        	add     	esp, 8
0x0073B22E	0x0033B22E	cc                              	int3    	
0x0073B22F	0x0033B22F	8b 8d ec fe ff ff               	mov     	ecx, dword ptr [ebp - 0x114]
0x0073B235	0x0033B235	8b d6                           	mov     	edx, esi
0x0073B237	0x0033B237	d3 ea                           	shr     	edx, cl
0x0073B239	0x0033B239	8b cb                           	mov     	ecx, ebx
0x0073B23B	0x0033B23B	33 d6                           	xor     	edx, esi
0x0073B23D	0x0033B23D	6a ff                           	push    	-1
0x0073B23F	0x0033B23F	8b c2                           	mov     	eax, edx
0x0073B241	0x0033B241	d3 e0                           	shl     	eax, cl
0x0073B243	0x0033B243	8b cf                           	mov     	ecx, edi
0x0073B245	0x0033B245	33 c2                           	xor     	eax, edx
0x0073B247	0x0033B247	6a 00                           	push    	0
0x0073B249	0x0033B249	8b f0                           	mov     	esi, eax
0x0073B24B	0x0033B24B	d3 ee                           	shr     	esi, cl
0x0073B24D	0x0033B24D	8b 8d 24 ff ff ff               	mov     	ecx, dword ptr [ebp - 0xdc]
0x0073B253	0x0033B253	33 f0                           	xor     	esi, eax
0x0073B255	0x0033B255	8d 85 14 ff ff ff               	lea     	eax, [ebp - 0xec]
0x0073B25B	0x0033B25B	50                              	push    	eax
0x0073B25C	0x0033B25C	6a 0a                           	push    	0xa
0x0073B25E	0x0033B25E	6a 01                           	push    	1
0x0073B260	0x0033B260	6a ff                           	push    	-1
0x0073B262	0x0033B262	6a 00                           	push    	0
0x0073B264	0x0033B264	6a 0d                           	push    	0xd
0x0073B266	0x0033B266	6a 0a                           	push    	0xa
0x0073B268	0x0033B268	6a 00                           	push    	0
0x0073B26A	0x0033B26A	6a 01                           	push    	1
0x0073B26C	0x0033B26C	56                              	push    	esi
0x0073B26D	0x0033B26D	e8 5e 15 0f 00                  	call    	0x82c7d0
0x0073B272	0x0033B272	8b c8                           	mov     	ecx, eax
0x0073B274	0x0033B274	89 85 14 ff ff ff               	mov     	dword ptr [ebp - 0xec], eax
0x0073B27A	0x0033B27A	8d 41 38                        	lea     	eax, [ecx + 0x38]
0x0073B27D	0x0033B27D	50                              	push    	eax
0x0073B27E	0x0033B27E	ff 71 48                        	push    	dword ptr [ecx + 0x48]
0x0073B281	0x0033B281	8b 8d 20 ff ff ff               	mov     	ecx, dword ptr [ebp - 0xe0]
0x0073B287	0x0033B287	e8 54 2e 27 00                  	call    	0x9ae0e0
0x0073B28C	0x0033B28C	8b 8d e4 fe ff ff               	mov     	ecx, dword ptr [ebp - 0x11c]
0x0073B292	0x0033B292	8b d8                           	mov     	ebx, eax
0x0073B294	0x0033B294	8d 85 28 ff ff ff               	lea     	eax, [ebp - 0xd8]
0x0073B29A	0x0033B29A	89 9d 1c ff ff ff               	mov     	dword ptr [ebp - 0xe4], ebx
0x0073B2A0	0x0033B2A0	50                              	push    	eax
0x0073B2A1	0x0033B2A1	8d 85 fc fe ff ff               	lea     	eax, [ebp - 0x104]
0x0073B2A7	0x0033B2A7	c7 85 28 ff ff ff 0a 00 00 00   	mov     	dword ptr [ebp - 0xd8], 0xa
0x0073B2B1	0x0033B2B1	50                              	push    	eax
0x0073B2B2	0x0033B2B2	e8 e9 d5 ce ff                  	call    	0x4288a0
0x0073B2B7	0x0033B2B7	8b 8d 04 ff ff ff               	mov     	ecx, dword ptr [ebp - 0xfc]
0x0073B2BD	0x0033B2BD	80 79 0d 00                     	cmp     	byte ptr [ecx + 0xd], 0
0x0073B2C1	0x0033B2C1	75 48                           	jne     	0x73b30b
0x0073B2C3	0x0033B2C3	83 79 10 0a                     	cmp     	dword ptr [ecx + 0x10], 0xa
0x0073B2C7	0x0033B2C7	7f 42                           	jg      	0x73b30b
0x0073B2C9	0x0033B2C9	8b 85 e4 fe ff ff               	mov     	eax, dword ptr [ebp - 0x11c]
0x0073B2CF	0x0033B2CF	3b 08                           	cmp     	ecx, dword ptr [eax]
0x0073B2D1	0x0033B2D1	74 38                           	je      	0x73b30b
0x0073B2D3	0x0033B2D3	85 db                           	test    	ebx, ebx
0x0073B2D5	0x0033B2D5	0f 84 b9 00 00 00               	je      	0x73b394
0x0073B2DB	0x0033B2DB	8b 8d 20 ff ff ff               	mov     	ecx, dword ptr [ebp - 0xe0]
0x0073B2E1	0x0033B2E1	8d 43 04                        	lea     	eax, [ebx + 4]
0x0073B2E4	0x0033B2E4	81 c1 70 03 00 00               	add     	ecx, 0x370
0x0073B2EA	0x0033B2EA	8b 51 04                        	mov     	edx, dword ptr [ecx + 4]
0x0073B2ED	0x0033B2ED	3b 51 08                        	cmp     	edx, dword ptr [ecx + 8]
0x0073B2F0	0x0033B2F0	74 0d                           	je      	0x73b2ff
0x0073B2F2	0x0033B2F2	8b 00                           	mov     	eax, dword ptr [eax]
0x0073B2F4	0x0033B2F4	89 02                           	mov     	dword ptr [edx], eax
0x0073B2F6	0x0033B2F6	83 41 04 04                     	add     	dword ptr [ecx + 4], 4
0x0073B2FA	0x0033B2FA	e9 95 00 00 00                  	jmp     	0x73b394
0x0073B2FF	0x0033B2FF	50                              	push    	eax
0x0073B300	0x0033B300	52                              	push    	edx
0x0073B301	0x0033B301	e8 1a 16 cf ff                  	call    	0x42c920
0x0073B306	0x0033B306	e9 89 00 00 00                  	jmp     	0x73b394
0x0073B30B	0x0033B30B	85 f6                           	test    	esi, esi
0x0073B30D	0x0033B30D	75 10                           	jne     	0x73b31f
0x0073B30F	0x0033B30F	68 54 bf b6 00                  	push    	0xb6bf54
0x0073B314	0x0033B314	6a 10                           	push    	0x10
0x0073B316	0x0033B316	e8 a5 5f 2d 00                  	call    	0xa112c0
0x0073B31B	0x0033B31B	83 c4 08                        	add     	esp, 8
0x0073B31E	0x0033B31E	cc                              	int3    	
0x0073B31F	0x0033B31F	8b 8d ec fe ff ff               	mov     	ecx, dword ptr [ebp - 0x114]
0x0073B325	0x0033B325	8b c6                           	mov     	eax, esi
0x0073B327	0x0033B327	d3 e8                           	shr     	eax, cl
0x0073B329	0x0033B329	8b 8d f0 fe ff ff               	mov     	ecx, dword ptr [ebp - 0x110]
0x0073B32F	0x0033B32F	33 c6                           	xor     	eax, esi
0x0073B331	0x0033B331	8b d0                           	mov     	edx, eax
0x0073B333	0x0033B333	d3 e2                           	shl     	edx, cl
0x0073B335	0x0033B335	8b cf                           	mov     	ecx, edi
0x0073B337	0x0033B337	33 d0                           	xor     	edx, eax
0x0073B339	0x0033B339	8b f2                           	mov     	esi, edx
0x0073B33B	0x0033B33B	d3 ee                           	shr     	esi, cl
0x0073B33D	0x0033B33D	33 f2                           	xor     	esi, edx
0x0073B33F	0x0033B33F	8b c6                           	mov     	eax, esi
0x0073B341	0x0033B341	83 e0 01                        	and     	eax, 1
0x0073B344	0x0033B344	74 34                           	je      	0x73b37a
0x0073B346	0x0033B346	85 f6                           	test    	esi, esi
0x0073B348	0x0033B348	75 10                           	jne     	0x73b35a
0x0073B34A	0x0033B34A	68 54 bf b6 00                  	push    	0xb6bf54
0x0073B34F	0x0033B34F	6a 10                           	push    	0x10
0x0073B351	0x0033B351	e8 6a 5f 2d 00                  	call    	0xa112c0
0x0073B356	0x0033B356	83 c4 08                        	add     	esp, 8
0x0073B359	0x0033B359	cc                              	int3    	
0x0073B35A	0x0033B35A	8b 8d ec fe ff ff               	mov     	ecx, dword ptr [ebp - 0x114]
0x0073B360	0x0033B360	8b d6                           	mov     	edx, esi
0x0073B362	0x0033B362	d3 ea                           	shr     	edx, cl
0x0073B364	0x0033B364	8b 8d f0 fe ff ff               	mov     	ecx, dword ptr [ebp - 0x110]
0x0073B36A	0x0033B36A	33 d6                           	xor     	edx, esi
0x0073B36C	0x0033B36C	8b c2                           	mov     	eax, edx
0x0073B36E	0x0033B36E	d3 e0                           	shl     	eax, cl
0x0073B370	0x0033B370	8b cf                           	mov     	ecx, edi
0x0073B372	0x0033B372	33 c2                           	xor     	eax, edx
0x0073B374	0x0033B374	8b f0                           	mov     	esi, eax
0x0073B376	0x0033B376	d3 ee                           	shr     	esi, cl
0x0073B378	0x0033B378	33 f0                           	xor     	esi, eax
0x0073B37A	0x0033B37A	85 db                           	test    	ebx, ebx
0x0073B37C	0x0033B37C	74 16                           	je      	0x73b394
0x0073B37E	0x0033B37E	6a 00                           	push    	0
0x0073B380	0x0033B380	51                              	push    	ecx
0x0073B381	0x0033B381	8b 8d 2c ff ff ff               	mov     	ecx, dword ptr [ebp - 0xd4]
0x0073B387	0x0033B387	56                              	push    	esi
0x0073B388	0x0033B388	ff b5 14 ff ff ff               	push    	dword ptr [ebp - 0xec]
0x0073B38E	0x0033B38E	53                              	push    	ebx
0x0073B38F	0x0033B38F	e8 1c d7 ff ff                  	call    	0x738ab0
0x0073B394	0x0033B394	83 ad 30 ff ff ff 01            	sub     	dword ptr [ebp - 0xd0], 1
0x0073B39B	0x0033B39B	8b 9d f0 fe ff ff               	mov     	ebx, dword ptr [ebp - 0x110]
0x0073B3A1	0x0033B3A1	8a 8d 3b ff ff ff               	mov     	cl, byte ptr [ebp - 0xc5]
0x0073B3A7	0x0033B3A7	0f 85 f3 fd ff ff               	jne     	0x73b1a0
0x0073B3AD	0x0033B3AD	8b 85 2c ff ff ff               	mov     	eax, dword ptr [ebp - 0xd4]
0x0073B3B3	0x0033B3B3	83 cb ff                        	or      	ebx, 0xffffffff
0x0073B3B6	0x0033B3B6	8b bd dc fe ff ff               	mov     	edi, dword ptr [ebp - 0x124]
0x0073B3BC	0x0033B3BC	b9 0a 00 00 00                  	mov     	ecx, 0xa
0x0073B3C1	0x0033B3C1	c7 85 28 ff ff ff 00 00 00 00   	mov     	dword ptr [ebp - 0xd8], 0
0x0073B3CB	0x0033B3CB	83 38 07                        	cmp     	dword ptr [eax], 7
0x0073B3CE	0x0033B3CE	b8 01 00 00 00                  	mov     	eax, 1
0x0073B3D3	0x0033B3D3	0f 4c c8                        	cmovl   	ecx, eax
0x0073B3D6	0x0033B3D6	a1 78 16 c7 00                  	mov     	eax, dword ptr [0xc71678]
0x0073B3DB	0x0033B3DB	89 8d 34 ff ff ff               	mov     	dword ptr [ebp - 0xcc], ecx
0x0073B3E1	0x0033B3E1	8b 50 04                        	mov     	edx, dword ptr [eax + 4]
0x0073B3E4	0x0033B3E4	89 95 0c ff ff ff               	mov     	dword ptr [ebp - 0xf4], edx
0x0073B3EA	0x0033B3EA	83 fa 04                        	cmp     	edx, 4
0x0073B3ED	0x0033B3ED	74 0f                           	je      	0x73b3fe
0x0073B3EF	0x0033B3EF	83 fa 05                        	cmp     	edx, 5
0x0073B3F2	0x0033B3F2	74 0a                           	je      	0x73b3fe
0x0073B3F4	0x0033B3F4	8b 08                           	mov     	ecx, dword ptr [eax]
0x0073B3F6	0x0033B3F6	89 8d 30 ff ff ff               	mov     	dword ptr [ebp - 0xd0], ecx
0x0073B3FC	0x0033B3FC	eb 09                           	jmp     	0x73b407
0x0073B3FE	0x0033B3FE	8b 08                           	mov     	ecx, dword ptr [eax]
0x0073B400	0x0033B400	89 8d 30 ff ff ff               	mov     	dword ptr [ebp - 0xd0], ecx
0x0073B406	0x0033B406	41                              	inc     	ecx
0x0073B407	0x0033B407	83 f9 03                        	cmp     	ecx, 3
0x0073B40A	0x0033B40A	0f 8c 87 00 00 00               	jl      	0x73b497
0x0073B410	0x0033B410	8b 35 9c 16 c7 00               	mov     	esi, dword ptr [0xc7169c]
0x0073B416	0x0033B416	80 7e 50 00                     	cmp     	byte ptr [esi + 0x50], 0
0x0073B41A	0x0033B41A	75 1c                           	jne     	0x73b438
0x0073B41C	0x0033B41C	83 7e 08 02                     	cmp     	dword ptr [esi + 8], 2
0x0073B420	0x0033B420	75 12                           	jne     	0x73b434
0x0073B422	0x0033B422	83 b8 30 66 02 00 00            	cmp     	dword ptr [eax + 0x26630], 0
0x0073B429	0x0033B429	77 0d                           	ja      	0x73b438
0x0073B42B	0x0033B42B	80 b8 89 65 02 00 00            	cmp     	byte ptr [eax + 0x26589], 0
0x0073B432	0x0033B432	75 04                           	jne     	0x73b438
0x0073B434	0x0033B434	32 c9                           	xor     	cl, cl
0x0073B436	0x0033B436	eb 02                           	jmp     	0x73b43a
0x0073B438	0x0033B438	b1 01                           	mov     	cl, 1
0x0073B43A	0x0033B43A	84 c9                           	test    	cl, cl
0x0073B43C	0x0033B43C	c7 85 28 ff ff ff 50 00 00 00   	mov     	dword ptr [ebp - 0xd8], 0x50
0x0073B446	0x0033B446	ba 1e 00 00 00                  	mov     	edx, 0x1e
0x0073B44B	0x0033B44B	0f 44 95 28 ff ff ff            	cmove   	edx, dword ptr [ebp - 0xd8]
0x0073B452	0x0033B452	80 7e 6d 00                     	cmp     	byte ptr [esi + 0x6d], 0
0x0073B456	0x0033B456	75 18                           	jne     	0x73b470
0x0073B458	0x0033B458	83 7e 08 02                     	cmp     	dword ptr [esi + 8], 2
0x0073B45C	0x0033B45C	75 17                           	jne     	0x73b475
0x0073B45E	0x0033B45E	83 b8 30 66 02 00 00            	cmp     	dword ptr [eax + 0x26630], 0
0x0073B465	0x0033B465	77 09                           	ja      	0x73b470
0x0073B467	0x0033B467	80 b8 89 65 02 00 00            	cmp     	byte ptr [eax + 0x26589], 0
0x0073B46E	0x0033B46E	74 05                           	je      	0x73b475
0x0073B470	0x0033B470	ba 0a 00 00 00                  	mov     	edx, 0xa
0x0073B475	0x0033B475	8b 86 30 03 00 00               	mov     	eax, dword ptr [esi + 0x330]
0x0073B47B	0x0033B47B	8b 8e 34 03 00 00               	mov     	ecx, dword ptr [esi + 0x334]
0x0073B481	0x0033B481	03 c1                           	add     	eax, ecx
0x0073B483	0x0033B483	b8 05 00 00 00                  	mov     	eax, 5
0x0073B488	0x0033B488	0f 45 d0                        	cmovne  	edx, eax
0x0073B48B	0x0033B48B	89 95 28 ff ff ff               	mov     	dword ptr [ebp - 0xd8], edx
0x0073B491	0x0033B491	8b 95 0c ff ff ff               	mov     	edx, dword ptr [ebp - 0xf4]
0x0073B497	0x0033B497	83 fa 04                        	cmp     	edx, 4
0x0073B49A	0x0033B49A	74 0d                           	je      	0x73b4a9
0x0073B49C	0x0033B49C	83 fa 05                        	cmp     	edx, 5
0x0073B49F	0x0033B49F	74 08                           	je      	0x73b4a9
0x0073B4A1	0x0033B4A1	8b 85 30 ff ff ff               	mov     	eax, dword ptr [ebp - 0xd0]
0x0073B4A7	0x0033B4A7	eb 07                           	jmp     	0x73b4b0
0x0073B4A9	0x0033B4A9	8b 85 30 ff ff ff               	mov     	eax, dword ptr [ebp - 0xd0]
0x0073B4AF	0x0033B4AF	40                              	inc     	eax
0x0073B4B0	0x0033B4B0	83 f8 03                        	cmp     	eax, 3
0x0073B4B3	0x0033B4B3	0f 8c b5 00 00 00               	jl      	0x73b56e
0x0073B4B9	0x0033B4B9	8b 17                           	mov     	edx, dword ptr [edi]
0x0073B4BB	0x0033B4BB	85 d2                           	test    	edx, edx
0x0073B4BD	0x0033B4BD	75 16                           	jne     	0x73b4d5
0x0073B4BF	0x0033B4BF	68 54 bf b6 00                  	push    	0xb6bf54
0x0073B4C4	0x0033B4C4	6a 10                           	push    	0x10
0x0073B4C6	0x0033B4C6	e8 f5 5d 2d 00                  	call    	0xa112c0
0x0073B4CB	0x0033B4CB	8b 17                           	mov     	edx, dword ptr [edi]
0x0073B4CD	0x0033B4CD	83 c4 08                        	add     	esp, 8
0x0073B4D0	0x0033B4D0	85 d2                           	test    	edx, edx
0x0073B4D2	0x0033B4D2	75 01                           	jne     	0x73b4d5
0x0073B4D4	0x0033B4D4	cc                              	int3    	
0x0073B4D5	0x0033B4D5	8b 4f 04                        	mov     	ecx, dword ptr [edi + 4]
0x0073B4D8	0x0033B4D8	8b c2                           	mov     	eax, edx
0x0073B4DA	0x0033B4DA	d3 e8                           	shr     	eax, cl
0x0073B4DC	0x0033B4DC	8b 4f 08                        	mov     	ecx, dword ptr [edi + 8]
0x0073B4DF	0x0033B4DF	33 c2                           	xor     	eax, edx
0x0073B4E1	0x0033B4E1	8b d0                           	mov     	edx, eax
0x0073B4E3	0x0033B4E3	d3 e2                           	shl     	edx, cl
0x0073B4E5	0x0033B4E5	8b 4f 0c                        	mov     	ecx, dword ptr [edi + 0xc]
0x0073B4E8	0x0033B4E8	33 d0                           	xor     	edx, eax
0x0073B4EA	0x0033B4EA	8b f2                           	mov     	esi, edx
0x0073B4EC	0x0033B4EC	b8 cd cc cc cc                  	mov     	eax, 0xcccccccd
0x0073B4F1	0x0033B4F1	d3 ee                           	shr     	esi, cl
0x0073B4F3	0x0033B4F3	33 f2                           	xor     	esi, edx
0x0073B4F5	0x0033B4F5	f7 e6                           	mul     	esi
0x0073B4F7	0x0033B4F7	8b c6                           	mov     	eax, esi
0x0073B4F9	0x0033B4F9	89 37                           	mov     	dword ptr [edi], esi
0x0073B4FB	0x0033B4FB	c1 ea 03                        	shr     	edx, 3
0x0073B4FE	0x0033B4FE	8d 0c 92                        	lea     	ecx, [edx + edx*4]
0x0073B501	0x0033B501	03 c9                           	add     	ecx, ecx
0x0073B503	0x0033B503	2b c1                           	sub     	eax, ecx
0x0073B505	0x0033B505	75 67                           	jne     	0x73b56e
0x0073B507	0x0033B507	8b 0d 78 16 c7 00               	mov     	ecx, dword ptr [0xc71678]
0x0073B50D	0x0033B50D	81 c1 48 65 02 00               	add     	ecx, 0x26548
0x0073B513	0x0033B513	6a 20                           	push    	0x20
0x0073B515	0x0033B515	e8 36 7d ce ff                  	call    	0x423250
0x0073B51A	0x0033B51A	84 c0                           	test    	al, al
0x0073B51C	0x0033B51C	75 50                           	jne     	0x73b56e
0x0073B51E	0x0033B51E	85 f6                           	test    	esi, esi
0x0073B520	0x0033B520	75 16                           	jne     	0x73b538
0x0073B522	0x0033B522	68 54 bf b6 00                  	push    	0xb6bf54
0x0073B527	0x0033B527	6a 10                           	push    	0x10
0x0073B529	0x0033B529	e8 92 5d 2d 00                  	call    	0xa112c0
0x0073B52E	0x0033B52E	8b 37                           	mov     	esi, dword ptr [edi]
0x0073B530	0x0033B530	83 c4 08                        	add     	esp, 8
0x0073B533	0x0033B533	85 f6                           	test    	esi, esi
0x0073B535	0x0033B535	75 01                           	jne     	0x73b538
0x0073B537	0x0033B537	cc                              	int3    	
0x0073B538	0x0033B538	8b 9d 2c ff ff ff               	mov     	ebx, dword ptr [ebp - 0xd4]
0x0073B53E	0x0033B53E	8b c6                           	mov     	eax, esi
0x0073B540	0x0033B540	8b 8b d8 82 01 00               	mov     	ecx, dword ptr [ebx + 0x182d8]
0x0073B546	0x0033B546	d3 e8                           	shr     	eax, cl
0x0073B548	0x0033B548	8b 8b dc 82 01 00               	mov     	ecx, dword ptr [ebx + 0x182dc]
0x0073B54E	0x0033B54E	33 c6                           	xor     	eax, esi
0x0073B550	0x0033B550	8b d0                           	mov     	edx, eax
0x0073B552	0x0033B552	d3 e2                           	shl     	edx, cl
0x0073B554	0x0033B554	8b 8b e0 82 01 00               	mov     	ecx, dword ptr [ebx + 0x182e0]
0x0073B55A	0x0033B55A	33 d0                           	xor     	edx, eax
0x0073B55C	0x0033B55C	8b c2                           	mov     	eax, edx
0x0073B55E	0x0033B55E	bb 0e 00 00 00                  	mov     	ebx, 0xe
0x0073B563	0x0033B563	d3 e8                           	shr     	eax, cl
0x0073B565	0x0033B565	33 c2                           	xor     	eax, edx
0x0073B567	0x0033B567	89 07                           	mov     	dword ptr [edi], eax
0x0073B569	0x0033B569	e9 d5 02 00 00                  	jmp     	0x73b843
0x0073B56E	0x0033B56E	8b 85 28 ff ff ff               	mov     	eax, dword ptr [ebp - 0xd8]
0x0073B574	0x0033B574	85 c0                           	test    	eax, eax
0x0073B576	0x0033B576	74 13                           	je      	0x73b58b
0x0073B578	0x0033B578	50                              	push    	eax
0x0073B579	0x0033B579	8b cf                           	mov     	ecx, edi
0x0073B57B	0x0033B57B	e8 a0 da 0a 00                  	call    	0x7e9020
0x0073B580	0x0033B580	c6 85 3b ff ff ff 01            	mov     	byte ptr [ebp - 0xc5], 1
0x0073B587	0x0033B587	85 c0                           	test    	eax, eax
0x0073B589	0x0033B589	74 07                           	je      	0x73b592
0x0073B58B	0x0033B58B	c6 85 3b ff ff ff 00            	mov     	byte ptr [ebp - 0xc5], 0
0x0073B592	0x0033B592	c7 85 ec fe ff ff 00 00 00 00   	mov     	dword ptr [ebp - 0x114], 0
0x0073B59C	0x0033B59C	c7 85 f0 fe ff ff 00 00 00 00   	mov     	dword ptr [ebp - 0x110], 0
0x0073B5A6	0x0033B5A6	c7 85 f4 fe ff ff 00 00 00 00   	mov     	dword ptr [ebp - 0x10c], 0
0x0073B5B0	0x0033B5B0	51                              	push    	ecx
0x0073B5B1	0x0033B5B1	8d 8d ec fe ff ff               	lea     	ecx, [ebp - 0x114]
0x0073B5B7	0x0033B5B7	c7 45 fc 02 00 00 00            	mov     	dword ptr [ebp - 4], 2
0x0073B5BE	0x0033B5BE	e8 bd 74 01 00                  	call    	0x752a80
0x0073B5C3	0x0033B5C3	8b 0d 78 16 c7 00               	mov     	ecx, dword ptr [0xc71678]
0x0073B5C9	0x0033B5C9	6a 09                           	push    	9
0x0073B5CB	0x0033B5CB	8d 89 48 65 02 00               	lea     	ecx, [ecx + 0x26548]
0x0073B5D1	0x0033B5D1	e8 7a 7c ce ff                  	call    	0x423250
0x0073B5D6	0x0033B5D6	8b b5 f0 fe ff ff               	mov     	esi, dword ptr [ebp - 0x110]
0x0073B5DC	0x0033B5DC	84 c0                           	test    	al, al
0x0073B5DE	0x0033B5DE	75 47                           	jne     	0x73b627
0x0073B5E0	0x0033B5E0	38 85 3b ff ff ff               	cmp     	byte ptr [ebp - 0xc5], al
0x0073B5E6	0x0033B5E6	b9 09 00 00 00                  	mov     	ecx, 9
0x0073B5EB	0x0033B5EB	b8 02 00 00 00                  	mov     	eax, 2
0x0073B5F0	0x0033B5F0	0f 45 c1                        	cmovne  	eax, ecx
0x0073B5F3	0x0033B5F3	89 85 0c ff ff ff               	mov     	dword ptr [ebp - 0xf4], eax
0x0073B5F9	0x0033B5F9	3b b5 f4 fe ff ff               	cmp     	esi, dword ptr [ebp - 0x10c]
0x0073B5FF	0x0033B5FF	74 0d                           	je      	0x73b60e
0x0073B601	0x0033B601	89 06                           	mov     	dword ptr [esi], eax
0x0073B603	0x0033B603	83 c6 04                        	add     	esi, 4
0x0073B606	0x0033B606	89 b5 f0 fe ff ff               	mov     	dword ptr [ebp - 0x110], esi
0x0073B60C	0x0033B60C	eb 19                           	jmp     	0x73b627
0x0073B60E	0x0033B60E	8d 85 0c ff ff ff               	lea     	eax, [ebp - 0xf4]
0x0073B614	0x0033B614	50                              	push    	eax
0x0073B615	0x0033B615	56                              	push    	esi
0x0073B616	0x0033B616	8d 8d ec fe ff ff               	lea     	ecx, [ebp - 0x114]
0x0073B61C	0x0033B61C	e8 ff 12 cf ff                  	call    	0x42c920
0x0073B621	0x0033B621	8b b5 f0 fe ff ff               	mov     	esi, dword ptr [ebp - 0x110]
0x0073B627	0x0033B627	8b 0d 78 16 c7 00               	mov     	ecx, dword ptr [0xc71678]
0x0073B62D	0x0033B62D	6a 0a                           	push    	0xa
0x0073B62F	0x0033B62F	e8 6c 61 ce ff                  	call    	0x4217a0
0x0073B634	0x0033B634	84 c0                           	test    	al, al
0x0073B636	0x0033B636	75 48                           	jne     	0x73b680
0x0073B638	0x0033B638	80 bd 3b ff ff ff 00            	cmp     	byte ptr [ebp - 0xc5], 0
0x0073B63F	0x0033B63F	b8 03 00 00 00                  	mov     	eax, 3
0x0073B644	0x0033B644	b9 0a 00 00 00                  	mov     	ecx, 0xa
0x0073B649	0x0033B649	0f 45 c1                        	cmovne  	eax, ecx
0x0073B64C	0x0033B64C	89 85 0c ff ff ff               	mov     	dword ptr [ebp - 0xf4], eax
0x0073B652	0x0033B652	3b b5 f4 fe ff ff               	cmp     	esi, dword ptr [ebp - 0x10c]
0x0073B658	0x0033B658	74 0d                           	je      	0x73b667
0x0073B65A	0x0033B65A	89 06                           	mov     	dword ptr [esi], eax
0x0073B65C	0x0033B65C	83 c6 04                        	add     	esi, 4
0x0073B65F	0x0033B65F	89 b5 f0 fe ff ff               	mov     	dword ptr [ebp - 0x110], esi
0x0073B665	0x0033B665	eb 19                           	jmp     	0x73b680
0x0073B667	0x0033B667	8d 85 0c ff ff ff               	lea     	eax, [ebp - 0xf4]
0x0073B66D	0x0033B66D	50                              	push    	eax
0x0073B66E	0x0033B66E	56                              	push    	esi
0x0073B66F	0x0033B66F	8d 8d ec fe ff ff               	lea     	ecx, [ebp - 0x114]
0x0073B675	0x0033B675	e8 a6 12 cf ff                  	call    	0x42c920
0x0073B67A	0x0033B67A	8b b5 f0 fe ff ff               	mov     	esi, dword ptr [ebp - 0x110]
0x0073B680	0x0033B680	8b 0d 78 16 c7 00               	mov     	ecx, dword ptr [0xc71678]
0x0073B686	0x0033B686	6a 0b                           	push    	0xb
0x0073B688	0x0033B688	e8 13 61 ce ff                  	call    	0x4217a0
0x0073B68D	0x0033B68D	84 c0                           	test    	al, al
0x0073B68F	0x0033B68F	75 48                           	jne     	0x73b6d9
0x0073B691	0x0033B691	80 bd 3b ff ff ff 00            	cmp     	byte ptr [ebp - 0xc5], 0
0x0073B698	0x0033B698	b8 01 00 00 00                  	mov     	eax, 1
0x0073B69D	0x0033B69D	b9 08 00 00 00                  	mov     	ecx, 8
0x0073B6A2	0x0033B6A2	0f 45 c1                        	cmovne  	eax, ecx
0x0073B6A5	0x0033B6A5	89 85 0c ff ff ff               	mov     	dword ptr [ebp - 0xf4], eax
0x0073B6AB	0x0033B6AB	3b b5 f4 fe ff ff               	cmp     	esi, dword ptr [ebp - 0x10c]
0x0073B6B1	0x0033B6B1	74 0d                           	je      	0x73b6c0
0x0073B6B3	0x0033B6B3	89 06                           	mov     	dword ptr [esi], eax
0x0073B6B5	0x0033B6B5	83 c6 04                        	add     	esi, 4
0x0073B6B8	0x0033B6B8	89 b5 f0 fe ff ff               	mov     	dword ptr [ebp - 0x110], esi
0x0073B6BE	0x0033B6BE	eb 19                           	jmp     	0x73b6d9
0x0073B6C0	0x0033B6C0	8d 85 0c ff ff ff               	lea     	eax, [ebp - 0xf4]
0x0073B6C6	0x0033B6C6	50                              	push    	eax
0x0073B6C7	0x0033B6C7	56                              	push    	esi
0x0073B6C8	0x0033B6C8	8d 8d ec fe ff ff               	lea     	ecx, [ebp - 0x114]
0x0073B6CE	0x0033B6CE	e8 4d 12 cf ff                  	call    	0x42c920
0x0073B6D3	0x0033B6D3	8b b5 f0 fe ff ff               	mov     	esi, dword ptr [ebp - 0x110]
0x0073B6D9	0x0033B6D9	8b 0d 78 16 c7 00               	mov     	ecx, dword ptr [0xc71678]
0x0073B6DF	0x0033B6DF	6a 0c                           	push    	0xc
0x0073B6E1	0x0033B6E1	e8 ba 60 ce ff                  	call    	0x4217a0
0x0073B6E6	0x0033B6E6	84 c0                           	test    	al, al
0x0073B6E8	0x0033B6E8	75 44                           	jne     	0x73b72e
0x0073B6EA	0x0033B6EA	33 c0                           	xor     	eax, eax
0x0073B6EC	0x0033B6EC	b9 07 00 00 00                  	mov     	ecx, 7
0x0073B6F1	0x0033B6F1	38 85 3b ff ff ff               	cmp     	byte ptr [ebp - 0xc5], al
0x0073B6F7	0x0033B6F7	0f 45 c1                        	cmovne  	eax, ecx
0x0073B6FA	0x0033B6FA	89 85 0c ff ff ff               	mov     	dword ptr [ebp - 0xf4], eax
0x0073B700	0x0033B700	3b b5 f4 fe ff ff               	cmp     	esi, dword ptr [ebp - 0x10c]
0x0073B706	0x0033B706	74 0d                           	je      	0x73b715
0x0073B708	0x0033B708	89 06                           	mov     	dword ptr [esi], eax
0x0073B70A	0x0033B70A	83 c6 04                        	add     	esi, 4
0x0073B70D	0x0033B70D	89 b5 f0 fe ff ff               	mov     	dword ptr [ebp - 0x110], esi
0x0073B713	0x0033B713	eb 19                           	jmp     	0x73b72e
0x0073B715	0x0033B715	8d 85 0c ff ff ff               	lea     	eax, [ebp - 0xf4]
0x0073B71B	0x0033B71B	50                              	push    	eax
0x0073B71C	0x0033B71C	56                              	push    	esi
0x0073B71D	0x0033B71D	8d 8d ec fe ff ff               	lea     	ecx, [ebp - 0x114]
0x0073B723	0x0033B723	e8 f8 11 cf ff                  	call    	0x42c920
0x0073B728	0x0033B728	8b b5 f0 fe ff ff               	mov     	esi, dword ptr [ebp - 0x110]
0x0073B72E	0x0033B72E	8b 0d 78 16 c7 00               	mov     	ecx, dword ptr [0xc71678]
0x0073B734	0x0033B734	6a 0d                           	push    	0xd
0x0073B736	0x0033B736	e8 65 60 ce ff                  	call    	0x4217a0
0x0073B73B	0x0033B73B	84 c0                           	test    	al, al
0x0073B73D	0x0033B73D	75 48                           	jne     	0x73b787
0x0073B73F	0x0033B73F	80 bd 3b ff ff ff 00            	cmp     	byte ptr [ebp - 0xc5], 0
0x0073B746	0x0033B746	b8 05 00 00 00                  	mov     	eax, 5
0x0073B74B	0x0033B74B	b9 0c 00 00 00                  	mov     	ecx, 0xc
0x0073B750	0x0033B750	0f 45 c1                        	cmovne  	eax, ecx
0x0073B753	0x0033B753	89 85 0c ff ff ff               	mov     	dword ptr [ebp - 0xf4], eax
0x0073B759	0x0033B759	3b b5 f4 fe ff ff               	cmp     	esi, dword ptr [ebp - 0x10c]
0x0073B75F	0x0033B75F	74 0d                           	je      	0x73b76e
0x0073B761	0x0033B761	89 06                           	mov     	dword ptr [esi], eax
0x0073B763	0x0033B763	83 c6 04                        	add     	esi, 4
0x0073B766	0x0033B766	89 b5 f0 fe ff ff               	mov     	dword ptr [ebp - 0x110], esi
0x0073B76C	0x0033B76C	eb 19                           	jmp     	0x73b787
0x0073B76E	0x0033B76E	8d 85 0c ff ff ff               	lea     	eax, [ebp - 0xf4]
0x0073B774	0x0033B774	50                              	push    	eax
0x0073B775	0x0033B775	56                              	push    	esi
0x0073B776	0x0033B776	8d 8d ec fe ff ff               	lea     	ecx, [ebp - 0x114]
0x0073B77C	0x0033B77C	e8 9f 11 cf ff                  	call    	0x42c920
0x0073B781	0x0033B781	8b b5 f0 fe ff ff               	mov     	esi, dword ptr [ebp - 0x110]
0x0073B787	0x0033B787	8b 0d 78 16 c7 00               	mov     	ecx, dword ptr [0xc71678]
0x0073B78D	0x0033B78D	6a 0e                           	push    	0xe
0x0073B78F	0x0033B78F	e8 0c 60 ce ff                  	call    	0x4217a0
0x0073B794	0x0033B794	84 c0                           	test    	al, al
0x0073B796	0x0033B796	75 48                           	jne     	0x73b7e0
0x0073B798	0x0033B798	80 bd 3b ff ff ff 00            	cmp     	byte ptr [ebp - 0xc5], 0
0x0073B79F	0x0033B79F	b8 06 00 00 00                  	mov     	eax, 6
0x0073B7A4	0x0033B7A4	b9 0d 00 00 00                  	mov     	ecx, 0xd
0x0073B7A9	0x0033B7A9	0f 45 c1                        	cmovne  	eax, ecx
0x0073B7AC	0x0033B7AC	89 85 0c ff ff ff               	mov     	dword ptr [ebp - 0xf4], eax
0x0073B7B2	0x0033B7B2	3b b5 f4 fe ff ff               	cmp     	esi, dword ptr [ebp - 0x10c]
0x0073B7B8	0x0033B7B8	74 0d                           	je      	0x73b7c7
0x0073B7BA	0x0033B7BA	89 06                           	mov     	dword ptr [esi], eax
0x0073B7BC	0x0033B7BC	83 c6 04                        	add     	esi, 4
0x0073B7BF	0x0033B7BF	89 b5 f0 fe ff ff               	mov     	dword ptr [ebp - 0x110], esi
0x0073B7C5	0x0033B7C5	eb 19                           	jmp     	0x73b7e0
0x0073B7C7	0x0033B7C7	8d 85 0c ff ff ff               	lea     	eax, [ebp - 0xf4]
0x0073B7CD	0x0033B7CD	50                              	push    	eax
0x0073B7CE	0x0033B7CE	56                              	push    	esi
0x0073B7CF	0x0033B7CF	8d 8d ec fe ff ff               	lea     	ecx, [ebp - 0x114]
0x0073B7D5	0x0033B7D5	e8 46 11 cf ff                  	call    	0x42c920
0x0073B7DA	0x0033B7DA	8b b5 f0 fe ff ff               	mov     	esi, dword ptr [ebp - 0x110]
0x0073B7E0	0x0033B7E0	8b 8d ec fe ff ff               	mov     	ecx, dword ptr [ebp - 0x114]
0x0073B7E6	0x0033B7E6	2b f1                           	sub     	esi, ecx
0x0073B7E8	0x0033B7E8	c1 fe 02                        	sar     	esi, 2
0x0073B7EB	0x0033B7EB	85 f6                           	test    	esi, esi
0x0073B7ED	0x0033B7ED	74 11                           	je      	0x73b800
0x0073B7EF	0x0033B7EF	56                              	push    	esi
0x0073B7F0	0x0033B7F0	8b cf                           	mov     	ecx, edi
0x0073B7F2	0x0033B7F2	e8 29 d8 0a 00                  	call    	0x7e9020
0x0073B7F7	0x0033B7F7	8b 8d ec fe ff ff               	mov     	ecx, dword ptr [ebp - 0x114]
0x0073B7FD	0x0033B7FD	8b 1c 81                        	mov     	ebx, dword ptr [ecx + eax*4]
0x0073B800	0x0033B800	c7 45 fc ff ff ff ff            	mov     	dword ptr [ebp - 4], 0xffffffff
0x0073B807	0x0033B807	85 c9                           	test    	ecx, ecx
0x0073B809	0x0033B809	74 30                           	je      	0x73b83b
0x0073B80B	0x0033B80B	8b 85 f4 fe ff ff               	mov     	eax, dword ptr [ebp - 0x10c]
0x0073B811	0x0033B811	2b c1                           	sub     	eax, ecx
0x0073B813	0x0033B813	c1 f8 02                        	sar     	eax, 2
0x0073B816	0x0033B816	50                              	push    	eax
0x0073B817	0x0033B817	51                              	push    	ecx
0x0073B818	0x0033B818	e8 23 0f cd ff                  	call    	0x40c740
0x0073B81D	0x0033B81D	c7 85 ec fe ff ff 00 00 00 00   	mov     	dword ptr [ebp - 0x114], 0
0x0073B827	0x0033B827	c7 85 f0 fe ff ff 00 00 00 00   	mov     	dword ptr [ebp - 0x110], 0
0x0073B831	0x0033B831	c7 85 f4 fe ff ff 00 00 00 00   	mov     	dword ptr [ebp - 0x10c], 0
0x0073B83B	0x0033B83B	85 db                           	test    	ebx, ebx
0x0073B83D	0x0033B83D	0f 88 08 01 00 00               	js      	0x73b94b
0x0073B843	0x0033B843	8b 17                           	mov     	edx, dword ptr [edi]
0x0073B845	0x0033B845	c7 85 0c ff ff ff 00 00 00 00   	mov     	dword ptr [ebp - 0xf4], 0
0x0073B84F	0x0033B84F	85 d2                           	test    	edx, edx
0x0073B851	0x0033B851	75 16                           	jne     	0x73b869
0x0073B853	0x0033B853	68 54 bf b6 00                  	push    	0xb6bf54
0x0073B858	0x0033B858	6a 10                           	push    	0x10
0x0073B85A	0x0033B85A	e8 61 5a 2d 00                  	call    	0xa112c0
0x0073B85F	0x0033B85F	8b 17                           	mov     	edx, dword ptr [edi]
0x0073B861	0x0033B861	83 c4 08                        	add     	esp, 8
0x0073B864	0x0033B864	85 d2                           	test    	edx, edx
0x0073B866	0x0033B866	75 01                           	jne     	0x73b869
0x0073B868	0x0033B868	cc                              	int3    	
0x0073B869	0x0033B869	8b 4f 04                        	mov     	ecx, dword ptr [edi + 4]
0x0073B86C	0x0033B86C	8b c2                           	mov     	eax, edx
0x0073B86E	0x0033B86E	d3 e8                           	shr     	eax, cl
0x0073B870	0x0033B870	8b 4f 08                        	mov     	ecx, dword ptr [edi + 8]
0x0073B873	0x0033B873	33 c2                           	xor     	eax, edx
0x0073B875	0x0033B875	8b d0                           	mov     	edx, eax
0x0073B877	0x0033B877	8b b5 24 ff ff ff               	mov     	esi, dword ptr [ebp - 0xdc]
0x0073B87D	0x0033B87D	6a ff                           	push    	-1
0x0073B87F	0x0033B87F	d3 e2                           	shl     	edx, cl
0x0073B881	0x0033B881	8b 4f 0c                        	mov     	ecx, dword ptr [edi + 0xc]
0x0073B884	0x0033B884	33 d0                           	xor     	edx, eax
0x0073B886	0x0033B886	53                              	push    	ebx
0x0073B887	0x0033B887	8b c2                           	mov     	eax, edx
0x0073B889	0x0033B889	d3 e8                           	shr     	eax, cl
0x0073B88B	0x0033B88B	8d 8d 0c ff ff ff               	lea     	ecx, [ebp - 0xf4]
0x0073B891	0x0033B891	51                              	push    	ecx
0x0073B892	0x0033B892	8b 8d 34 ff ff ff               	mov     	ecx, dword ptr [ebp - 0xcc]
0x0073B898	0x0033B898	33 c2                           	xor     	eax, edx
0x0073B89A	0x0033B89A	51                              	push    	ecx
0x0073B89B	0x0033B89B	51                              	push    	ecx
0x0073B89C	0x0033B89C	6a ff                           	push    	-1
0x0073B89E	0x0033B89E	6a 00                           	push    	0
0x0073B8A0	0x0033B8A0	6a 0d                           	push    	0xd
0x0073B8A2	0x0033B8A2	6a 06                           	push    	6
0x0073B8A4	0x0033B8A4	6a 00                           	push    	0
0x0073B8A6	0x0033B8A6	6a 01                           	push    	1
0x0073B8A8	0x0033B8A8	50                              	push    	eax
0x0073B8A9	0x0033B8A9	8b ce                           	mov     	ecx, esi
0x0073B8AB	0x0033B8AB	89 07                           	mov     	dword ptr [edi], eax
0x0073B8AD	0x0033B8AD	e8 1e 0f 0f 00                  	call    	0x82c7d0
0x0073B8B2	0x0033B8B2	8b c8                           	mov     	ecx, eax
0x0073B8B4	0x0033B8B4	89 85 14 ff ff ff               	mov     	dword ptr [ebp - 0xec], eax
0x0073B8BA	0x0033B8BA	85 c9                           	test    	ecx, ecx
0x0073B8BC	0x0033B8BC	75 75                           	jne     	0x73b933
0x0073B8BE	0x0033B8BE	8b 17                           	mov     	edx, dword ptr [edi]
0x0073B8C0	0x0033B8C0	89 85 34 ff ff ff               	mov     	dword ptr [ebp - 0xcc], eax
0x0073B8C6	0x0033B8C6	85 d2                           	test    	edx, edx
0x0073B8C8	0x0033B8C8	75 16                           	jne     	0x73b8e0
0x0073B8CA	0x0033B8CA	68 54 bf b6 00                  	push    	0xb6bf54
0x0073B8CF	0x0033B8CF	6a 10                           	push    	0x10
0x0073B8D1	0x0033B8D1	e8 ea 59 2d 00                  	call    	0xa112c0
0x0073B8D6	0x0033B8D6	8b 17                           	mov     	edx, dword ptr [edi]
0x0073B8D8	0x0033B8D8	83 c4 08                        	add     	esp, 8
0x0073B8DB	0x0033B8DB	85 d2                           	test    	edx, edx
0x0073B8DD	0x0033B8DD	75 01                           	jne     	0x73b8e0
0x0073B8DF	0x0033B8DF	cc                              	int3    	
0x0073B8E0	0x0033B8E0	8b 4f 04                        	mov     	ecx, dword ptr [edi + 4]
0x0073B8E3	0x0033B8E3	8b c2                           	mov     	eax, edx
0x0073B8E5	0x0033B8E5	d3 e8                           	shr     	eax, cl
0x0073B8E7	0x0033B8E7	8b 4f 08                        	mov     	ecx, dword ptr [edi + 8]
0x0073B8EA	0x0033B8EA	33 c2                           	xor     	eax, edx
0x0073B8EC	0x0033B8EC	8b d0                           	mov     	edx, eax
0x0073B8EE	0x0033B8EE	6a ff                           	push    	-1
0x0073B8F0	0x0033B8F0	d3 e2                           	shl     	edx, cl
0x0073B8F2	0x0033B8F2	8b 4f 0c                        	mov     	ecx, dword ptr [edi + 0xc]
0x0073B8F5	0x0033B8F5	33 d0                           	xor     	edx, eax
0x0073B8F7	0x0033B8F7	53                              	push    	ebx
0x0073B8F8	0x0033B8F8	8b c2                           	mov     	eax, edx
0x0073B8FA	0x0033B8FA	d3 e8                           	shr     	eax, cl
0x0073B8FC	0x0033B8FC	8d 8d 34 ff ff ff               	lea     	ecx, [ebp - 0xcc]
0x0073B902	0x0033B902	51                              	push    	ecx
0x0073B903	0x0033B903	6a 0a                           	push    	0xa
0x0073B905	0x0033B905	6a 01                           	push    	1
0x0073B907	0x0033B907	6a ff                           	push    	-1
0x0073B909	0x0033B909	6a 00                           	push    	0
0x0073B90B	0x0033B90B	6a 0d                           	push    	0xd
0x0073B90D	0x0033B90D	6a 06                           	push    	6
0x0073B90F	0x0033B90F	6a 00                           	push    	0
0x0073B911	0x0033B911	33 c2                           	xor     	eax, edx
0x0073B913	0x0033B913	8b ce                           	mov     	ecx, esi
0x0073B915	0x0033B915	6a 01                           	push    	1
0x0073B917	0x0033B917	50                              	push    	eax
0x0073B918	0x0033B918	89 07                           	mov     	dword ptr [edi], eax
0x0073B91A	0x0033B91A	e8 b1 0e 0f 00                  	call    	0x82c7d0
0x0073B91F	0x0033B91F	8b c8                           	mov     	ecx, eax
0x0073B921	0x0033B921	89 8d 14 ff ff ff               	mov     	dword ptr [ebp - 0xec], ecx
0x0073B927	0x0033B927	85 c9                           	test    	ecx, ecx
0x0073B929	0x0033B929	75 08                           	jne     	0x73b933
0x0073B92B	0x0033B92B	89 85 1c ff ff ff               	mov     	dword ptr [ebp - 0xe4], eax
0x0073B931	0x0033B931	eb 18                           	jmp     	0x73b94b
0x0073B933	0x0033B933	8d 41 38                        	lea     	eax, [ecx + 0x38]
0x0073B936	0x0033B936	50                              	push    	eax
0x0073B937	0x0033B937	ff 71 48                        	push    	dword ptr [ecx + 0x48]
0x0073B93A	0x0033B93A	8b 8d 20 ff ff ff               	mov     	ecx, dword ptr [ebp - 0xe0]
0x0073B940	0x0033B940	e8 9b 27 27 00                  	call    	0x9ae0e0
0x0073B945	0x0033B945	89 85 1c ff ff ff               	mov     	dword ptr [ebp - 0xe4], eax
0x0073B94B	0x0033B94B	8b b5 e4 fe ff ff               	mov     	esi, dword ptr [ebp - 0x11c]
0x0073B951	0x0033B951	8d 85 34 ff ff ff               	lea     	eax, [ebp - 0xcc]
0x0073B957	0x0033B957	50                              	push    	eax
0x0073B958	0x0033B958	8d 85 fc fe ff ff               	lea     	eax, [ebp - 0x104]
0x0073B95E	0x0033B95E	c7 85 34 ff ff ff 06 00 00 00   	mov     	dword ptr [ebp - 0xcc], 6
0x0073B968	0x0033B968	50                              	push    	eax
0x0073B969	0x0033B969	8b ce                           	mov     	ecx, esi
0x0073B96B	0x0033B96B	e8 30 cf ce ff                  	call    	0x4288a0
0x0073B970	0x0033B970	8b 85 04 ff ff ff               	mov     	eax, dword ptr [ebp - 0xfc]
0x0073B976	0x0033B976	80 78 0d 00                     	cmp     	byte ptr [eax + 0xd], 0
0x0073B97A	0x0033B97A	75 0e                           	jne     	0x73b98a
0x0073B97C	0x0033B97C	83 78 10 06                     	cmp     	dword ptr [eax + 0x10], 6
0x0073B980	0x0033B980	7f 08                           	jg      	0x73b98a
0x0073B982	0x0033B982	3b 06                           	cmp     	eax, dword ptr [esi]
0x0073B984	0x0033B984	0f 85 cc 00 00 00               	jne     	0x73ba56
0x0073B98A	0x0033B98A	8b 17                           	mov     	edx, dword ptr [edi]
0x0073B98C	0x0033B98C	85 d2                           	test    	edx, edx
0x0073B98E	0x0033B98E	75 16                           	jne     	0x73b9a6
0x0073B990	0x0033B990	68 54 bf b6 00                  	push    	0xb6bf54
0x0073B995	0x0033B995	6a 10                           	push    	0x10
0x0073B997	0x0033B997	e8 24 59 2d 00                  	call    	0xa112c0
0x0073B99C	0x0033B99C	8b 17                           	mov     	edx, dword ptr [edi]
0x0073B99E	0x0033B99E	83 c4 08                        	add     	esp, 8
0x0073B9A1	0x0033B9A1	85 d2                           	test    	edx, edx
0x0073B9A3	0x0033B9A3	75 01                           	jne     	0x73b9a6
0x0073B9A5	0x0033B9A5	cc                              	int3    	
0x0073B9A6	0x0033B9A6	8b 4f 04                        	mov     	ecx, dword ptr [edi + 4]
0x0073B9A9	0x0033B9A9	8b c2                           	mov     	eax, edx
0x0073B9AB	0x0033B9AB	d3 e8                           	shr     	eax, cl
0x0073B9AD	0x0033B9AD	8b 4f 08                        	mov     	ecx, dword ptr [edi + 8]
0x0073B9B0	0x0033B9B0	33 c2                           	xor     	eax, edx
0x0073B9B2	0x0033B9B2	8b d0                           	mov     	edx, eax
0x0073B9B4	0x0033B9B4	d3 e2                           	shl     	edx, cl
0x0073B9B6	0x0033B9B6	8b 4f 0c                        	mov     	ecx, dword ptr [edi + 0xc]
0x0073B9B9	0x0033B9B9	33 d0                           	xor     	edx, eax
0x0073B9BB	0x0033B9BB	8b f2                           	mov     	esi, edx
0x0073B9BD	0x0033B9BD	d3 ee                           	shr     	esi, cl
0x0073B9BF	0x0033B9BF	33 f2                           	xor     	esi, edx
0x0073B9C1	0x0033B9C1	8b c6                           	mov     	eax, esi
0x0073B9C3	0x0033B9C3	89 37                           	mov     	dword ptr [edi], esi
0x0073B9C5	0x0033B9C5	83 e0 03                        	and     	eax, 3
0x0073B9C8	0x0033B9C8	0f 84 c9 00 00 00               	je      	0x73ba97
0x0073B9CE	0x0033B9CE	85 f6                           	test    	esi, esi
0x0073B9D0	0x0033B9D0	75 16                           	jne     	0x73b9e8
0x0073B9D2	0x0033B9D2	68 54 bf b6 00                  	push    	0xb6bf54
0x0073B9D7	0x0033B9D7	6a 10                           	push    	0x10
0x0073B9D9	0x0033B9D9	e8 e2 58 2d 00                  	call    	0xa112c0
0x0073B9DE	0x0033B9DE	8b 37                           	mov     	esi, dword ptr [edi]
0x0073B9E0	0x0033B9E0	83 c4 08                        	add     	esp, 8
0x0073B9E3	0x0033B9E3	85 f6                           	test    	esi, esi
0x0073B9E5	0x0033B9E5	75 01                           	jne     	0x73b9e8
0x0073B9E7	0x0033B9E7	cc                              	int3    	
0x0073B9E8	0x0033B9E8	8b 8d 2c ff ff ff               	mov     	ecx, dword ptr [ebp - 0xd4]
0x0073B9EE	0x0033B9EE	8b c6                           	mov     	eax, esi
0x0073B9F0	0x0033B9F0	8b 89 d8 82 01 00               	mov     	ecx, dword ptr [ecx + 0x182d8]
0x0073B9F6	0x0033B9F6	d3 e8                           	shr     	eax, cl
0x0073B9F8	0x0033B9F8	8b 8d 2c ff ff ff               	mov     	ecx, dword ptr [ebp - 0xd4]
0x0073B9FE	0x0033B9FE	33 c6                           	xor     	eax, esi
0x0073BA00	0x0033BA00	8b d0                           	mov     	edx, eax
0x0073BA02	0x0033BA02	8b 89 dc 82 01 00               	mov     	ecx, dword ptr [ecx + 0x182dc]
0x0073BA08	0x0033BA08	d3 e2                           	shl     	edx, cl
0x0073BA0A	0x0033BA0A	33 d0                           	xor     	edx, eax
0x0073BA0C	0x0033BA0C	8b 85 2c ff ff ff               	mov     	eax, dword ptr [ebp - 0xd4]
0x0073BA12	0x0033BA12	8b f2                           	mov     	esi, edx
0x0073BA14	0x0033BA14	8b 88 e0 82 01 00               	mov     	ecx, dword ptr [eax + 0x182e0]
0x0073BA1A	0x0033BA1A	b8 ab aa aa aa                  	mov     	eax, 0xaaaaaaab
0x0073BA1F	0x0033BA1F	d3 ee                           	shr     	esi, cl
0x0073BA21	0x0033BA21	33 f2                           	xor     	esi, edx
0x0073BA23	0x0033BA23	f7 e6                           	mul     	esi
0x0073BA25	0x0033BA25	8b ce                           	mov     	ecx, esi
0x0073BA27	0x0033BA27	89 37                           	mov     	dword ptr [edi], esi
0x0073BA29	0x0033BA29	d1 ea                           	shr     	edx, 1
0x0073BA2B	0x0033BA2B	8d 04 52                        	lea     	eax, [edx + edx*2]
0x0073BA2E	0x0033BA2E	2b c8                           	sub     	ecx, eax
0x0073BA30	0x0033BA30	75 24                           	jne     	0x73ba56
0x0073BA32	0x0033BA32	8b 0d 78 16 c7 00               	mov     	ecx, dword ptr [0xc71678]
0x0073BA38	0x0033BA38	8b 41 04                        	mov     	eax, dword ptr [ecx + 4]
0x0073BA3B	0x0033BA3B	83 f8 04                        	cmp     	eax, 4
0x0073BA3E	0x0033BA3E	74 09                           	je      	0x73ba49
0x0073BA40	0x0033BA40	83 f8 05                        	cmp     	eax, 5
0x0073BA43	0x0033BA43	74 04                           	je      	0x73ba49
0x0073BA45	0x0033BA45	8b 01                           	mov     	eax, dword ptr [ecx]
0x0073BA47	0x0033BA47	eb 08                           	jmp     	0x73ba51
0x0073BA49	0x0033BA49	a1 78 16 c7 00                  	mov     	eax, dword ptr [0xc71678]
0x0073BA4E	0x0033BA4E	8b 00                           	mov     	eax, dword ptr [eax]
0x0073BA50	0x0033BA50	40                              	inc     	eax
0x0073BA51	0x0033BA51	83 f8 01                        	cmp     	eax, 1
0x0073BA54	0x0033BA54	74 41                           	je      	0x73ba97
0x0073BA56	0x0033BA56	8b 85 1c ff ff ff               	mov     	eax, dword ptr [ebp - 0xe4]
0x0073BA5C	0x0033BA5C	8b b5 20 ff ff ff               	mov     	esi, dword ptr [ebp - 0xe0]
0x0073BA62	0x0033BA62	85 c0                           	test    	eax, eax
0x0073BA64	0x0033BA64	0f 84 44 01 00 00               	je      	0x73bbae
0x0073BA6A	0x0033BA6A	8b 96 74 03 00 00               	mov     	edx, dword ptr [esi + 0x374]
0x0073BA70	0x0033BA70	8d 8e 70 03 00 00               	lea     	ecx, [esi + 0x370]
0x0073BA76	0x0033BA76	83 c0 04                        	add     	eax, 4
0x0073BA79	0x0033BA79	3b 51 08                        	cmp     	edx, dword ptr [ecx + 8]
0x0073BA7C	0x0033BA7C	74 0d                           	je      	0x73ba8b
0x0073BA7E	0x0033BA7E	8b 00                           	mov     	eax, dword ptr [eax]
0x0073BA80	0x0033BA80	89 02                           	mov     	dword ptr [edx], eax
0x0073BA82	0x0033BA82	83 41 04 04                     	add     	dword ptr [ecx + 4], 4
0x0073BA86	0x0033BA86	e9 23 01 00 00                  	jmp     	0x73bbae
0x0073BA8B	0x0033BA8B	50                              	push    	eax
0x0073BA8C	0x0033BA8C	52                              	push    	edx
0x0073BA8D	0x0033BA8D	e8 8e 0e cf ff                  	call    	0x42c920
0x0073BA92	0x0033BA92	e9 17 01 00 00                  	jmp     	0x73bbae
0x0073BA97	0x0033BA97	8b 85 1c ff ff ff               	mov     	eax, dword ptr [ebp - 0xe4]
0x0073BA9D	0x0033BA9D	85 c0                           	test    	eax, eax
0x0073BA9F	0x0033BA9F	0f 84 03 01 00 00               	je      	0x73bba8
0x0073BAA5	0x0033BAA5	6a 00                           	push    	0
0x0073BAA7	0x0033BAA7	51                              	push    	ecx
0x0073BAA8	0x0033BAA8	8b 8d 2c ff ff ff               	mov     	ecx, dword ptr [ebp - 0xd4]
0x0073BAAE	0x0033BAAE	56                              	push    	esi
0x0073BAAF	0x0033BAAF	ff b5 14 ff ff ff               	push    	dword ptr [ebp - 0xec]
0x0073BAB5	0x0033BAB5	50                              	push    	eax
0x0073BAB6	0x0033BAB6	e8 f5 cf ff ff                  	call    	0x738ab0
0x0073BABB	0x0033BABB	8b 0d 78 16 c7 00               	mov     	ecx, dword ptr [0xc71678]
0x0073BAC1	0x0033BAC1	32 d2                           	xor     	dl, dl
0x0073BAC3	0x0033BAC3	89 95 d0 fe ff ff               	mov     	dword ptr [ebp - 0x130], edx
0x0073BAC9	0x0033BAC9	83 fb 02                        	cmp     	ebx, 2
0x0073BACC	0x0033BACC	74 05                           	je      	0x73bad3
0x0073BACE	0x0033BACE	83 fb 09                        	cmp     	ebx, 9
0x0073BAD1	0x0033BAD1	75 16                           	jne     	0x73bae9
0x0073BAD3	0x0033BAD3	8b 81 4c 65 02 00               	mov     	eax, dword ptr [ecx + 0x2654c]
0x0073BAD9	0x0033BAD9	81 89 48 65 02 00 00 02 00 00   	or      	dword ptr [ecx + 0x26548], 0x200
0x0073BAE3	0x0033BAE3	89 81 4c 65 02 00               	mov     	dword ptr [ecx + 0x2654c], eax
0x0073BAE9	0x0033BAE9	83 fb 03                        	cmp     	ebx, 3
0x0073BAEC	0x0033BAEC	74 05                           	je      	0x73baf3
0x0073BAEE	0x0033BAEE	83 fb 0a                        	cmp     	ebx, 0xa
0x0073BAF1	0x0033BAF1	75 16                           	jne     	0x73bb09
0x0073BAF3	0x0033BAF3	8b 81 4c 65 02 00               	mov     	eax, dword ptr [ecx + 0x2654c]
0x0073BAF9	0x0033BAF9	81 89 48 65 02 00 00 04 00 00   	or      	dword ptr [ecx + 0x26548], 0x400
0x0073BB03	0x0033BB03	89 81 4c 65 02 00               	mov     	dword ptr [ecx + 0x2654c], eax
0x0073BB09	0x0033BB09	83 fb 01                        	cmp     	ebx, 1
0x0073BB0C	0x0033BB0C	74 05                           	je      	0x73bb13
0x0073BB0E	0x0033BB0E	83 fb 08                        	cmp     	ebx, 8
0x0073BB11	0x0033BB11	75 16                           	jne     	0x73bb29
0x0073BB13	0x0033BB13	8b 81 4c 65 02 00               	mov     	eax, dword ptr [ecx + 0x2654c]
0x0073BB19	0x0033BB19	81 89 48 65 02 00 00 08 00 00   	or      	dword ptr [ecx + 0x26548], 0x800
0x0073BB23	0x0033BB23	89 81 4c 65 02 00               	mov     	dword ptr [ecx + 0x2654c], eax
0x0073BB29	0x0033BB29	85 db                           	test    	ebx, ebx
0x0073BB2B	0x0033BB2B	74 05                           	je      	0x73bb32
0x0073BB2D	0x0033BB2D	83 fb 07                        	cmp     	ebx, 7
0x0073BB30	0x0033BB30	75 16                           	jne     	0x73bb48
0x0073BB32	0x0033BB32	8b 81 4c 65 02 00               	mov     	eax, dword ptr [ecx + 0x2654c]
0x0073BB38	0x0033BB38	81 89 48 65 02 00 00 10 00 00   	or      	dword ptr [ecx + 0x26548], 0x1000
0x0073BB42	0x0033BB42	89 81 4c 65 02 00               	mov     	dword ptr [ecx + 0x2654c], eax
0x0073BB48	0x0033BB48	83 fb 05                        	cmp     	ebx, 5
0x0073BB4B	0x0033BB4B	74 05                           	je      	0x73bb52
0x0073BB4D	0x0033BB4D	83 fb 0c                        	cmp     	ebx, 0xc
0x0073BB50	0x0033BB50	75 16                           	jne     	0x73bb68
0x0073BB52	0x0033BB52	8b 81 4c 65 02 00               	mov     	eax, dword ptr [ecx + 0x2654c]
0x0073BB58	0x0033BB58	81 89 48 65 02 00 00 20 00 00   	or      	dword ptr [ecx + 0x26548], 0x2000
0x0073BB62	0x0033BB62	89 81 4c 65 02 00               	mov     	dword ptr [ecx + 0x2654c], eax
0x0073BB68	0x0033BB68	83 fb 06                        	cmp     	ebx, 6
0x0073BB6B	0x0033BB6B	74 05                           	je      	0x73bb72
0x0073BB6D	0x0033BB6D	83 fb 0d                        	cmp     	ebx, 0xd
0x0073BB70	0x0033BB70	75 16                           	jne     	0x73bb88
0x0073BB72	0x0033BB72	8b 81 4c 65 02 00               	mov     	eax, dword ptr [ecx + 0x2654c]
0x0073BB78	0x0033BB78	81 89 48 65 02 00 00 40 00 00   	or      	dword ptr [ecx + 0x26548], 0x4000
0x0073BB82	0x0033BB82	89 81 4c 65 02 00               	mov     	dword ptr [ecx + 0x2654c], eax
0x0073BB88	0x0033BB88	8b b5 20 ff ff ff               	mov     	esi, dword ptr [ebp - 0xe0]
0x0073BB8E	0x0033BB8E	83 fb 0e                        	cmp     	ebx, 0xe
0x0073BB91	0x0033BB91	75 1b                           	jne     	0x73bbae
0x0073BB93	0x0033BB93	8b 81 48 65 02 00               	mov     	eax, dword ptr [ecx + 0x26548]
0x0073BB99	0x0033BB99	83 89 4c 65 02 00 01            	or      	dword ptr [ecx + 0x2654c], 1
0x0073BBA0	0x0033BBA0	89 81 48 65 02 00               	mov     	dword ptr [ecx + 0x26548], eax
0x0073BBA6	0x0033BBA6	eb 06                           	jmp     	0x73bbae
0x0073BBA8	0x0033BBA8	8b b5 20 ff ff ff               	mov     	esi, dword ptr [ebp - 0xe0]
0x0073BBAE	0x0033BBAE	8b 85 2c ff ff ff               	mov     	eax, dword ptr [ebp - 0xd4]
0x0073BBB4	0x0033BBB4	33 db                           	xor     	ebx, ebx
0x0073BBB6	0x0033BBB6	8b 17                           	mov     	edx, dword ptr [edi]
0x0073BBB8	0x0033BBB8	c7 85 34 ff ff ff 00 00 00 00   	mov     	dword ptr [ebp - 0xcc], 0
0x0073BBC2	0x0033BBC2	38 58 08                        	cmp     	byte ptr [eax + 8], bl
0x0073BBC5	0x0033BBC5	0f 95 c3                        	setne   	bl
0x0073BBC8	0x0033BBC8	85 d2                           	test    	edx, edx
0x0073BBCA	0x0033BBCA	75 16                           	jne     	0x73bbe2
0x0073BBCC	0x0033BBCC	68 54 bf b6 00                  	push    	0xb6bf54
0x0073BBD1	0x0033BBD1	6a 10                           	push    	0x10
0x0073BBD3	0x0033BBD3	e8 e8 56 2d 00                  	call    	0xa112c0
0x0073BBD8	0x0033BBD8	8b 17                           	mov     	edx, dword ptr [edi]
0x0073BBDA	0x0033BBDA	83 c4 08                        	add     	esp, 8
0x0073BBDD	0x0033BBDD	85 d2                           	test    	edx, edx
0x0073BBDF	0x0033BBDF	75 01                           	jne     	0x73bbe2
0x0073BBE1	0x0033BBE1	cc                              	int3    	
0x0073BBE2	0x0033BBE2	8b 4f 04                        	mov     	ecx, dword ptr [edi + 4]
0x0073BBE5	0x0033BBE5	8b c2                           	mov     	eax, edx
0x0073BBE7	0x0033BBE7	d3 e8                           	shr     	eax, cl
0x0073BBE9	0x0033BBE9	8b 4f 08                        	mov     	ecx, dword ptr [edi + 8]
0x0073BBEC	0x0033BBEC	33 c2                           	xor     	eax, edx
0x0073BBEE	0x0033BBEE	8b d0                           	mov     	edx, eax
0x0073BBF0	0x0033BBF0	6a ff                           	push    	-1
0x0073BBF2	0x0033BBF2	d3 e2                           	shl     	edx, cl
0x0073BBF4	0x0033BBF4	8b 4f 0c                        	mov     	ecx, dword ptr [edi + 0xc]
0x0073BBF7	0x0033BBF7	33 d0                           	xor     	edx, eax
0x0073BBF9	0x0033BBF9	53                              	push    	ebx
0x0073BBFA	0x0033BBFA	8b c2                           	mov     	eax, edx
0x0073BBFC	0x0033BBFC	d3 e8                           	shr     	eax, cl
0x0073BBFE	0x0033BBFE	8d 8d 34 ff ff ff               	lea     	ecx, [ebp - 0xcc]
0x0073BC04	0x0033BC04	51                              	push    	ecx
0x0073BC05	0x0033BC05	8b 8d 24 ff ff ff               	mov     	ecx, dword ptr [ebp - 0xdc]
0x0073BC0B	0x0033BC0B	33 c2                           	xor     	eax, edx
0x0073BC0D	0x0033BC0D	6a 0a                           	push    	0xa
0x0073BC0F	0x0033BC0F	6a 01                           	push    	1
0x0073BC11	0x0033BC11	6a ff                           	push    	-1
0x0073BC13	0x0033BC13	6a 00                           	push    	0
0x0073BC15	0x0033BC15	6a 0d                           	push    	0xd
0x0073BC17	0x0033BC17	6a 0b                           	push    	0xb
0x0073BC19	0x0033BC19	6a 00                           	push    	0
0x0073BC1B	0x0033BC1B	6a 01                           	push    	1
0x0073BC1D	0x0033BC1D	50                              	push    	eax
0x0073BC1E	0x0033BC1E	89 07                           	mov     	dword ptr [edi], eax
0x0073BC20	0x0033BC20	e8 ab 0b 0f 00                  	call    	0x82c7d0
0x0073BC25	0x0033BC25	89 85 0c ff ff ff               	mov     	dword ptr [ebp - 0xf4], eax
0x0073BC2B	0x0033BC2B	8d 48 38                        	lea     	ecx, [eax + 0x38]
0x0073BC2E	0x0033BC2E	51                              	push    	ecx
0x0073BC2F	0x0033BC2F	ff 70 48                        	push    	dword ptr [eax + 0x48]
0x0073BC32	0x0033BC32	8b ce                           	mov     	ecx, esi
0x0073BC34	0x0033BC34	e8 a7 24 27 00                  	call    	0x9ae0e0
0x0073BC39	0x0033BC39	8b 9d e4 fe ff ff               	mov     	ebx, dword ptr [ebp - 0x11c]
0x0073BC3F	0x0033BC3F	8b cb                           	mov     	ecx, ebx
0x0073BC41	0x0033BC41	89 85 30 ff ff ff               	mov     	dword ptr [ebp - 0xd0], eax
0x0073BC47	0x0033BC47	8d 85 34 ff ff ff               	lea     	eax, [ebp - 0xcc]
0x0073BC4D	0x0033BC4D	50                              	push    	eax
0x0073BC4E	0x0033BC4E	8d 85 fc fe ff ff               	lea     	eax, [ebp - 0x104]
0x0073BC54	0x0033BC54	c7 85 34 ff ff ff 0b 00 00 00   	mov     	dword ptr [ebp - 0xcc], 0xb
0x0073BC5E	0x0033BC5E	50                              	push    	eax
0x0073BC5F	0x0033BC5F	e8 3c cc ce ff                  	call    	0x4288a0
0x0073BC64	0x0033BC64	8b 8d 04 ff ff ff               	mov     	ecx, dword ptr [ebp - 0xfc]
0x0073BC6A	0x0033BC6A	80 79 0d 00                     	cmp     	byte ptr [ecx + 0xd], 0
0x0073BC6E	0x0033BC6E	75 46                           	jne     	0x73bcb6
0x0073BC70	0x0033BC70	83 79 10 0b                     	cmp     	dword ptr [ecx + 0x10], 0xb
0x0073BC74	0x0033BC74	7f 40                           	jg      	0x73bcb6
0x0073BC76	0x0033BC76	3b 0b                           	cmp     	ecx, dword ptr [ebx]
0x0073BC78	0x0033BC78	74 3c                           	je      	0x73bcb6
0x0073BC7A	0x0033BC7A	8b 35 78 16 c7 00               	mov     	esi, dword ptr [0xc71678]
0x0073BC80	0x0033BC80	8b 85 30 ff ff ff               	mov     	eax, dword ptr [ebp - 0xd0]
0x0073BC86	0x0033BC86	85 c0                           	test    	eax, eax
0x0073BC88	0x0033BC88	0f 84 ec 00 00 00               	je      	0x73bd7a
0x0073BC8E	0x0033BC8E	8b 8d 20 ff ff ff               	mov     	ecx, dword ptr [ebp - 0xe0]
0x0073BC94	0x0033BC94	83 c0 04                        	add     	eax, 4
0x0073BC97	0x0033BC97	81 c1 70 03 00 00               	add     	ecx, 0x370
0x0073BC9D	0x0033BC9D	8b 51 04                        	mov     	edx, dword ptr [ecx + 4]
0x0073BCA0	0x0033BCA0	3b 51 08                        	cmp     	edx, dword ptr [ecx + 8]
0x0073BCA3	0x0033BCA3	0f 84 c4 00 00 00               	je      	0x73bd6d
0x0073BCA9	0x0033BCA9	8b 00                           	mov     	eax, dword ptr [eax]
0x0073BCAB	0x0033BCAB	89 02                           	mov     	dword ptr [edx], eax
0x0073BCAD	0x0033BCAD	83 41 04 04                     	add     	dword ptr [ecx + 4], 4
0x0073BCB1	0x0033BCB1	e9 c4 00 00 00                  	jmp     	0x73bd7a
0x0073BCB6	0x0033BCB6	8b 17                           	mov     	edx, dword ptr [edi]
0x0073BCB8	0x0033BCB8	85 d2                           	test    	edx, edx
0x0073BCBA	0x0033BCBA	75 16                           	jne     	0x73bcd2
0x0073BCBC	0x0033BCBC	68 54 bf b6 00                  	push    	0xb6bf54
0x0073BCC1	0x0033BCC1	6a 10                           	push    	0x10
0x0073BCC3	0x0033BCC3	e8 f8 55 2d 00                  	call    	0xa112c0
0x0073BCC8	0x0033BCC8	8b 17                           	mov     	edx, dword ptr [edi]
0x0073BCCA	0x0033BCCA	83 c4 08                        	add     	esp, 8
0x0073BCCD	0x0033BCCD	85 d2                           	test    	edx, edx
0x0073BCCF	0x0033BCCF	75 01                           	jne     	0x73bcd2
0x0073BCD1	0x0033BCD1	cc                              	int3    	
0x0073BCD2	0x0033BCD2	8b 4f 04                        	mov     	ecx, dword ptr [edi + 4]
0x0073BCD5	0x0033BCD5	8b c2                           	mov     	eax, edx
0x0073BCD7	0x0033BCD7	8b 35 78 16 c7 00               	mov     	esi, dword ptr [0xc71678]
0x0073BCDD	0x0033BCDD	d3 e8                           	shr     	eax, cl
0x0073BCDF	0x0033BCDF	8b 4f 08                        	mov     	ecx, dword ptr [edi + 8]
0x0073BCE2	0x0033BCE2	33 c2                           	xor     	eax, edx
0x0073BCE4	0x0033BCE4	8b d0                           	mov     	edx, eax
0x0073BCE6	0x0033BCE6	d3 e2                           	shl     	edx, cl
0x0073BCE8	0x0033BCE8	8b 4f 0c                        	mov     	ecx, dword ptr [edi + 0xc]
0x0073BCEB	0x0033BCEB	33 d0                           	xor     	edx, eax
0x0073BCED	0x0033BCED	8b da                           	mov     	ebx, edx
0x0073BCEF	0x0033BCEF	d3 eb                           	shr     	ebx, cl
0x0073BCF1	0x0033BCF1	33 da                           	xor     	ebx, edx
0x0073BCF3	0x0033BCF3	8b c3                           	mov     	eax, ebx
0x0073BCF5	0x0033BCF5	89 1f                           	mov     	dword ptr [edi], ebx
0x0073BCF7	0x0033BCF7	83 e0 01                        	and     	eax, 1
0x0073BCFA	0x0033BCFA	74 1d                           	je      	0x73bd19
0x0073BCFC	0x0033BCFC	8b 46 04                        	mov     	eax, dword ptr [esi + 4]
0x0073BCFF	0x0033BCFF	83 f8 04                        	cmp     	eax, 4
0x0073BD02	0x0033BD02	74 09                           	je      	0x73bd0d
0x0073BD04	0x0033BD04	83 f8 05                        	cmp     	eax, 5
0x0073BD07	0x0033BD07	74 04                           	je      	0x73bd0d
0x0073BD09	0x0033BD09	8b 06                           	mov     	eax, dword ptr [esi]
0x0073BD0B	0x0033BD0B	eb 03                           	jmp     	0x73bd10
0x0073BD0D	0x0033BD0D	8b 06                           	mov     	eax, dword ptr [esi]
0x0073BD0F	0x0033BD0F	40                              	inc     	eax
0x0073BD10	0x0033BD10	83 f8 02                        	cmp     	eax, 2
0x0073BD13	0x0033BD13	0f 8e 67 ff ff ff               	jle     	0x73bc80
0x0073BD19	0x0033BD19	8d 8e a8 ba 01 00               	lea     	ecx, [esi + 0x1baa8]
0x0073BD1F	0x0033BD1F	6a 00                           	push    	0
0x0073BD21	0x0033BD21	e8 0a 2e 28 00                  	call    	0x9beb30
0x0073BD26	0x0033BD26	84 c0                           	test    	al, al
0x0073BD28	0x0033BD28	0f 84 52 ff ff ff               	je      	0x73bc80
0x0073BD2E	0x0033BD2E	8b 46 04                        	mov     	eax, dword ptr [esi + 4]
0x0073BD31	0x0033BD31	83 f8 04                        	cmp     	eax, 4
0x0073BD34	0x0033BD34	74 09                           	je      	0x73bd3f
0x0073BD36	0x0033BD36	83 f8 05                        	cmp     	eax, 5
0x0073BD39	0x0033BD39	74 04                           	je      	0x73bd3f
0x0073BD3B	0x0033BD3B	8b 06                           	mov     	eax, dword ptr [esi]
0x0073BD3D	0x0033BD3D	eb 03                           	jmp     	0x73bd42
0x0073BD3F	0x0033BD3F	8b 06                           	mov     	eax, dword ptr [esi]
0x0073BD41	0x0033BD41	40                              	inc     	eax
0x0073BD42	0x0033BD42	83 f8 01                        	cmp     	eax, 1
0x0073BD45	0x0033BD45	0f 8e 35 ff ff ff               	jle     	0x73bc80
0x0073BD4B	0x0033BD4B	8b 85 30 ff ff ff               	mov     	eax, dword ptr [ebp - 0xd0]
0x0073BD51	0x0033BD51	85 c0                           	test    	eax, eax
0x0073BD53	0x0033BD53	74 25                           	je      	0x73bd7a
0x0073BD55	0x0033BD55	6a 00                           	push    	0
0x0073BD57	0x0033BD57	51                              	push    	ecx
0x0073BD58	0x0033BD58	8b 8d 2c ff ff ff               	mov     	ecx, dword ptr [ebp - 0xd4]
0x0073BD5E	0x0033BD5E	53                              	push    	ebx
0x0073BD5F	0x0033BD5F	ff b5 0c ff ff ff               	push    	dword ptr [ebp - 0xf4]
0x0073BD65	0x0033BD65	50                              	push    	eax
0x0073BD66	0x0033BD66	e8 45 cd ff ff                  	call    	0x738ab0
0x0073BD6B	0x0033BD6B	eb 07                           	jmp     	0x73bd74
0x0073BD6D	0x0033BD6D	50                              	push    	eax
0x0073BD6E	0x0033BD6E	52                              	push    	edx
0x0073BD6F	0x0033BD6F	e8 ac 0b cf ff                  	call    	0x42c920
0x0073BD74	0x0033BD74	8b 35 78 16 c7 00               	mov     	esi, dword ptr [0xc71678]
0x0073BD7A	0x0033BD7A	8d 8e a8 ba 01 00               	lea     	ecx, [esi + 0x1baa8]
0x0073BD80	0x0033BD80	6a 02                           	push    	2
0x0073BD82	0x0033BD82	e8 a9 3b 28 00                  	call    	0x9bf930
0x0073BD87	0x0033BD87	8b 17                           	mov     	edx, dword ptr [edi]
0x0073BD89	0x0033BD89	85 c0                           	test    	eax, eax
0x0073BD8B	0x0033BD8B	0f 95 c3                        	setne   	bl
0x0073BD8E	0x0033BD8E	88 9d 3b ff ff ff               	mov     	byte ptr [ebp - 0xc5], bl
0x0073BD94	0x0033BD94	85 d2                           	test    	edx, edx
0x0073BD96	0x0033BD96	75 16                           	jne     	0x73bdae
0x0073BD98	0x0033BD98	68 54 bf b6 00                  	push    	0xb6bf54
0x0073BD9D	0x0033BD9D	6a 10                           	push    	0x10
0x0073BD9F	0x0033BD9F	e8 1c 55 2d 00                  	call    	0xa112c0
0x0073BDA4	0x0033BDA4	8b 17                           	mov     	edx, dword ptr [edi]
0x0073BDA6	0x0033BDA6	83 c4 08                        	add     	esp, 8
0x0073BDA9	0x0033BDA9	85 d2                           	test    	edx, edx
0x0073BDAB	0x0033BDAB	75 01                           	jne     	0x73bdae
0x0073BDAD	0x0033BDAD	cc                              	int3    	
0x0073BDAE	0x0033BDAE	8b 4f 04                        	mov     	ecx, dword ptr [edi + 4]
0x0073BDB1	0x0033BDB1	8b c2                           	mov     	eax, edx
0x0073BDB3	0x0033BDB3	d3 e8                           	shr     	eax, cl
0x0073BDB5	0x0033BDB5	8b 4f 08                        	mov     	ecx, dword ptr [edi + 8]
0x0073BDB8	0x0033BDB8	33 c2                           	xor     	eax, edx
0x0073BDBA	0x0033BDBA	8b d0                           	mov     	edx, eax
0x0073BDBC	0x0033BDBC	d3 e2                           	shl     	edx, cl
0x0073BDBE	0x0033BDBE	8b 4f 0c                        	mov     	ecx, dword ptr [edi + 0xc]
0x0073BDC1	0x0033BDC1	33 d0                           	xor     	edx, eax
0x0073BDC3	0x0033BDC3	8b f2                           	mov     	esi, edx
0x0073BDC5	0x0033BDC5	b8 cd cc cc cc                  	mov     	eax, 0xcccccccd
0x0073BDCA	0x0033BDCA	d3 ee                           	shr     	esi, cl
0x0073BDCC	0x0033BDCC	33 f2                           	xor     	esi, edx
0x0073BDCE	0x0033BDCE	f7 e6                           	mul     	esi
0x0073BDD0	0x0033BDD0	8b c6                           	mov     	eax, esi
0x0073BDD2	0x0033BDD2	89 37                           	mov     	dword ptr [edi], esi
0x0073BDD4	0x0033BDD4	c1 ea 03                        	shr     	edx, 3
0x0073BDD7	0x0033BDD7	8d 0c 92                        	lea     	ecx, [edx + edx*4]
0x0073BDDA	0x0033BDDA	03 c9                           	add     	ecx, ecx
0x0073BDDC	0x0033BDDC	2b c1                           	sub     	eax, ecx
0x0073BDDE	0x0033BDDE	74 77                           	je      	0x73be57
0x0073BDE0	0x0033BDE0	85 f6                           	test    	esi, esi
0x0073BDE2	0x0033BDE2	75 16                           	jne     	0x73bdfa
0x0073BDE4	0x0033BDE4	68 54 bf b6 00                  	push    	0xb6bf54
0x0073BDE9	0x0033BDE9	6a 10                           	push    	0x10
0x0073BDEB	0x0033BDEB	e8 d0 54 2d 00                  	call    	0xa112c0
0x0073BDF0	0x0033BDF0	8b 37                           	mov     	esi, dword ptr [edi]
0x0073BDF2	0x0033BDF2	83 c4 08                        	add     	esp, 8
0x0073BDF5	0x0033BDF5	85 f6                           	test    	esi, esi
0x0073BDF7	0x0033BDF7	75 01                           	jne     	0x73bdfa
0x0073BDF9	0x0033BDF9	cc                              	int3    	
0x0073BDFA	0x0033BDFA	8b 85 2c ff ff ff               	mov     	eax, dword ptr [ebp - 0xd4]
0x0073BE00	0x0033BE00	8b d6                           	mov     	edx, esi
0x0073BE02	0x0033BE02	8b 88 d8 82 01 00               	mov     	ecx, dword ptr [eax + 0x182d8]
0x0073BE08	0x0033BE08	d3 ea                           	shr     	edx, cl
0x0073BE0A	0x0033BE0A	8b 88 dc 82 01 00               	mov     	ecx, dword ptr [eax + 0x182dc]
0x0073BE10	0x0033BE10	33 d6                           	xor     	edx, esi
0x0073BE12	0x0033BE12	8b f2                           	mov     	esi, edx
0x0073BE14	0x0033BE14	d3 e6                           	shl     	esi, cl
0x0073BE16	0x0033BE16	8b 88 e0 82 01 00               	mov     	ecx, dword ptr [eax + 0x182e0]
0x0073BE1C	0x0033BE1C	33 f2                           	xor     	esi, edx
0x0073BE1E	0x0033BE1E	8b fe                           	mov     	edi, esi
0x0073BE20	0x0033BE20	b8 ab aa aa aa                  	mov     	eax, 0xaaaaaaab
0x0073BE25	0x0033BE25	d3 ef                           	shr     	edi, cl
0x0073BE27	0x0033BE27	8b 8d dc fe ff ff               	mov     	ecx, dword ptr [ebp - 0x124]
0x0073BE2D	0x0033BE2D	33 fe                           	xor     	edi, esi
0x0073BE2F	0x0033BE2F	f7 e7                           	mul     	edi
0x0073BE31	0x0033BE31	89 39                           	mov     	dword ptr [ecx], edi
0x0073BE33	0x0033BE33	d1 ea                           	shr     	edx, 1
0x0073BE35	0x0033BE35	8d 04 52                        	lea     	eax, [edx + edx*2]
0x0073BE38	0x0033BE38	2b f8                           	sub     	edi, eax
0x0073BE3A	0x0033BE3A	75 62                           	jne     	0x73be9e
0x0073BE3C	0x0033BE3C	8b 0d 78 16 c7 00               	mov     	ecx, dword ptr [0xc71678]
0x0073BE42	0x0033BE42	57                              	push    	edi
0x0073BE43	0x0033BE43	e8 28 ba cd ff                  	call    	0x417870
0x0073BE48	0x0033BE48	83 b8 5c 13 00 00 01            	cmp     	dword ptr [eax + 0x135c], 1
0x0073BE4F	0x0033BE4F	7e 4d                           	jle     	0x73be9e
0x0073BE51	0x0033BE51	8b bd dc fe ff ff               	mov     	edi, dword ptr [ebp - 0x124]
0x0073BE57	0x0033BE57	8b b5 e4 fe ff ff               	mov     	esi, dword ptr [ebp - 0x11c]
0x0073BE5D	0x0033BE5D	8d 85 34 ff ff ff               	lea     	eax, [ebp - 0xcc]
0x0073BE63	0x0033BE63	50                              	push    	eax
0x0073BE64	0x0033BE64	8d 85 fc fe ff ff               	lea     	eax, [ebp - 0x104]
0x0073BE6A	0x0033BE6A	c7 85 34 ff ff ff 14 00 00 00   	mov     	dword ptr [ebp - 0xcc], 0x14
0x0073BE74	0x0033BE74	50                              	push    	eax
0x0073BE75	0x0033BE75	8b ce                           	mov     	ecx, esi
0x0073BE77	0x0033BE77	e8 24 ca ce ff                  	call    	0x4288a0
0x0073BE7C	0x0033BE7C	8b 85 04 ff ff ff               	mov     	eax, dword ptr [ebp - 0xfc]
0x0073BE82	0x0033BE82	80 78 0d 00                     	cmp     	byte ptr [eax + 0xd], 0
0x0073BE86	0x0033BE86	0f 85 98 00 00 00               	jne     	0x73bf24
0x0073BE8C	0x0033BE8C	83 78 10 14                     	cmp     	dword ptr [eax + 0x10], 0x14
0x0073BE90	0x0033BE90	0f 8f 8e 00 00 00               	jg      	0x73bf24
0x0073BE96	0x0033BE96	3b 06                           	cmp     	eax, dword ptr [esi]
0x0073BE98	0x0033BE98	0f 84 86 00 00 00               	je      	0x73bf24
0x0073BE9E	0x0033BE9E	8b bd dc fe ff ff               	mov     	edi, dword ptr [ebp - 0x124]
0x0073BEA4	0x0033BEA4	84 db                           	test    	bl, bl
0x0073BEA6	0x0033BEA6	0f 84 ac 00 00 00               	je      	0x73bf58
0x0073BEAC	0x0033BEAC	8b 17                           	mov     	edx, dword ptr [edi]
0x0073BEAE	0x0033BEAE	c7 85 34 ff ff ff 00 00 00 00   	mov     	dword ptr [ebp - 0xcc], 0
0x0073BEB8	0x0033BEB8	85 d2                           	test    	edx, edx
0x0073BEBA	0x0033BEBA	75 16                           	jne     	0x73bed2
0x0073BEBC	0x0033BEBC	68 54 bf b6 00                  	push    	0xb6bf54
0x0073BEC1	0x0033BEC1	6a 10                           	push    	0x10
0x0073BEC3	0x0033BEC3	e8 f8 53 2d 00                  	call    	0xa112c0
0x0073BEC8	0x0033BEC8	8b 17                           	mov     	edx, dword ptr [edi]
0x0073BECA	0x0033BECA	83 c4 08                        	add     	esp, 8
0x0073BECD	0x0033BECD	85 d2                           	test    	edx, edx
0x0073BECF	0x0033BECF	75 01                           	jne     	0x73bed2
0x0073BED1	0x0033BED1	cc                              	int3    	
0x0073BED2	0x0033BED2	8b 4f 04                        	mov     	ecx, dword ptr [edi + 4]
0x0073BED5	0x0033BED5	8b c2                           	mov     	eax, edx
0x0073BED7	0x0033BED7	d3 e8                           	shr     	eax, cl
0x0073BED9	0x0033BED9	8b 4f 08                        	mov     	ecx, dword ptr [edi + 8]
0x0073BEDC	0x0033BEDC	33 c2                           	xor     	eax, edx
0x0073BEDE	0x0033BEDE	8b d0                           	mov     	edx, eax
0x0073BEE0	0x0033BEE0	8b b5 24 ff ff ff               	mov     	esi, dword ptr [ebp - 0xdc]
0x0073BEE6	0x0033BEE6	6a ff                           	push    	-1
0x0073BEE8	0x0033BEE8	d3 e2                           	shl     	edx, cl
0x0073BEEA	0x0033BEEA	8b 4f 0c                        	mov     	ecx, dword ptr [edi + 0xc]
0x0073BEED	0x0033BEED	33 d0                           	xor     	edx, eax
0x0073BEEF	0x0033BEEF	6a 01                           	push    	1
0x0073BEF1	0x0033BEF1	8b c2                           	mov     	eax, edx
0x0073BEF3	0x0033BEF3	d3 e8                           	shr     	eax, cl
0x0073BEF5	0x0033BEF5	8d 8d 34 ff ff ff               	lea     	ecx, [ebp - 0xcc]
0x0073BEFB	0x0033BEFB	51                              	push    	ecx
0x0073BEFC	0x0033BEFC	6a 0a                           	push    	0xa
0x0073BEFE	0x0033BEFE	6a 01                           	push    	1
0x0073BF00	0x0033BF00	6a ff                           	push    	-1
0x0073BF02	0x0033BF02	6a 00                           	push    	0
0x0073BF04	0x0033BF04	6a 0d                           	push    	0xd
0x0073BF06	0x0033BF06	6a 09                           	push    	9
0x0073BF08	0x0033BF08	6a 00                           	push    	0
0x0073BF0A	0x0033BF0A	33 c2                           	xor     	eax, edx
0x0073BF0C	0x0033BF0C	8b ce                           	mov     	ecx, esi
0x0073BF0E	0x0033BF0E	6a 01                           	push    	1
0x0073BF10	0x0033BF10	50                              	push    	eax
0x0073BF11	0x0033BF11	89 07                           	mov     	dword ptr [edi], eax
0x0073BF13	0x0033BF13	e8 b8 08 0f 00                  	call    	0x82c7d0
0x0073BF18	0x0033BF18	8b d8                           	mov     	ebx, eax
0x0073BF1A	0x0033BF1A	85 db                           	test    	ebx, ebx
0x0073BF1C	0x0033BF1C	0f 85 a4 00 00 00               	jne     	0x73bfc6
0x0073BF22	0x0033BF22	eb 3a                           	jmp     	0x73bf5e
0x0073BF24	0x0033BF24	84 db                           	test    	bl, bl
0x0073BF26	0x0033BF26	75 84                           	jne     	0x73beac
0x0073BF28	0x0033BF28	8b cf                           	mov     	ecx, edi
0x0073BF2A	0x0033BF2A	c7 85 34 ff ff ff 00 00 00 00   	mov     	dword ptr [ebp - 0xcc], 0
0x0073BF34	0x0033BF34	e8 b7 d1 0a 00                  	call    	0x7e90f0
0x0073BF39	0x0033BF39	6a ff                           	push    	-1
0x0073BF3B	0x0033BF3B	6a ff                           	push    	-1
0x0073BF3D	0x0033BF3D	8d 8d 34 ff ff ff               	lea     	ecx, [ebp - 0xcc]
0x0073BF43	0x0033BF43	51                              	push    	ecx
0x0073BF44	0x0033BF44	8b 8d 24 ff ff ff               	mov     	ecx, dword ptr [ebp - 0xdc]
0x0073BF4A	0x0033BF4A	6a 0a                           	push    	0xa
0x0073BF4C	0x0033BF4C	6a 01                           	push    	1
0x0073BF4E	0x0033BF4E	6a ff                           	push    	-1
0x0073BF50	0x0033BF50	6a 00                           	push    	0
0x0073BF52	0x0033BF52	6a 0d                           	push    	0xd
0x0073BF54	0x0033BF54	6a 14                           	push    	0x14
0x0073BF56	0x0033BF56	eb 62                           	jmp     	0x73bfba
0x0073BF58	0x0033BF58	8b b5 24 ff ff ff               	mov     	esi, dword ptr [ebp - 0xdc]
0x0073BF5E	0x0033BF5E	8b 17                           	mov     	edx, dword ptr [edi]
0x0073BF60	0x0033BF60	c7 85 34 ff ff ff 00 00 00 00   	mov     	dword ptr [ebp - 0xcc], 0
0x0073BF6A	0x0033BF6A	85 d2                           	test    	edx, edx
0x0073BF6C	0x0033BF6C	75 16                           	jne     	0x73bf84
0x0073BF6E	0x0033BF6E	68 54 bf b6 00                  	push    	0xb6bf54
0x0073BF73	0x0033BF73	6a 10                           	push    	0x10
0x0073BF75	0x0033BF75	e8 46 53 2d 00                  	call    	0xa112c0
0x0073BF7A	0x0033BF7A	8b 17                           	mov     	edx, dword ptr [edi]
0x0073BF7C	0x0033BF7C	83 c4 08                        	add     	esp, 8
0x0073BF7F	0x0033BF7F	85 d2                           	test    	edx, edx
0x0073BF81	0x0033BF81	75 01                           	jne     	0x73bf84
0x0073BF83	0x0033BF83	cc                              	int3    	
0x0073BF84	0x0033BF84	8b 4f 04                        	mov     	ecx, dword ptr [edi + 4]
0x0073BF87	0x0033BF87	8b c2                           	mov     	eax, edx
0x0073BF89	0x0033BF89	d3 e8                           	shr     	eax, cl
0x0073BF8B	0x0033BF8B	8b 4f 08                        	mov     	ecx, dword ptr [edi + 8]
0x0073BF8E	0x0033BF8E	33 c2                           	xor     	eax, edx
0x0073BF90	0x0033BF90	8b d0                           	mov     	edx, eax
0x0073BF92	0x0033BF92	d3 e2                           	shl     	edx, cl
0x0073BF94	0x0033BF94	8b 4f 0c                        	mov     	ecx, dword ptr [edi + 0xc]
0x0073BF97	0x0033BF97	33 d0                           	xor     	edx, eax
0x0073BF99	0x0033BF99	6a ff                           	push    	-1
0x0073BF9B	0x0033BF9B	6a 00                           	push    	0
0x0073BF9D	0x0033BF9D	8b c2                           	mov     	eax, edx
0x0073BF9F	0x0033BF9F	d3 e8                           	shr     	eax, cl
0x0073BFA1	0x0033BFA1	8d 8d 34 ff ff ff               	lea     	ecx, [ebp - 0xcc]
0x0073BFA7	0x0033BFA7	51                              	push    	ecx
0x0073BFA8	0x0033BFA8	6a 0a                           	push    	0xa
0x0073BFAA	0x0033BFAA	6a 01                           	push    	1
0x0073BFAC	0x0033BFAC	6a ff                           	push    	-1
0x0073BFAE	0x0033BFAE	6a 00                           	push    	0
0x0073BFB0	0x0033BFB0	33 c2                           	xor     	eax, edx
0x0073BFB2	0x0033BFB2	8b ce                           	mov     	ecx, esi
0x0073BFB4	0x0033BFB4	6a 0d                           	push    	0xd
0x0073BFB6	0x0033BFB6	89 07                           	mov     	dword ptr [edi], eax
0x0073BFB8	0x0033BFB8	6a 09                           	push    	9
0x0073BFBA	0x0033BFBA	6a 00                           	push    	0
0x0073BFBC	0x0033BFBC	6a 01                           	push    	1
0x0073BFBE	0x0033BFBE	50                              	push    	eax
0x0073BFBF	0x0033BFBF	e8 0c 08 0f 00                  	call    	0x82c7d0
0x0073BFC4	0x0033BFC4	8b d8                           	mov     	ebx, eax
0x0073BFC6	0x0033BFC6	8b 8d 20 ff ff ff               	mov     	ecx, dword ptr [ebp - 0xe0]
0x0073BFCC	0x0033BFCC	8d 43 38                        	lea     	eax, [ebx + 0x38]
0x0073BFCF	0x0033BFCF	50                              	push    	eax
0x0073BFD0	0x0033BFD0	ff 73 48                        	push    	dword ptr [ebx + 0x48]
0x0073BFD3	0x0033BFD3	e8 08 21 27 00                  	call    	0x9ae0e0
0x0073BFD8	0x0033BFD8	8b 35 78 16 c7 00               	mov     	esi, dword ptr [0xc71678]
0x0073BFDE	0x0033BFDE	89 85 30 ff ff ff               	mov     	dword ptr [ebp - 0xd0], eax
0x0073BFE4	0x0033BFE4	8b 46 04                        	mov     	eax, dword ptr [esi + 4]
0x0073BFE7	0x0033BFE7	83 f8 04                        	cmp     	eax, 4
0x0073BFEA	0x0033BFEA	74 09                           	je      	0x73bff5
0x0073BFEC	0x0033BFEC	83 f8 05                        	cmp     	eax, 5
0x0073BFEF	0x0033BFEF	74 04                           	je      	0x73bff5
0x0073BFF1	0x0033BFF1	8b 36                           	mov     	esi, dword ptr [esi]
0x0073BFF3	0x0033BFF3	eb 08                           	jmp     	0x73bffd
0x0073BFF5	0x0033BFF5	a1 78 16 c7 00                  	mov     	eax, dword ptr [0xc71678]
0x0073BFFA	0x0033BFFA	8b 30                           	mov     	esi, dword ptr [eax]
0x0073BFFC	0x0033BFFC	46                              	inc     	esi
0x0073BFFD	0x0033BFFD	8b 8d e4 fe ff ff               	mov     	ecx, dword ptr [ebp - 0x11c]
0x0073C003	0x0033C003	8d 43 08                        	lea     	eax, [ebx + 8]
0x0073C006	0x0033C006	50                              	push    	eax
0x0073C007	0x0033C007	8d 85 fc fe ff ff               	lea     	eax, [ebp - 0x104]
0x0073C00D	0x0033C00D	50                              	push    	eax
0x0073C00E	0x0033C00E	e8 8d c8 ce ff                  	call    	0x4288a0
0x0073C013	0x0033C013	8b 8d 04 ff ff ff               	mov     	ecx, dword ptr [ebp - 0xfc]
0x0073C019	0x0033C019	80 79 0d 00                     	cmp     	byte ptr [ecx + 0xd], 0
0x0073C01D	0x0033C01D	75 16                           	jne     	0x73c035
0x0073C01F	0x0033C01F	8b 43 08                        	mov     	eax, dword ptr [ebx + 8]
0x0073C022	0x0033C022	3b 41 10                        	cmp     	eax, dword ptr [ecx + 0x10]
0x0073C025	0x0033C025	7c 0e                           	jl      	0x73c035
0x0073C027	0x0033C027	8b 85 e4 fe ff ff               	mov     	eax, dword ptr [ebp - 0x11c]
0x0073C02D	0x0033C02D	3b 08                           	cmp     	ecx, dword ptr [eax]
0x0073C02F	0x0033C02F	0f 85 83 00 00 00               	jne     	0x73c0b8
0x0073C035	0x0033C035	83 7b 08 09                     	cmp     	dword ptr [ebx + 8], 9
0x0073C039	0x0033C039	75 20                           	jne     	0x73c05b
0x0073C03B	0x0033C03B	8b 0d 78 16 c7 00               	mov     	ecx, dword ptr [0xc71678]
0x0073C041	0x0033C041	6a 00                           	push    	0
0x0073C043	0x0033C043	e8 28 b8 cd ff                  	call    	0x417870
0x0073C048	0x0033C048	83 b8 68 13 00 00 05            	cmp     	dword ptr [eax + 0x1368], 5
0x0073C04F	0x0033C04F	8a 85 3b ff ff ff               	mov     	al, byte ptr [ebp - 0xc5]
0x0073C055	0x0033C055	7d 26                           	jge     	0x73c07d
0x0073C057	0x0033C057	84 c0                           	test    	al, al
0x0073C059	0x0033C059	75 22                           	jne     	0x73c07d
0x0073C05B	0x0033C05B	83 7b 08 14                     	cmp     	dword ptr [ebx + 8], 0x14
0x0073C05F	0x0033C05F	75 57                           	jne     	0x73c0b8
0x0073C061	0x0033C061	8b 0d 78 16 c7 00               	mov     	ecx, dword ptr [0xc71678]
0x0073C067	0x0033C067	6a 00                           	push    	0
0x0073C069	0x0033C069	e8 02 b8 cd ff                  	call    	0x417870
0x0073C06E	0x0033C06E	83 b8 5c 13 00 00 01            	cmp     	dword ptr [eax + 0x135c], 1
0x0073C075	0x0033C075	7e 41                           	jle     	0x73c0b8
0x0073C077	0x0033C077	8a 85 3b ff ff ff               	mov     	al, byte ptr [ebp - 0xc5]
0x0073C07D	0x0033C07D	83 fe 02                        	cmp     	esi, 2
0x0073C080	0x0033C080	74 18                           	je      	0x73c09a
0x0073C082	0x0033C082	83 fe 04                        	cmp     	esi, 4
0x0073C085	0x0033C085	74 13                           	je      	0x73c09a
0x0073C087	0x0033C087	83 fe 06                        	cmp     	esi, 6
0x0073C08A	0x0033C08A	74 0e                           	je      	0x73c09a
0x0073C08C	0x0033C08C	83 fe 08                        	cmp     	esi, 8
0x0073C08F	0x0033C08F	74 09                           	je      	0x73c09a
0x0073C091	0x0033C091	84 c0                           	test    	al, al
0x0073C093	0x0033C093	74 23                           	je      	0x73c0b8
0x0073C095	0x0033C095	83 fe 0a                        	cmp     	esi, 0xa
0x0073C098	0x0033C098	7f 1e                           	jg      	0x73c0b8
0x0073C09A	0x0033C09A	8b 85 30 ff ff ff               	mov     	eax, dword ptr [ebp - 0xd0]
0x0073C0A0	0x0033C0A0	85 c0                           	test    	eax, eax
0x0073C0A2	0x0033C0A2	74 46                           	je      	0x73c0ea
0x0073C0A4	0x0033C0A4	6a 00                           	push    	0
0x0073C0A6	0x0033C0A6	51                              	push    	ecx
0x0073C0A7	0x0033C0A7	ff 37                           	push    	dword ptr [edi]
0x0073C0A9	0x0033C0A9	8b 8d 2c ff ff ff               	mov     	ecx, dword ptr [ebp - 0xd4]
0x0073C0AF	0x0033C0AF	53                              	push    	ebx
0x0073C0B0	0x0033C0B0	50                              	push    	eax
0x0073C0B1	0x0033C0B1	e8 fa c9 ff ff                  	call    	0x738ab0
0x0073C0B6	0x0033C0B6	eb 32                           	jmp     	0x73c0ea
0x0073C0B8	0x0033C0B8	8b 85 30 ff ff ff               	mov     	eax, dword ptr [ebp - 0xd0]
0x0073C0BE	0x0033C0BE	85 c0                           	test    	eax, eax
0x0073C0C0	0x0033C0C0	74 28                           	je      	0x73c0ea
0x0073C0C2	0x0033C0C2	8b 8d 20 ff ff ff               	mov     	ecx, dword ptr [ebp - 0xe0]
0x0073C0C8	0x0033C0C8	83 c0 04                        	add     	eax, 4
0x0073C0CB	0x0033C0CB	81 c1 70 03 00 00               	add     	ecx, 0x370
0x0073C0D1	0x0033C0D1	8b 51 04                        	mov     	edx, dword ptr [ecx + 4]
0x0073C0D4	0x0033C0D4	3b 51 08                        	cmp     	edx, dword ptr [ecx + 8]
0x0073C0D7	0x0033C0D7	74 0a                           	je      	0x73c0e3
0x0073C0D9	0x0033C0D9	8b 00                           	mov     	eax, dword ptr [eax]
0x0073C0DB	0x0033C0DB	89 02                           	mov     	dword ptr [edx], eax
0x0073C0DD	0x0033C0DD	83 41 04 04                     	add     	dword ptr [ecx + 4], 4
0x0073C0E1	0x0033C0E1	eb 07                           	jmp     	0x73c0ea
0x0073C0E3	0x0033C0E3	50                              	push    	eax
0x0073C0E4	0x0033C0E4	52                              	push    	edx
0x0073C0E5	0x0033C0E5	e8 36 08 cf ff                  	call    	0x42c920
0x0073C0EA	0x0033C0EA	8b 85 2c ff ff ff               	mov     	eax, dword ptr [ebp - 0xd4]
0x0073C0F0	0x0033C0F0	83 38 07                        	cmp     	dword ptr [eax], 7
0x0073C0F3	0x0033C0F3	0f 8d 17 03 00 00               	jge     	0x73c410
0x0073C0F9	0x0033C0F9	8b 9d e4 fe ff ff               	mov     	ebx, dword ptr [ebp - 0x11c]
0x0073C0FF	0x0033C0FF	8d 85 34 ff ff ff               	lea     	eax, [ebp - 0xcc]
0x0073C105	0x0033C105	50                              	push    	eax
0x0073C106	0x0033C106	8d 85 fc fe ff ff               	lea     	eax, [ebp - 0x104]
0x0073C10C	0x0033C10C	c7 85 34 ff ff ff 12 00 00 00   	mov     	dword ptr [ebp - 0xcc], 0x12
0x0073C116	0x0033C116	50                              	push    	eax
0x0073C117	0x0033C117	8b cb                           	mov     	ecx, ebx
0x0073C119	0x0033C119	e8 82 c7 ce ff                  	call    	0x4288a0
0x0073C11E	0x0033C11E	8b b5 04 ff ff ff               	mov     	esi, dword ptr [ebp - 0xfc]
0x0073C124	0x0033C124	80 7e 0d 00                     	cmp     	byte ptr [esi + 0xd], 0
0x0073C128	0x0033C128	75 0a                           	jne     	0x73c134
0x0073C12A	0x0033C12A	83 7e 10 12                     	cmp     	dword ptr [esi + 0x10], 0x12
0x0073C12E	0x0033C12E	7f 04                           	jg      	0x73c134
0x0073C130	0x0033C130	8b 1b                           	mov     	ebx, dword ptr [ebx]
0x0073C132	0x0033C132	eb 04                           	jmp     	0x73c138
0x0073C134	0x0033C134	8b 33                           	mov     	esi, dword ptr [ebx]
0x0073C136	0x0033C136	8b de                           	mov     	ebx, esi
0x0073C138	0x0033C138	8b 8d e4 fe ff ff               	mov     	ecx, dword ptr [ebp - 0x11c]
0x0073C13E	0x0033C13E	8d 85 34 ff ff ff               	lea     	eax, [ebp - 0xcc]
0x0073C144	0x0033C144	50                              	push    	eax
0x0073C145	0x0033C145	8d 85 fc fe ff ff               	lea     	eax, [ebp - 0x104]
0x0073C14B	0x0033C14B	c7 85 34 ff ff ff 13 00 00 00   	mov     	dword ptr [ebp - 0xcc], 0x13
0x0073C155	0x0033C155	50                              	push    	eax
0x0073C156	0x0033C156	e8 45 c7 ce ff                  	call    	0x4288a0
0x0073C15B	0x0033C15B	8b 85 04 ff ff ff               	mov     	eax, dword ptr [ebp - 0xfc]
0x0073C161	0x0033C161	80 78 0d 00                     	cmp     	byte ptr [eax + 0xd], 0
0x0073C165	0x0033C165	75 0a                           	jne     	0x73c171
0x0073C167	0x0033C167	83 78 10 13                     	cmp     	dword ptr [eax + 0x10], 0x13
0x0073C16B	0x0033C16B	7f 04                           	jg      	0x73c171
0x0073C16D	0x0033C16D	3b c3                           	cmp     	eax, ebx
0x0073C16F	0x0033C16F	75 16                           	jne     	0x73c187
0x0073C171	0x0033C171	8b 0d 78 16 c7 00               	mov     	ecx, dword ptr [0xc71678]
0x0073C177	0x0033C177	e8 54 f4 00 00                  	call    	0x74b5d0
0x0073C17C	0x0033C17C	c6 85 3b ff ff ff 01            	mov     	byte ptr [ebp - 0xc5], 1
0x0073C183	0x0033C183	84 c0                           	test    	al, al
0x0073C185	0x0033C185	75 07                           	jne     	0x73c18e
0x0073C187	0x0033C187	c6 85 3b ff ff ff 00            	mov     	byte ptr [ebp - 0xc5], 0
0x0073C18E	0x0033C18E	8b 17                           	mov     	edx, dword ptr [edi]
0x0073C190	0x0033C190	85 d2                           	test    	edx, edx
0x0073C192	0x0033C192	75 16                           	jne     	0x73c1aa
0x0073C194	0x0033C194	68 54 bf b6 00                  	push    	0xb6bf54
0x0073C199	0x0033C199	6a 10                           	push    	0x10
0x0073C19B	0x0033C19B	e8 20 51 2d 00                  	call    	0xa112c0
0x0073C1A0	0x0033C1A0	8b 17                           	mov     	edx, dword ptr [edi]
0x0073C1A2	0x0033C1A2	83 c4 08                        	add     	esp, 8
0x0073C1A5	0x0033C1A5	85 d2                           	test    	edx, edx
0x0073C1A7	0x0033C1A7	75 01                           	jne     	0x73c1aa
0x0073C1A9	0x0033C1A9	cc                              	int3    	
0x0073C1AA	0x0033C1AA	8b 4f 04                        	mov     	ecx, dword ptr [edi + 4]
0x0073C1AD	0x0033C1AD	8b c2                           	mov     	eax, edx
0x0073C1AF	0x0033C1AF	d3 e8                           	shr     	eax, cl
0x0073C1B1	0x0033C1B1	8b 4f 08                        	mov     	ecx, dword ptr [edi + 8]
0x0073C1B4	0x0033C1B4	33 c2                           	xor     	eax, edx
0x0073C1B6	0x0033C1B6	8b d0                           	mov     	edx, eax
0x0073C1B8	0x0033C1B8	d3 e2                           	shl     	edx, cl
0x0073C1BA	0x0033C1BA	8b 4f 0c                        	mov     	ecx, dword ptr [edi + 0xc]
0x0073C1BD	0x0033C1BD	33 d0                           	xor     	edx, eax
0x0073C1BF	0x0033C1BF	8b c2                           	mov     	eax, edx
0x0073C1C1	0x0033C1C1	d3 e8                           	shr     	eax, cl
0x0073C1C3	0x0033C1C3	33 c2                           	xor     	eax, edx
0x0073C1C5	0x0033C1C5	89 07                           	mov     	dword ptr [edi], eax
0x0073C1C7	0x0033C1C7	83 e0 01                        	and     	eax, 1
0x0073C1CA	0x0033C1CA	74 09                           	je      	0x73c1d5
0x0073C1CC	0x0033C1CC	80 bd 3b ff ff ff 00            	cmp     	byte ptr [ebp - 0xc5], 0
0x0073C1D3	0x0033C1D3	75 2e                           	jne     	0x73c203
0x0073C1D5	0x0033C1D5	3b f3                           	cmp     	esi, ebx
0x0073C1D7	0x0033C1D7	75 2a                           	jne     	0x73c203
0x0073C1D9	0x0033C1D9	8b cf                           	mov     	ecx, edi
0x0073C1DB	0x0033C1DB	c7 85 34 ff ff ff 00 00 00 00   	mov     	dword ptr [ebp - 0xcc], 0
0x0073C1E5	0x0033C1E5	e8 06 cf 0a 00                  	call    	0x7e90f0
0x0073C1EA	0x0033C1EA	6a ff                           	push    	-1
0x0073C1EC	0x0033C1EC	6a ff                           	push    	-1
0x0073C1EE	0x0033C1EE	8d 8d 34 ff ff ff               	lea     	ecx, [ebp - 0xcc]
0x0073C1F4	0x0033C1F4	51                              	push    	ecx
0x0073C1F5	0x0033C1F5	6a 0a                           	push    	0xa
0x0073C1F7	0x0033C1F7	6a 01                           	push    	1
0x0073C1F9	0x0033C1F9	6a ff                           	push    	-1
0x0073C1FB	0x0033C1FB	6a 00                           	push    	0
0x0073C1FD	0x0033C1FD	6a 0d                           	push    	0xd
0x0073C1FF	0x0033C1FF	6a 12                           	push    	0x12
0x0073C201	0x0033C201	eb 28                           	jmp     	0x73c22b
0x0073C203	0x0033C203	8b cf                           	mov     	ecx, edi
0x0073C205	0x0033C205	c7 85 34 ff ff ff 00 00 00 00   	mov     	dword ptr [ebp - 0xcc], 0
0x0073C20F	0x0033C20F	e8 dc ce 0a 00                  	call    	0x7e90f0
0x0073C214	0x0033C214	6a ff                           	push    	-1
0x0073C216	0x0033C216	6a ff                           	push    	-1
0x0073C218	0x0033C218	8d 8d 34 ff ff ff               	lea     	ecx, [ebp - 0xcc]
0x0073C21E	0x0033C21E	51                              	push    	ecx
0x0073C21F	0x0033C21F	6a 0a                           	push    	0xa
0x0073C221	0x0033C221	6a 01                           	push    	1
0x0073C223	0x0033C223	6a ff                           	push    	-1
0x0073C225	0x0033C225	6a 00                           	push    	0
0x0073C227	0x0033C227	6a 0d                           	push    	0xd
0x0073C229	0x0033C229	6a 13                           	push    	0x13
0x0073C22B	0x0033C22B	8b 8d 24 ff ff ff               	mov     	ecx, dword ptr [ebp - 0xdc]
0x0073C231	0x0033C231	6a 00                           	push    	0
0x0073C233	0x0033C233	6a 01                           	push    	1
0x0073C235	0x0033C235	50                              	push    	eax
0x0073C236	0x0033C236	e8 95 05 0f 00                  	call    	0x82c7d0
0x0073C23B	0x0033C23B	89 85 14 ff ff ff               	mov     	dword ptr [ebp - 0xec], eax
0x0073C241	0x0033C241	8b 48 48                        	mov     	ecx, dword ptr [eax + 0x48]
0x0073C244	0x0033C244	83 c0 38                        	add     	eax, 0x38
0x0073C247	0x0033C247	50                              	push    	eax
0x0073C248	0x0033C248	51                              	push    	ecx
0x0073C249	0x0033C249	8b 8d 20 ff ff ff               	mov     	ecx, dword ptr [ebp - 0xe0]
0x0073C24F	0x0033C24F	e8 8c 1e 27 00                  	call    	0x9ae0e0
0x0073C254	0x0033C254	8b 15 78 16 c7 00               	mov     	edx, dword ptr [0xc71678]
0x0073C25A	0x0033C25A	33 f6                           	xor     	esi, esi
0x0073C25C	0x0033C25C	81 c2 a8 ba 01 00               	add     	edx, 0x1baa8
0x0073C262	0x0033C262	89 85 30 ff ff ff               	mov     	dword ptr [ebp - 0xd0], eax
0x0073C268	0x0033C268	c6 85 3b ff ff ff 00            	mov     	byte ptr [ebp - 0xc5], 0
0x0073C26F	0x0033C26F	8b 4a 04                        	mov     	ecx, dword ptr [edx + 4]
0x0073C272	0x0033C272	2b 0a                           	sub     	ecx, dword ptr [edx]
0x0073C274	0x0033C274	c1 f9 02                        	sar     	ecx, 2
0x0073C277	0x0033C277	85 c9                           	test    	ecx, ecx
0x0073C279	0x0033C279	74 7b                           	je      	0x73c2f6
0x0073C27B	0x0033C27B	0f 1f 44 00 00                  	nop     	dword ptr [eax + eax]
0x0073C280	0x0033C280	56                              	push    	esi
0x0073C281	0x0033C281	8b ca                           	mov     	ecx, edx
0x0073C283	0x0033C283	e8 38 d0 27 00                  	call    	0x9b92c0
0x0073C288	0x0033C288	8b d0                           	mov     	edx, eax
0x0073C28A	0x0033C28A	83 7a 2c 00                     	cmp     	dword ptr [edx + 0x2c], 0
0x0073C28E	0x0033C28E	75 44                           	jne     	0x73c2d4
0x0073C290	0x0033C290	8b ca                           	mov     	ecx, edx
0x0073C292	0x0033C292	e8 49 ed 08 00                  	call    	0x7cafe0
0x0073C297	0x0033C297	83 f8 01                        	cmp     	eax, 1
0x0073C29A	0x0033C29A	74 16                           	je      	0x73c2b2
0x0073C29C	0x0033C29C	83 f8 02                        	cmp     	eax, 2
0x0073C29F	0x0033C29F	74 11                           	je      	0x73c2b2
0x0073C2A1	0x0033C2A1	8b 8a 88 1d 00 00               	mov     	ecx, dword ptr [edx + 0x1d88]
0x0073C2A7	0x0033C2A7	8b 82 40 13 00 00               	mov     	eax, dword ptr [edx + 0x1340]
0x0073C2AD	0x0033C2AD	8d 0c 48                        	lea     	ecx, [eax + ecx*2]
0x0073C2B0	0x0033C2B0	eb 06                           	jmp     	0x73c2b8
0x0073C2B2	0x0033C2B2	8b 8a 40 13 00 00               	mov     	ecx, dword ptr [edx + 0x1340]
0x0073C2B8	0x0033C2B8	83 ba 44 13 00 00 02            	cmp     	dword ptr [edx + 0x1344], 2
0x0073C2BF	0x0033C2BF	8b 82 4c 13 00 00               	mov     	eax, dword ptr [edx + 0x134c]
0x0073C2C5	0x0033C2C5	7d 04                           	jge     	0x73c2cb
0x0073C2C7	0x0033C2C7	85 c0                           	test    	eax, eax
0x0073C2C9	0x0033C2C9	7e 24                           	jle     	0x73c2ef
0x0073C2CB	0x0033C2CB	85 c9                           	test    	ecx, ecx
0x0073C2CD	0x0033C2CD	7f 05                           	jg      	0x73c2d4
0x0073C2CF	0x0033C2CF	83 f8 02                        	cmp     	eax, 2
0x0073C2D2	0x0033C2D2	7e 1b                           	jle     	0x73c2ef
0x0073C2D4	0x0033C2D4	8b 15 78 16 c7 00               	mov     	edx, dword ptr [0xc71678]
0x0073C2DA	0x0033C2DA	46                              	inc     	esi
0x0073C2DB	0x0033C2DB	81 c2 a8 ba 01 00               	add     	edx, 0x1baa8
0x0073C2E1	0x0033C2E1	8b 42 04                        	mov     	eax, dword ptr [edx + 4]
0x0073C2E4	0x0033C2E4	2b 02                           	sub     	eax, dword ptr [edx]
0x0073C2E6	0x0033C2E6	c1 f8 02                        	sar     	eax, 2
0x0073C2E9	0x0033C2E9	3b f0                           	cmp     	esi, eax
0x0073C2EB	0x0033C2EB	72 93                           	jb      	0x73c280
0x0073C2ED	0x0033C2ED	eb 07                           	jmp     	0x73c2f6
0x0073C2EF	0x0033C2EF	c6 85 3b ff ff ff 01            	mov     	byte ptr [ebp - 0xc5], 1
0x0073C2F6	0x0033C2F6	8b 07                           	mov     	eax, dword ptr [edi]
0x0073C2F8	0x0033C2F8	85 c0                           	test    	eax, eax
0x0073C2FA	0x0033C2FA	75 16                           	jne     	0x73c312
0x0073C2FC	0x0033C2FC	68 54 bf b6 00                  	push    	0xb6bf54
0x0073C301	0x0033C301	6a 10                           	push    	0x10
0x0073C303	0x0033C303	e8 b8 4f 2d 00                  	call    	0xa112c0
0x0073C308	0x0033C308	8b 07                           	mov     	eax, dword ptr [edi]
0x0073C30A	0x0033C30A	83 c4 08                        	add     	esp, 8
0x0073C30D	0x0033C30D	85 c0                           	test    	eax, eax
0x0073C30F	0x0033C30F	75 01                           	jne     	0x73c312
0x0073C311	0x0033C311	cc                              	int3    	
0x0073C312	0x0033C312	8b 4f 04                        	mov     	ecx, dword ptr [edi + 4]
0x0073C315	0x0033C315	8b d0                           	mov     	edx, eax
0x0073C317	0x0033C317	d3 ea                           	shr     	edx, cl
0x0073C319	0x0033C319	8b 4f 08                        	mov     	ecx, dword ptr [edi + 8]
0x0073C31C	0x0033C31C	33 d0                           	xor     	edx, eax
0x0073C31E	0x0033C31E	8b f2                           	mov     	esi, edx
0x0073C320	0x0033C320	b8 1f 85 eb 51                  	mov     	eax, 0x51eb851f
0x0073C325	0x0033C325	d3 e6                           	shl     	esi, cl
0x0073C327	0x0033C327	8b 4f 0c                        	mov     	ecx, dword ptr [edi + 0xc]
0x0073C32A	0x0033C32A	33 f2                           	xor     	esi, edx
0x0073C32C	0x0033C32C	8b de                           	mov     	ebx, esi
0x0073C32E	0x0033C32E	d3 eb                           	shr     	ebx, cl
0x0073C330	0x0033C330	33 de                           	xor     	ebx, esi
0x0073C332	0x0033C332	f7 e3                           	mul     	ebx
0x0073C334	0x0033C334	8b cb                           	mov     	ecx, ebx
0x0073C336	0x0033C336	89 1f                           	mov     	dword ptr [edi], ebx
0x0073C338	0x0033C338	c1 ea 04                        	shr     	edx, 4
0x0073C33B	0x0033C33B	6b c2 32                        	imul    	eax, edx, 0x32
0x0073C33E	0x0033C33E	2b c8                           	sub     	ecx, eax
0x0073C340	0x0033C340	0f 84 a4 00 00 00               	je      	0x73c3ea
0x0073C346	0x0033C346	85 db                           	test    	ebx, ebx
0x0073C348	0x0033C348	75 16                           	jne     	0x73c360
0x0073C34A	0x0033C34A	68 54 bf b6 00                  	push    	0xb6bf54
0x0073C34F	0x0033C34F	6a 10                           	push    	0x10
0x0073C351	0x0033C351	e8 6a 4f 2d 00                  	call    	0xa112c0
0x0073C356	0x0033C356	8b 1f                           	mov     	ebx, dword ptr [edi]
0x0073C358	0x0033C358	83 c4 08                        	add     	esp, 8
0x0073C35B	0x0033C35B	85 db                           	test    	ebx, ebx
0x0073C35D	0x0033C35D	75 01                           	jne     	0x73c360
0x0073C35F	0x0033C35F	cc                              	int3    	
0x0073C360	0x0033C360	8b 85 2c ff ff ff               	mov     	eax, dword ptr [ebp - 0xd4]
0x0073C366	0x0033C366	8b d3                           	mov     	edx, ebx
0x0073C368	0x0033C368	8b 88 d8 82 01 00               	mov     	ecx, dword ptr [eax + 0x182d8]
0x0073C36E	0x0033C36E	d3 ea                           	shr     	edx, cl
0x0073C370	0x0033C370	8b 88 dc 82 01 00               	mov     	ecx, dword ptr [eax + 0x182dc]
0x0073C376	0x0033C376	33 d3                           	xor     	edx, ebx
0x0073C378	0x0033C378	8b f2                           	mov     	esi, edx
0x0073C37A	0x0033C37A	d3 e6                           	shl     	esi, cl
0x0073C37C	0x0033C37C	8b 88 e0 82 01 00               	mov     	ecx, dword ptr [eax + 0x182e0]
0x0073C382	0x0033C382	33 f2                           	xor     	esi, edx
0x0073C384	0x0033C384	8b de                           	mov     	ebx, esi
0x0073C386	0x0033C386	b8 cd cc cc cc                  	mov     	eax, 0xcccccccd
0x0073C38B	0x0033C38B	d3 eb                           	shr     	ebx, cl
0x0073C38D	0x0033C38D	33 de                           	xor     	ebx, esi
0x0073C38F	0x0033C38F	f7 e3                           	mul     	ebx
0x0073C391	0x0033C391	8b cb                           	mov     	ecx, ebx
0x0073C393	0x0033C393	89 1f                           	mov     	dword ptr [edi], ebx
0x0073C395	0x0033C395	c1 ea 02                        	shr     	edx, 2
0x0073C398	0x0033C398	8d 04 92                        	lea     	eax, [edx + edx*4]
0x0073C39B	0x0033C39B	2b c8                           	sub     	ecx, eax
0x0073C39D	0x0033C39D	75 08                           	jne     	0x73c3a7
0x0073C39F	0x0033C39F	38 8d 3b ff ff ff               	cmp     	byte ptr [ebp - 0xc5], cl
0x0073C3A5	0x0033C3A5	75 43                           	jne     	0x73c3ea
0x0073C3A7	0x0033C3A7	8b 85 30 ff ff ff               	mov     	eax, dword ptr [ebp - 0xd0]
0x0073C3AD	0x0033C3AD	8b 9d 20 ff ff ff               	mov     	ebx, dword ptr [ebp - 0xe0]
0x0073C3B3	0x0033C3B3	85 c0                           	test    	eax, eax
0x0073C3B5	0x0033C3B5	74 1c                           	je      	0x73c3d3
0x0073C3B7	0x0033C3B7	8b 93 74 03 00 00               	mov     	edx, dword ptr [ebx + 0x374]
0x0073C3BD	0x0033C3BD	8d 8b 70 03 00 00               	lea     	ecx, [ebx + 0x370]
0x0073C3C3	0x0033C3C3	83 c0 04                        	add     	eax, 4
0x0073C3C6	0x0033C3C6	3b 51 08                        	cmp     	edx, dword ptr [ecx + 8]
0x0073C3C9	0x0033C3C9	74 10                           	je      	0x73c3db
0x0073C3CB	0x0033C3CB	8b 00                           	mov     	eax, dword ptr [eax]
0x0073C3CD	0x0033C3CD	89 02                           	mov     	dword ptr [edx], eax
0x0073C3CF	0x0033C3CF	83 41 04 04                     	add     	dword ptr [ecx + 4], 4
0x0073C3D3	0x0033C3D3	8b 85 2c ff ff ff               	mov     	eax, dword ptr [ebp - 0xd4]
0x0073C3D9	0x0033C3D9	eb 3b                           	jmp     	0x73c416
0x0073C3DB	0x0033C3DB	50                              	push    	eax
0x0073C3DC	0x0033C3DC	52                              	push    	edx
0x0073C3DD	0x0033C3DD	e8 3e 05 cf ff                  	call    	0x42c920
0x0073C3E2	0x0033C3E2	8b 85 2c ff ff ff               	mov     	eax, dword ptr [ebp - 0xd4]
0x0073C3E8	0x0033C3E8	eb 2c                           	jmp     	0x73c416
0x0073C3EA	0x0033C3EA	8b 85 30 ff ff ff               	mov     	eax, dword ptr [ebp - 0xd0]
0x0073C3F0	0x0033C3F0	85 c0                           	test    	eax, eax
0x0073C3F2	0x0033C3F2	74 16                           	je      	0x73c40a
0x0073C3F4	0x0033C3F4	6a 00                           	push    	0
0x0073C3F6	0x0033C3F6	51                              	push    	ecx
0x0073C3F7	0x0033C3F7	8b 8d 2c ff ff ff               	mov     	ecx, dword ptr [ebp - 0xd4]
0x0073C3FD	0x0033C3FD	53                              	push    	ebx
0x0073C3FE	0x0033C3FE	ff b5 14 ff ff ff               	push    	dword ptr [ebp - 0xec]
0x0073C404	0x0033C404	50                              	push    	eax
0x0073C405	0x0033C405	e8 a6 c6 ff ff                  	call    	0x738ab0
0x0073C40A	0x0033C40A	8b 85 2c ff ff ff               	mov     	eax, dword ptr [ebp - 0xd4]
0x0073C410	0x0033C410	8b 9d 20 ff ff ff               	mov     	ebx, dword ptr [ebp - 0xe0]
0x0073C416	0x0033C416	8b c8                           	mov     	ecx, eax
0x0073C418	0x0033C418	c7 85 28 ff ff ff 00 00 00 00   	mov     	dword ptr [ebp - 0xd8], 0
0x0073C422	0x0033C422	e8 49 2b 01 00                  	call    	0x74ef70
0x0073C427	0x0033C427	84 c0                           	test    	al, al
0x0073C429	0x0033C429	0f 84 25 01 00 00               	je      	0x73c554
0x0073C42F	0x0033C42F	8b 17                           	mov     	edx, dword ptr [edi]
0x0073C431	0x0033C431	c7 85 34 ff ff ff 00 00 00 00   	mov     	dword ptr [ebp - 0xcc], 0
0x0073C43B	0x0033C43B	85 d2                           	test    	edx, edx
0x0073C43D	0x0033C43D	75 16                           	jne     	0x73c455
0x0073C43F	0x0033C43F	68 54 bf b6 00                  	push    	0xb6bf54
0x0073C444	0x0033C444	6a 10                           	push    	0x10
0x0073C446	0x0033C446	e8 75 4e 2d 00                  	call    	0xa112c0
0x0073C44B	0x0033C44B	8b 17                           	mov     	edx, dword ptr [edi]
0x0073C44D	0x0033C44D	83 c4 08                        	add     	esp, 8
0x0073C450	0x0033C450	85 d2                           	test    	edx, edx
0x0073C452	0x0033C452	75 01                           	jne     	0x73c455
0x0073C454	0x0033C454	cc                              	int3    	
0x0073C455	0x0033C455	8b 4f 04                        	mov     	ecx, dword ptr [edi + 4]
0x0073C458	0x0033C458	8b c2                           	mov     	eax, edx
0x0073C45A	0x0033C45A	d3 e8                           	shr     	eax, cl
0x0073C45C	0x0033C45C	8b 4f 08                        	mov     	ecx, dword ptr [edi + 8]
0x0073C45F	0x0033C45F	33 c2                           	xor     	eax, edx
0x0073C461	0x0033C461	8b d0                           	mov     	edx, eax
0x0073C463	0x0033C463	6a ff                           	push    	-1
0x0073C465	0x0033C465	d3 e2                           	shl     	edx, cl
0x0073C467	0x0033C467	8b 4f 0c                        	mov     	ecx, dword ptr [edi + 0xc]
0x0073C46A	0x0033C46A	33 d0                           	xor     	edx, eax
0x0073C46C	0x0033C46C	6a 22                           	push    	0x22
0x0073C46E	0x0033C46E	8b c2                           	mov     	eax, edx
0x0073C470	0x0033C470	d3 e8                           	shr     	eax, cl
0x0073C472	0x0033C472	8d 8d 34 ff ff ff               	lea     	ecx, [ebp - 0xcc]
0x0073C478	0x0033C478	51                              	push    	ecx
0x0073C479	0x0033C479	8b 8d 24 ff ff ff               	mov     	ecx, dword ptr [ebp - 0xdc]
0x0073C47F	0x0033C47F	33 c2                           	xor     	eax, edx
0x0073C481	0x0033C481	6a 00                           	push    	0
0x0073C483	0x0033C483	6a 00                           	push    	0
0x0073C485	0x0033C485	6a ff                           	push    	-1
0x0073C487	0x0033C487	6a 00                           	push    	0
0x0073C489	0x0033C489	6a 0d                           	push    	0xd
0x0073C48B	0x0033C48B	6a 01                           	push    	1
0x0073C48D	0x0033C48D	ff b5 d8 fe ff ff               	push    	dword ptr [ebp - 0x128]
0x0073C493	0x0033C493	89 07                           	mov     	dword ptr [edi], eax
0x0073C495	0x0033C495	6a 01                           	push    	1
0x0073C497	0x0033C497	50                              	push    	eax
0x0073C498	0x0033C498	e8 33 03 0f 00                  	call    	0x82c7d0
0x0073C49D	0x0033C49D	8b f0                           	mov     	esi, eax
0x0073C49F	0x0033C49F	8d 4e 38                        	lea     	ecx, [esi + 0x38]
0x0073C4A2	0x0033C4A2	51                              	push    	ecx
0x0073C4A3	0x0033C4A3	ff 76 48                        	push    	dword ptr [esi + 0x48]
0x0073C4A6	0x0033C4A6	8b cb                           	mov     	ecx, ebx
0x0073C4A8	0x0033C4A8	e8 33 1c 27 00                  	call    	0x9ae0e0
0x0073C4AD	0x0033C4AD	85 c0                           	test    	eax, eax
0x0073C4AF	0x0033C4AF	0f 84 51 0a 00 00               	je      	0x73cf06
0x0073C4B5	0x0033C4B5	6a 00                           	push    	0
0x0073C4B7	0x0033C4B7	51                              	push    	ecx
0x0073C4B8	0x0033C4B8	ff 37                           	push    	dword ptr [edi]
0x0073C4BA	0x0033C4BA	8b 8d 2c ff ff ff               	mov     	ecx, dword ptr [ebp - 0xd4]
0x0073C4C0	0x0033C4C0	56                              	push    	esi
0x0073C4C1	0x0033C4C1	50                              	push    	eax
0x0073C4C2	0x0033C4C2	e8 e9 c5 ff ff                  	call    	0x738ab0
0x0073C4C7	0x0033C4C7	c7 85 28 ff ff ff 01 00 00 00   	mov     	dword ptr [ebp - 0xd8], 1
0x0073C4D1	0x0033C4D1	8b 1d 78 16 c7 00               	mov     	ebx, dword ptr [0xc71678]
0x0073C4D7	0x0033C4D7	8b b5 e4 fe ff ff               	mov     	esi, dword ptr [ebp - 0x11c]
0x0073C4DD	0x0033C4DD	8d 85 34 ff ff ff               	lea     	eax, [ebp - 0xcc]
0x0073C4E3	0x0033C4E3	50                              	push    	eax
0x0073C4E4	0x0033C4E4	8d 85 fc fe ff ff               	lea     	eax, [ebp - 0x104]
0x0073C4EA	0x0033C4EA	c7 85 34 ff ff ff 07 00 00 00   	mov     	dword ptr [ebp - 0xcc], 7
0x0073C4F4	0x0033C4F4	50                              	push    	eax
0x0073C4F5	0x0033C4F5	8b ce                           	mov     	ecx, esi
0x0073C4F7	0x0033C4F7	e8 a4 c3 ce ff                  	call    	0x4288a0
0x0073C4FC	0x0033C4FC	8b 85 04 ff ff ff               	mov     	eax, dword ptr [ebp - 0xfc]
0x0073C502	0x0033C502	80 78 0d 00                     	cmp     	byte ptr [eax + 0xd], 0
0x0073C506	0x0033C506	75 0e                           	jne     	0x73c516
0x0073C508	0x0033C508	83 78 10 07                     	cmp     	dword ptr [eax + 0x10], 7
0x0073C50C	0x0033C50C	7f 08                           	jg      	0x73c516
0x0073C50E	0x0033C50E	3b 06                           	cmp     	eax, dword ptr [esi]
0x0073C510	0x0033C510	0f 85 25 03 00 00               	jne     	0x73c83b
0x0073C516	0x0033C516	8b b5 08 ff ff ff               	mov     	esi, dword ptr [ebp - 0xf8]
0x0073C51C	0x0033C51C	8d 8b a8 ba 01 00               	lea     	ecx, [ebx + 0x1baa8]
0x0073C522	0x0033C522	6a 66                           	push    	0x66
0x0073C524	0x0033C524	c7 85 14 ff ff ff 01 00 00 00   	mov     	dword ptr [ebp - 0xec], 1
0x0073C52E	0x0033C52E	e8 7d 21 28 00                  	call    	0x9be6b0
0x0073C533	0x0033C533	85 c0                           	test    	eax, eax
0x0073C535	0x0033C535	0f 84 68 01 00 00               	je      	0x73c6a3
0x0073C53B	0x0033C53B	6a 66                           	push    	0x66
0x0073C53D	0x0033C53D	8b c8                           	mov     	ecx, eax
0x0073C53F	0x0033C53F	e8 9c f1 08 00                  	call    	0x7cb6e0
0x0073C544	0x0033C544	bb 02 00 00 00                  	mov     	ebx, 2
0x0073C549	0x0033C549	89 9d 14 ff ff ff               	mov     	dword ptr [ebp - 0xec], ebx
0x0073C54F	0x0033C54F	e9 54 01 00 00                  	jmp     	0x73c6a8
0x0073C554	0x0033C554	8b 8d 2c ff ff ff               	mov     	ecx, dword ptr [ebp - 0xd4]
0x0073C55A	0x0033C55A	e8 71 2a 01 00                  	call    	0x74efd0
0x0073C55F	0x0033C55F	84 c0                           	test    	al, al
0x0073C561	0x0033C561	0f 84 de 00 00 00               	je      	0x73c645
0x0073C567	0x0033C567	8b 0d 78 16 c7 00               	mov     	ecx, dword ptr [0xc71678]
0x0073C56D	0x0033C56D	6a 01                           	push    	1
0x0073C56F	0x0033C56F	81 c1 a8 ba 01 00               	add     	ecx, 0x1baa8
0x0073C575	0x0033C575	51                              	push    	ecx
0x0073C576	0x0033C576	68 72 02 00 00                  	push    	0x272
0x0073C57B	0x0033C57B	e8 00 1b 28 00                  	call    	0x9be080
0x0073C580	0x0033C580	85 c0                           	test    	eax, eax
0x0073C582	0x0033C582	0f 84 49 ff ff ff               	je      	0x73c4d1
0x0073C588	0x0033C588	8b 37                           	mov     	esi, dword ptr [edi]
0x0073C58A	0x0033C58A	f3 0f 7e 05 60 f6 b1 00         	movq    	xmm0, qword ptr [0xb1f660]
0x0073C592	0x0033C592	8b 1d 68 f6 b1 00               	mov     	ebx, dword ptr [0xb1f668]
0x0073C598	0x0033C598	66 0f d6 85 48 ff ff ff         	movq    	qword ptr [ebp - 0xb8], xmm0
0x0073C5A0	0x0033C5A0	c7 85 34 ff ff ff 00 00 00 00   	mov     	dword ptr [ebp - 0xcc], 0
0x0073C5AA	0x0033C5AA	85 f6                           	test    	esi, esi
0x0073C5AC	0x0033C5AC	75 10                           	jne     	0x73c5be
0x0073C5AE	0x0033C5AE	68 54 bf b6 00                  	push    	0xb6bf54
0x0073C5B3	0x0033C5B3	6a 10                           	push    	0x10
0x0073C5B5	0x0033C5B5	e8 06 4d 2d 00                  	call    	0xa112c0
0x0073C5BA	0x0033C5BA	83 c4 08                        	add     	esp, 8
0x0073C5BD	0x0033C5BD	cc                              	int3    	
0x0073C5BE	0x0033C5BE	8b 8d 48 ff ff ff               	mov     	ecx, dword ptr [ebp - 0xb8]
0x0073C5C4	0x0033C5C4	8b d6                           	mov     	edx, esi
0x0073C5C6	0x0033C5C6	d3 ea                           	shr     	edx, cl
0x0073C5C8	0x0033C5C8	8b 8d 4c ff ff ff               	mov     	ecx, dword ptr [ebp - 0xb4]
0x0073C5CE	0x0033C5CE	33 d6                           	xor     	edx, esi
0x0073C5D0	0x0033C5D0	8b c2                           	mov     	eax, edx
0x0073C5D2	0x0033C5D2	d3 e0                           	shl     	eax, cl
0x0073C5D4	0x0033C5D4	8b cb                           	mov     	ecx, ebx
0x0073C5D6	0x0033C5D6	51                              	push    	ecx
0x0073C5D7	0x0033C5D7	33 c2                           	xor     	eax, edx
0x0073C5D9	0x0033C5D9	6a 0a                           	push    	0xa
0x0073C5DB	0x0033C5DB	8b f0                           	mov     	esi, eax
0x0073C5DD	0x0033C5DD	d3 ee                           	shr     	esi, cl
0x0073C5DF	0x0033C5DF	8b 8d 24 ff ff ff               	mov     	ecx, dword ptr [ebp - 0xdc]
0x0073C5E5	0x0033C5E5	33 f0                           	xor     	esi, eax
0x0073C5E7	0x0033C5E7	8d 85 34 ff ff ff               	lea     	eax, [ebp - 0xcc]
0x0073C5ED	0x0033C5ED	50                              	push    	eax
0x0073C5EE	0x0033C5EE	6a 00                           	push    	0
0x0073C5F0	0x0033C5F0	6a 00                           	push    	0
0x0073C5F2	0x0033C5F2	83 ec 08                        	sub     	esp, 8
0x0073C5F5	0x0033C5F5	6a 0d                           	push    	0xd
0x0073C5F7	0x0033C5F7	6a 01                           	push    	1
0x0073C5F9	0x0033C5F9	6a 1d                           	push    	0x1d
0x0073C5FB	0x0033C5FB	ff b5 d8 fe ff ff               	push    	dword ptr [ebp - 0x128]
0x0073C601	0x0033C601	6a 01                           	push    	1
0x0073C603	0x0033C603	56                              	push    	esi
0x0073C604	0x0033C604	e8 c7 07 0f 00                  	call    	0x82cdd0
0x0073C609	0x0033C609	8b d8                           	mov     	ebx, eax
0x0073C60B	0x0033C60B	8d 4b 38                        	lea     	ecx, [ebx + 0x38]
0x0073C60E	0x0033C60E	51                              	push    	ecx
0x0073C60F	0x0033C60F	ff 73 48                        	push    	dword ptr [ebx + 0x48]
0x0073C612	0x0033C612	8b 8d 20 ff ff ff               	mov     	ecx, dword ptr [ebp - 0xe0]
0x0073C618	0x0033C618	e8 c3 1a 27 00                  	call    	0x9ae0e0
0x0073C61D	0x0033C61D	85 c0                           	test    	eax, eax
0x0073C61F	0x0033C61F	0f 84 e1 08 00 00               	je      	0x73cf06
0x0073C625	0x0033C625	6a 00                           	push    	0
0x0073C627	0x0033C627	51                              	push    	ecx
0x0073C628	0x0033C628	8b 8d 2c ff ff ff               	mov     	ecx, dword ptr [ebp - 0xd4]
0x0073C62E	0x0033C62E	56                              	push    	esi
0x0073C62F	0x0033C62F	53                              	push    	ebx
0x0073C630	0x0033C630	50                              	push    	eax
0x0073C631	0x0033C631	e8 7a c4 ff ff                  	call    	0x738ab0
0x0073C636	0x0033C636	c7 85 28 ff ff ff 02 00 00 00   	mov     	dword ptr [ebp - 0xd8], 2
0x0073C640	0x0033C640	e9 8c fe ff ff                  	jmp     	0x73c4d1
0x0073C645	0x0033C645	8b 8d 2c ff ff ff               	mov     	ecx, dword ptr [ebp - 0xd4]
0x0073C64B	0x0033C64B	e8 e0 29 01 00                  	call    	0x74f030
0x0073C650	0x0033C650	84 c0                           	test    	al, al
0x0073C652	0x0033C652	0f 84 79 fe ff ff               	je      	0x73c4d1
0x0073C658	0x0033C658	a1 9c 16 c7 00                  	mov     	eax, dword ptr [0xc7169c]
0x0073C65D	0x0033C65D	8b 1d 78 16 c7 00               	mov     	ebx, dword ptr [0xc71678]
0x0073C663	0x0033C663	80 b8 c7 02 00 00 00            	cmp     	byte ptr [eax + 0x2c7], 0
0x0073C66A	0x0033C66A	75 28                           	jne     	0x73c694
0x0073C66C	0x0033C66C	83 78 08 02                     	cmp     	dword ptr [eax + 8], 2
0x0073C670	0x0033C670	0f 85 61 fe ff ff               	jne     	0x73c4d7
0x0073C676	0x0033C676	85 db                           	test    	ebx, ebx
0x0073C678	0x0033C678	0f 84 59 fe ff ff               	je      	0x73c4d7
0x0073C67E	0x0033C67E	83 bb 30 66 02 00 00            	cmp     	dword ptr [ebx + 0x26630], 0
0x0073C685	0x0033C685	77 0d                           	ja      	0x73c694
0x0073C687	0x0033C687	80 bb 89 65 02 00 00            	cmp     	byte ptr [ebx + 0x26589], 0
0x0073C68E	0x0033C68E	0f 84 43 fe ff ff               	je      	0x73c4d7
0x0073C694	0x0033C694	c7 85 28 ff ff ff 01 00 00 00   	mov     	dword ptr [ebp - 0xd8], 1
0x0073C69E	0x0033C69E	e9 34 fe ff ff                  	jmp     	0x73c4d7
0x0073C6A3	0x0033C6A3	33 c0                           	xor     	eax, eax
0x0073C6A5	0x0033C6A5	8d 58 01                        	lea     	ebx, [eax + 1]
0x0073C6A8	0x0033C6A8	8b 0d 78 16 c7 00               	mov     	ecx, dword ptr [0xc71678]
0x0073C6AE	0x0033C6AE	6a 01                           	push    	1
0x0073C6B0	0x0033C6B0	81 c1 a8 ba 01 00               	add     	ecx, 0x1baa8
0x0073C6B6	0x0033C6B6	89 85 30 ff ff ff               	mov     	dword ptr [ebp - 0xd0], eax
0x0073C6BC	0x0033C6BC	51                              	push    	ecx
0x0073C6BD	0x0033C6BD	68 4d 02 00 00                  	push    	0x24d
0x0073C6C2	0x0033C6C2	e8 b9 19 28 00                  	call    	0x9be080
0x0073C6C7	0x0033C6C7	85 c0                           	test    	eax, eax
0x0073C6C9	0x0033C6C9	74 07                           	je      	0x73c6d2
0x0073C6CB	0x0033C6CB	43                              	inc     	ebx
0x0073C6CC	0x0033C6CC	89 9d 14 ff ff ff               	mov     	dword ptr [ebp - 0xec], ebx
0x0073C6D2	0x0033C6D2	33 db                           	xor     	ebx, ebx
0x0073C6D4	0x0033C6D4	39 9d 14 ff ff ff               	cmp     	dword ptr [ebp - 0xec], ebx
0x0073C6DA	0x0033C6DA	0f 8e 5b 01 00 00               	jle     	0x73c83b
0x0073C6E0	0x0033C6E0	8b bd 30 ff ff ff               	mov     	edi, dword ptr [ebp - 0xd0]
0x0073C6E6	0x0033C6E6	51                              	push    	ecx
0x0073C6E7	0x0033C6E7	6a ff                           	push    	-1
0x0073C6E9	0x0033C6E9	8b 8d 24 ff ff ff               	mov     	ecx, dword ptr [ebp - 0xdc]
0x0073C6EF	0x0033C6EF	8d 85 34 ff ff ff               	lea     	eax, [ebp - 0xcc]
0x0073C6F5	0x0033C6F5	50                              	push    	eax
0x0073C6F6	0x0033C6F6	6a 0a                           	push    	0xa
0x0073C6F8	0x0033C6F8	6a 01                           	push    	1
0x0073C6FA	0x0033C6FA	83 ec 08                        	sub     	esp, 8
0x0073C6FD	0x0033C6FD	c7 85 34 ff ff ff 00 00 00 00   	mov     	dword ptr [ebp - 0xcc], 0
0x0073C707	0x0033C707	6a 0d                           	push    	0xd
0x0073C709	0x0033C709	6a 07                           	push    	7
0x0073C70B	0x0033C70B	6a 00                           	push    	0
0x0073C70D	0x0033C70D	ff b5 d8 fe ff ff               	push    	dword ptr [ebp - 0x128]
0x0073C713	0x0033C713	6a 01                           	push    	1
0x0073C715	0x0033C715	56                              	push    	esi
0x0073C716	0x0033C716	e8 b5 06 0f 00                  	call    	0x82cdd0
0x0073C71B	0x0033C71B	8b 8d 2c ff ff ff               	mov     	ecx, dword ptr [ebp - 0xd4]
0x0073C721	0x0033C721	89 85 0c ff ff ff               	mov     	dword ptr [ebp - 0xf4], eax
0x0073C727	0x0033C727	8d 85 f0 fe ff ff               	lea     	eax, [ebp - 0x110]
0x0073C72D	0x0033C72D	50                              	push    	eax
0x0073C72E	0x0033C72E	e8 3d c6 ff ff                  	call    	0x738d70
0x0073C733	0x0033C733	8b 8d 20 ff ff ff               	mov     	ecx, dword ptr [ebp - 0xe0]
0x0073C739	0x0033C739	50                              	push    	eax
0x0073C73A	0x0033C73A	c7 45 fc 03 00 00 00            	mov     	dword ptr [ebp - 4], 3
0x0073C741	0x0033C741	e8 2a 1a 27 00                  	call    	0x9ae170
0x0073C746	0x0033C746	c7 45 fc ff ff ff ff            	mov     	dword ptr [ebp - 4], 0xffffffff
0x0073C74D	0x0033C74D	8b 8d f0 fe ff ff               	mov     	ecx, dword ptr [ebp - 0x110]
0x0073C753	0x0033C753	89 85 34 ff ff ff               	mov     	dword ptr [ebp - 0xcc], eax
0x0073C759	0x0033C759	8d 85 f0 fe ff ff               	lea     	eax, [ebp - 0x110]
0x0073C75F	0x0033C75F	ff 71 04                        	push    	dword ptr [ecx + 4]
0x0073C762	0x0033C762	8b c8                           	mov     	ecx, eax
0x0073C764	0x0033C764	50                              	push    	eax
0x0073C765	0x0033C765	e8 d6 7d ce ff                  	call    	0x424540
0x0073C76A	0x0033C76A	6a 14                           	push    	0x14
0x0073C76C	0x0033C76C	ff b5 f0 fe ff ff               	push    	dword ptr [ebp - 0x110]
0x0073C772	0x0033C772	e8 e5 29 3b 00                  	call    	0xaef15c
0x0073C777	0x0033C777	8b 85 34 ff ff ff               	mov     	eax, dword ptr [ebp - 0xcc]
0x0073C77D	0x0033C77D	83 c4 08                        	add     	esp, 8
0x0073C780	0x0033C780	85 c0                           	test    	eax, eax
0x0073C782	0x0033C782	74 51                           	je      	0x73c7d5
0x0073C784	0x0033C784	8b 8d 2c ff ff ff               	mov     	ecx, dword ptr [ebp - 0xd4]
0x0073C78A	0x0033C78A	c7 85 30 ff ff ff 00 00 00 00   	mov     	dword ptr [ebp - 0xd0], 0
0x0073C794	0x0033C794	8b 91 cc 82 01 00               	mov     	edx, dword ptr [ecx + 0x182cc]
0x0073C79A	0x0033C79A	89 95 b8 fe ff ff               	mov     	dword ptr [ebp - 0x148], edx
0x0073C7A0	0x0033C7A0	8d 95 30 ff ff ff               	lea     	edx, [ebp - 0xd0]
0x0073C7A6	0x0033C7A6	52                              	push    	edx
0x0073C7A7	0x0033C7A7	51                              	push    	ecx
0x0073C7A8	0x0033C7A8	56                              	push    	esi
0x0073C7A9	0x0033C7A9	ff b5 0c ff ff ff               	push    	dword ptr [ebp - 0xf4]
0x0073C7AF	0x0033C7AF	50                              	push    	eax
0x0073C7B0	0x0033C7B0	e8 fb c2 ff ff                  	call    	0x738ab0
0x0073C7B5	0x0033C7B5	8b 85 30 ff ff ff               	mov     	eax, dword ptr [ebp - 0xd0]
0x0073C7BB	0x0033C7BB	85 c0                           	test    	eax, eax
0x0073C7BD	0x0033C7BD	74 16                           	je      	0x73c7d5
0x0073C7BF	0x0033C7BF	83 ff 02                        	cmp     	edi, 2
0x0073C7C2	0x0033C7C2	75 06                           	jne     	0x73c7ca
0x0073C7C4	0x0033C7C4	85 db                           	test    	ebx, ebx
0x0073C7C6	0x0033C7C6	74 09                           	je      	0x73c7d1
0x0073C7C8	0x0033C7C8	eb 0b                           	jmp     	0x73c7d5
0x0073C7CA	0x0033C7CA	7e 09                           	jle     	0x73c7d5
0x0073C7CC	0x0033C7CC	83 fb 02                        	cmp     	ebx, 2
0x0073C7CF	0x0033C7CF	73 04                           	jae     	0x73c7d5
0x0073C7D1	0x0033C7D1	83 48 3c 04                     	or      	dword ptr [eax + 0x3c], 4
0x0073C7D5	0x0033C7D5	f3 0f 7e 05 d4 f4 b1 00         	movq    	xmm0, qword ptr [0xb1f4d4]
0x0073C7DD	0x0033C7DD	a1 dc f4 b1 00                  	mov     	eax, dword ptr [0xb1f4dc]
0x0073C7E2	0x0033C7E2	66 0f d6 85 48 ff ff ff         	movq    	qword ptr [ebp - 0xb8], xmm0
0x0073C7EA	0x0033C7EA	89 85 34 ff ff ff               	mov     	dword ptr [ebp - 0xcc], eax
0x0073C7F0	0x0033C7F0	85 f6                           	test    	esi, esi
0x0073C7F2	0x0033C7F2	75 10                           	jne     	0x73c804
0x0073C7F4	0x0033C7F4	68 54 bf b6 00                  	push    	0xb6bf54
0x0073C7F9	0x0033C7F9	6a 10                           	push    	0x10
0x0073C7FB	0x0033C7FB	e8 c0 4a 2d 00                  	call    	0xa112c0
0x0073C800	0x0033C800	83 c4 08                        	add     	esp, 8
0x0073C803	0x0033C803	cc                              	int3    	
0x0073C804	0x0033C804	8b 8d 48 ff ff ff               	mov     	ecx, dword ptr [ebp - 0xb8]
0x0073C80A	0x0033C80A	8b c6                           	mov     	eax, esi
0x0073C80C	0x0033C80C	d3 e8                           	shr     	eax, cl
0x0073C80E	0x0033C80E	43                              	inc     	ebx
0x0073C80F	0x0033C80F	8b 8d 4c ff ff ff               	mov     	ecx, dword ptr [ebp - 0xb4]
0x0073C815	0x0033C815	33 c6                           	xor     	eax, esi
0x0073C817	0x0033C817	8b d0                           	mov     	edx, eax
0x0073C819	0x0033C819	d3 e2                           	shl     	edx, cl
0x0073C81B	0x0033C81B	8b 8d 34 ff ff ff               	mov     	ecx, dword ptr [ebp - 0xcc]
0x0073C821	0x0033C821	33 d0                           	xor     	edx, eax
0x0073C823	0x0033C823	8b f2                           	mov     	esi, edx
0x0073C825	0x0033C825	d3 ee                           	shr     	esi, cl
0x0073C827	0x0033C827	33 f2                           	xor     	esi, edx
0x0073C829	0x0033C829	3b 9d 14 ff ff ff               	cmp     	ebx, dword ptr [ebp - 0xec]
0x0073C82F	0x0033C82F	0f 8c b1 fe ff ff               	jl      	0x73c6e6
0x0073C835	0x0033C835	8b bd dc fe ff ff               	mov     	edi, dword ptr [ebp - 0x124]
0x0073C83B	0x0033C83B	8b 9d 2c ff ff ff               	mov     	ebx, dword ptr [ebp - 0xd4]
0x0073C841	0x0033C841	83 3b 0b                        	cmp     	dword ptr [ebx], 0xb
0x0073C844	0x0033C844	0f 85 b8 00 00 00               	jne     	0x73c902
0x0073C84A	0x0033C84A	83 7b 04 00                     	cmp     	dword ptr [ebx + 4], 0
0x0073C84E	0x0033C84E	0f 85 ae 00 00 00               	jne     	0x73c902
0x0073C854	0x0033C854	8b cf                           	mov     	ecx, edi
0x0073C856	0x0033C856	e8 95 c8 0a 00                  	call    	0x7e90f0
0x0073C85B	0x0033C85B	8b 0d 9c 16 c7 00               	mov     	ecx, dword ptr [0xc7169c]
0x0073C861	0x0033C861	8b d8                           	mov     	ebx, eax
0x0073C863	0x0033C863	80 b9 d2 01 00 00 00            	cmp     	byte ptr [ecx + 0x1d2], 0
0x0073C86A	0x0033C86A	75 36                           	jne     	0x73c8a2
0x0073C86C	0x0033C86C	83 79 08 02                     	cmp     	dword ptr [ecx + 8], 2
0x0073C870	0x0033C870	75 1b                           	jne     	0x73c88d
0x0073C872	0x0033C872	a1 78 16 c7 00                  	mov     	eax, dword ptr [0xc71678]
0x0073C877	0x0033C877	85 c0                           	test    	eax, eax
0x0073C879	0x0033C879	74 12                           	je      	0x73c88d
0x0073C87B	0x0033C87B	83 b8 30 66 02 00 00            	cmp     	dword ptr [eax + 0x26630], 0
0x0073C882	0x0033C882	77 1e                           	ja      	0x73c8a2
0x0073C884	0x0033C884	80 b8 89 65 02 00 00            	cmp     	byte ptr [eax + 0x26589], 0
0x0073C88B	0x0033C88B	75 15                           	jne     	0x73c8a2
0x0073C88D	0x0033C88D	8b 8d 24 ff ff ff               	mov     	ecx, dword ptr [ebp - 0xdc]
0x0073C893	0x0033C893	6a ff                           	push    	-1
0x0073C895	0x0033C895	6a 03                           	push    	3
0x0073C897	0x0033C897	6a 01                           	push    	1
0x0073C899	0x0033C899	6a 00                           	push    	0
0x0073C89B	0x0033C89B	e8 80 fe 0e 00                  	call    	0x82c720
0x0073C8A0	0x0033C8A0	eb 31                           	jmp     	0x73c8d3
0x0073C8A2	0x0033C8A2	6a ff                           	push    	-1
0x0073C8A4	0x0033C8A4	8b 8d 24 ff ff ff               	mov     	ecx, dword ptr [ebp - 0xdc]
0x0073C8AA	0x0033C8AA	8d 85 34 ff ff ff               	lea     	eax, [ebp - 0xcc]
0x0073C8B0	0x0033C8B0	6a ff                           	push    	-1
0x0073C8B2	0x0033C8B2	50                              	push    	eax
0x0073C8B3	0x0033C8B3	6a 0a                           	push    	0xa
0x0073C8B5	0x0033C8B5	6a 01                           	push    	1
0x0073C8B7	0x0033C8B7	6a 09                           	push    	9
0x0073C8B9	0x0033C8B9	6a 03                           	push    	3
0x0073C8BB	0x0033C8BB	6a 0d                           	push    	0xd
0x0073C8BD	0x0033C8BD	6a 01                           	push    	1
0x0073C8BF	0x0033C8BF	6a 00                           	push    	0
0x0073C8C1	0x0033C8C1	6a 01                           	push    	1
0x0073C8C3	0x0033C8C3	53                              	push    	ebx
0x0073C8C4	0x0033C8C4	c7 85 34 ff ff ff 00 00 00 00   	mov     	dword ptr [ebp - 0xcc], 0
0x0073C8CE	0x0033C8CE	e8 fd fe 0e 00                  	call    	0x82c7d0
0x0073C8D3	0x0033C8D3	8b 8d 20 ff ff ff               	mov     	ecx, dword ptr [ebp - 0xe0]
0x0073C8D9	0x0033C8D9	8b f0                           	mov     	esi, eax
0x0073C8DB	0x0033C8DB	8d 46 38                        	lea     	eax, [esi + 0x38]
0x0073C8DE	0x0033C8DE	50                              	push    	eax
0x0073C8DF	0x0033C8DF	ff 76 48                        	push    	dword ptr [esi + 0x48]
0x0073C8E2	0x0033C8E2	e8 f9 17 27 00                  	call    	0x9ae0e0
0x0073C8E7	0x0033C8E7	85 c0                           	test    	eax, eax
0x0073C8E9	0x0033C8E9	0f 84 17 06 00 00               	je      	0x73cf06
0x0073C8EF	0x0033C8EF	6a 00                           	push    	0
0x0073C8F1	0x0033C8F1	51                              	push    	ecx
0x0073C8F2	0x0033C8F2	53                              	push    	ebx
0x0073C8F3	0x0033C8F3	8b 9d 2c ff ff ff               	mov     	ebx, dword ptr [ebp - 0xd4]
0x0073C8F9	0x0033C8F9	8b cb                           	mov     	ecx, ebx
0x0073C8FB	0x0033C8FB	56                              	push    	esi
0x0073C8FC	0x0033C8FC	50                              	push    	eax
0x0073C8FD	0x0033C8FD	e8 ae c1 ff ff                  	call    	0x738ab0
0x0073C902	0x0033C902	8b b5 e4 fe ff ff               	mov     	esi, dword ptr [ebp - 0x11c]
0x0073C908	0x0033C908	8d 85 34 ff ff ff               	lea     	eax, [ebp - 0xcc]
0x0073C90E	0x0033C90E	50                              	push    	eax
0x0073C90F	0x0033C90F	8d 85 fc fe ff ff               	lea     	eax, [ebp - 0x104]
0x0073C915	0x0033C915	c7 85 34 ff ff ff 1d 00 00 00   	mov     	dword ptr [ebp - 0xcc], 0x1d
0x0073C91F	0x0033C91F	50                              	push    	eax
0x0073C920	0x0033C920	8b ce                           	mov     	ecx, esi
0x0073C922	0x0033C922	e8 79 bf ce ff                  	call    	0x4288a0
0x0073C927	0x0033C927	8b 85 04 ff ff ff               	mov     	eax, dword ptr [ebp - 0xfc]
0x0073C92D	0x0033C92D	80 78 0d 00                     	cmp     	byte ptr [eax + 0xd], 0
0x0073C931	0x0033C931	75 0e                           	jne     	0x73c941
0x0073C933	0x0033C933	83 78 10 1d                     	cmp     	dword ptr [eax + 0x10], 0x1d
0x0073C937	0x0033C937	7f 08                           	jg      	0x73c941
0x0073C939	0x0033C939	3b 06                           	cmp     	eax, dword ptr [esi]
0x0073C93B	0x0033C93B	0f 85 1c 02 00 00               	jne     	0x73cb5d
0x0073C941	0x0033C941	f3 0f 7e 05 1c f8 b1 00         	movq    	xmm0, qword ptr [0xb1f81c]
0x0073C949	0x0033C949	8b 85 08 ff ff ff               	mov     	eax, dword ptr [ebp - 0xf8]
0x0073C94F	0x0033C94F	8b 35 24 f8 b1 00               	mov     	esi, dword ptr [0xb1f824]
0x0073C955	0x0033C955	66 0f d6 85 48 ff ff ff         	movq    	qword ptr [ebp - 0xb8], xmm0
0x0073C95D	0x0033C95D	85 c0                           	test    	eax, eax
0x0073C95F	0x0033C95F	75 16                           	jne     	0x73c977
0x0073C961	0x0033C961	68 54 bf b6 00                  	push    	0xb6bf54
0x0073C966	0x0033C966	6a 10                           	push    	0x10
0x0073C968	0x0033C968	e8 53 49 2d 00                  	call    	0xa112c0
0x0073C96D	0x0033C96D	83 c4 08                        	add     	esp, 8
0x0073C970	0x0033C970	cc                              	int3    	
0x0073C971	0x0033C971	8b 85 08 ff ff ff               	mov     	eax, dword ptr [ebp - 0xf8]
0x0073C977	0x0033C977	8b 8d 48 ff ff ff               	mov     	ecx, dword ptr [ebp - 0xb8]
0x0073C97D	0x0033C97D	8b d0                           	mov     	edx, eax
0x0073C97F	0x0033C97F	d3 ea                           	shr     	edx, cl
0x0073C981	0x0033C981	8b 8d 4c ff ff ff               	mov     	ecx, dword ptr [ebp - 0xb4]
0x0073C987	0x0033C987	33 d0                           	xor     	edx, eax
0x0073C989	0x0033C989	8b c2                           	mov     	eax, edx
0x0073C98B	0x0033C98B	c7 85 34 ff ff ff 00 00 00 00   	mov     	dword ptr [ebp - 0xcc], 0
0x0073C995	0x0033C995	d3 e0                           	shl     	eax, cl
0x0073C997	0x0033C997	8b ce                           	mov     	ecx, esi
0x0073C999	0x0033C999	51                              	push    	ecx
0x0073C99A	0x0033C99A	33 c2                           	xor     	eax, edx
0x0073C99C	0x0033C99C	6a ff                           	push    	-1
0x0073C99E	0x0033C99E	8b d0                           	mov     	edx, eax
0x0073C9A0	0x0033C9A0	d3 ea                           	shr     	edx, cl
0x0073C9A2	0x0033C9A2	8b 8d 24 ff ff ff               	mov     	ecx, dword ptr [ebp - 0xdc]
0x0073C9A8	0x0033C9A8	33 d0                           	xor     	edx, eax
0x0073C9AA	0x0033C9AA	8d 85 34 ff ff ff               	lea     	eax, [ebp - 0xcc]
0x0073C9B0	0x0033C9B0	89 95 30 ff ff ff               	mov     	dword ptr [ebp - 0xd0], edx
0x0073C9B6	0x0033C9B6	50                              	push    	eax
0x0073C9B7	0x0033C9B7	6a 0a                           	push    	0xa
0x0073C9B9	0x0033C9B9	6a 01                           	push    	1
0x0073C9BB	0x0033C9BB	83 ec 08                        	sub     	esp, 8
0x0073C9BE	0x0033C9BE	6a 0d                           	push    	0xd
0x0073C9C0	0x0033C9C0	6a 1d                           	push    	0x1d
0x0073C9C2	0x0033C9C2	6a 00                           	push    	0
0x0073C9C4	0x0033C9C4	ff b5 d8 fe ff ff               	push    	dword ptr [ebp - 0x128]
0x0073C9CA	0x0033C9CA	6a 01                           	push    	1
0x0073C9CC	0x0033C9CC	52                              	push    	edx
0x0073C9CD	0x0033C9CD	e8 fe 03 0f 00                  	call    	0x82cdd0
0x0073C9D2	0x0033C9D2	8b f0                           	mov     	esi, eax
0x0073C9D4	0x0033C9D4	89 b5 0c ff ff ff               	mov     	dword ptr [ebp - 0xf4], esi
0x0073C9DA	0x0033C9DA	85 f6                           	test    	esi, esi
0x0073C9DC	0x0033C9DC	0f 84 7b 01 00 00               	je      	0x73cb5d
0x0073C9E2	0x0033C9E2	8d 8d f0 fe ff ff               	lea     	ecx, [ebp - 0x110]
0x0073C9E8	0x0033C9E8	c7 45 fc 04 00 00 00            	mov     	dword ptr [ebp - 4], 4
0x0073C9EF	0x0033C9EF	e8 2c f4 e8 ff                  	call    	0x5cbe20
0x0073C9F4	0x0033C9F4	83 8d cc fe ff ff 01            	or      	dword ptr [ebp - 0x134], 1
0x0073C9FB	0x0033C9FB	33 c9                           	xor     	ecx, ecx
0x0073C9FD	0x0033C9FD	89 8d 08 ff ff ff               	mov     	dword ptr [ebp - 0xf8], ecx
0x0073CA03	0x0033CA03	39 8b cc 82 01 00               	cmp     	dword ptr [ebx + 0x182cc], ecx
0x0073CA09	0x0033CA09	0f 8e e9 00 00 00               	jle     	0x73caf8
0x0073CA0F	0x0033CA0F	8d 7b 24                        	lea     	edi, [ebx + 0x24]
0x0073CA12	0x0033CA12	83 3f 00                        	cmp     	dword ptr [edi], 0
0x0073CA15	0x0033CA15	0f 84 b8 00 00 00               	je      	0x73cad3
0x0073CA1B	0x0033CA1B	8b 47 f0                        	mov     	eax, dword ptr [edi - 0x10]
0x0073CA1E	0x0033CA1E	85 c0                           	test    	eax, eax
0x0073CA20	0x0033CA20	0f 88 ad 00 00 00               	js      	0x73cad3
0x0073CA26	0x0033CA26	99                              	cdq     	
0x0073CA27	0x0033CA27	b9 0d 00 00 00                  	mov     	ecx, 0xd
0x0073CA2C	0x0033CA2C	f7 f9                           	idiv    	ecx
0x0073CA2E	0x0033CA2E	33 f6                           	xor     	esi, esi
0x0073CA30	0x0033CA30	bb 01 00 00 00                  	mov     	ebx, 1
0x0073CA35	0x0033CA35	89 95 10 ff ff ff               	mov     	dword ptr [ebp - 0xf0], edx
0x0073CA3B	0x0033CA3B	89 85 14 ff ff ff               	mov     	dword ptr [ebp - 0xec], eax
0x0073CA41	0x0033CA41	8b 0f                           	mov     	ecx, dword ptr [edi]
0x0073CA43	0x0033CA43	8b c6                           	mov     	eax, esi
0x0073CA45	0x0033CA45	c1 e8 05                        	shr     	eax, 5
0x0073CA48	0x0033CA48	85 5c 81 38                     	test    	dword ptr [ecx + eax*4 + 0x38], ebx
0x0073CA4C	0x0033CA4C	74 17                           	je      	0x73ca65
0x0073CA4E	0x0033CA4E	8b 41 08                        	mov     	eax, dword ptr [ecx + 8]
0x0073CA51	0x0033CA51	83 f8 05                        	cmp     	eax, 5
0x0073CA54	0x0033CA54	74 0f                           	je      	0x73ca65
0x0073CA56	0x0033CA56	83 f8 08                        	cmp     	eax, 8
0x0073CA59	0x0033CA59	74 0a                           	je      	0x73ca65
0x0073CA5B	0x0033CA5B	83 f8 07                        	cmp     	eax, 7
0x0073CA5E	0x0033CA5E	74 05                           	je      	0x73ca65
0x0073CA60	0x0033CA60	83 f8 0a                        	cmp     	eax, 0xa
0x0073CA63	0x0033CA63	75 56                           	jne     	0x73cabb
0x0073CA65	0x0033CA65	6a 01                           	push    	1
0x0073CA67	0x0033CA67	56                              	push    	esi
0x0073CA68	0x0033CA68	ff 71 48                        	push    	dword ptr [ecx + 0x48]
0x0073CA6B	0x0033CA6B	8d 95 10 ff ff ff               	lea     	edx, [ebp - 0xf0]
0x0073CA71	0x0033CA71	8d 8d 18 ff ff ff               	lea     	ecx, [ebp - 0xe8]
0x0073CA77	0x0033CA77	e8 a4 2b 27 00                  	call    	0x9af620
0x0073CA7C	0x0033CA7C	8b 8d 18 ff ff ff               	mov     	ecx, dword ptr [ebp - 0xe8]
0x0073CA82	0x0033CA82	83 c4 0c                        	add     	esp, 0xc
0x0073CA85	0x0033CA85	83 f9 0c                        	cmp     	ecx, 0xc
0x0073CA88	0x0033CA88	77 31                           	ja      	0x73cabb
0x0073CA8A	0x0033CA8A	8b 85 1c ff ff ff               	mov     	eax, dword ptr [ebp - 0xe4]
0x0073CA90	0x0033CA90	83 f8 0c                        	cmp     	eax, 0xc
0x0073CA93	0x0033CA93	77 26                           	ja      	0x73cabb
0x0073CA95	0x0033CA95	6b c0 0d                        	imul    	eax, eax, 0xd
0x0073CA98	0x0033CA98	03 c1                           	add     	eax, ecx
0x0073CA9A	0x0033CA9A	89 85 34 ff ff ff               	mov     	dword ptr [ebp - 0xcc], eax
0x0073CAA0	0x0033CAA0	78 19                           	js      	0x73cabb
0x0073CAA2	0x0033CAA2	8d 85 34 ff ff ff               	lea     	eax, [ebp - 0xcc]
0x0073CAA8	0x0033CAA8	50                              	push    	eax
0x0073CAA9	0x0033CAA9	8d 85 e0 fe ff ff               	lea     	eax, [ebp - 0x120]
0x0073CAAF	0x0033CAAF	50                              	push    	eax
0x0073CAB0	0x0033CAB0	8d 8d f0 fe ff ff               	lea     	ecx, [ebp - 0x110]
0x0073CAB6	0x0033CAB6	e8 05 7b da ff                  	call    	0x4e45c0
0x0073CABB	0x0033CABB	46                              	inc     	esi
0x0073CABC	0x0033CABC	d1 c3                           	rol     	ebx, 1
0x0073CABE	0x0033CABE	83 fe 08                        	cmp     	esi, 8
0x0073CAC1	0x0033CAC1	0f 8c 7a ff ff ff               	jl      	0x73ca41
0x0073CAC7	0x0033CAC7	8b 8d 08 ff ff ff               	mov     	ecx, dword ptr [ebp - 0xf8]
0x0073CACD	0x0033CACD	8b 9d 2c ff ff ff               	mov     	ebx, dword ptr [ebp - 0xd4]
0x0073CAD3	0x0033CAD3	41                              	inc     	ecx
0x0073CAD4	0x0033CAD4	81 c7 b8 00 00 00               	add     	edi, 0xb8
0x0073CADA	0x0033CADA	89 8d 08 ff ff ff               	mov     	dword ptr [ebp - 0xf8], ecx
0x0073CAE0	0x0033CAE0	3b 8b cc 82 01 00               	cmp     	ecx, dword ptr [ebx + 0x182cc]
0x0073CAE6	0x0033CAE6	0f 8c 26 ff ff ff               	jl      	0x73ca12
0x0073CAEC	0x0033CAEC	8b bd dc fe ff ff               	mov     	edi, dword ptr [ebp - 0x124]
0x0073CAF2	0x0033CAF2	8b b5 0c ff ff ff               	mov     	esi, dword ptr [ebp - 0xf4]
0x0073CAF8	0x0033CAF8	8b 8d 20 ff ff ff               	mov     	ecx, dword ptr [ebp - 0xe0]
0x0073CAFE	0x0033CAFE	8d 85 f0 fe ff ff               	lea     	eax, [ebp - 0x110]
0x0073CB04	0x0033CB04	50                              	push    	eax
0x0073CB05	0x0033CB05	e8 36 1b 27 00                  	call    	0x9ae640
0x0073CB0A	0x0033CB0A	85 c0                           	test    	eax, eax
0x0073CB0C	0x0033CB0C	74 28                           	je      	0x73cb36
0x0073CB0E	0x0033CB0E	6a 00                           	push    	0
0x0073CB10	0x0033CB10	51                              	push    	ecx
0x0073CB11	0x0033CB11	ff b5 30 ff ff ff               	push    	dword ptr [ebp - 0xd0]
0x0073CB17	0x0033CB17	8b cb                           	mov     	ecx, ebx
0x0073CB19	0x0033CB19	56                              	push    	esi
0x0073CB1A	0x0033CB1A	50                              	push    	eax
0x0073CB1B	0x0033CB1B	e8 90 bf ff ff                  	call    	0x738ab0
0x0073CB20	0x0033CB20	84 c0                           	test    	al, al
0x0073CB22	0x0033CB22	74 12                           	je      	0x73cb36
0x0073CB24	0x0033CB24	69 83 cc 82 01 00 b8 00 00 00   	imul    	eax, dword ptr [ebx + 0x182cc], 0xb8
0x0073CB2E	0x0033CB2E	c7 44 18 10 63 00 00 00         	mov     	dword ptr [eax + ebx + 0x10], 0x63
0x0073CB36	0x0033CB36	8b 85 f0 fe ff ff               	mov     	eax, dword ptr [ebp - 0x110]
0x0073CB3C	0x0033CB3C	ff 70 04                        	push    	dword ptr [eax + 4]
0x0073CB3F	0x0033CB3F	8d 85 f0 fe ff ff               	lea     	eax, [ebp - 0x110]
0x0073CB45	0x0033CB45	50                              	push    	eax
0x0073CB46	0x0033CB46	8b c8                           	mov     	ecx, eax
0x0073CB48	0x0033CB48	e8 f3 79 ce ff                  	call    	0x424540
0x0073CB4D	0x0033CB4D	6a 14                           	push    	0x14
0x0073CB4F	0x0033CB4F	ff b5 f0 fe ff ff               	push    	dword ptr [ebp - 0x110]
0x0073CB55	0x0033CB55	e8 02 26 3b 00                  	call    	0xaef15c
0x0073CB5A	0x0033CB5A	83 c4 08                        	add     	esp, 8
0x0073CB5D	0x0033CB5D	33 db                           	xor     	ebx, ebx
0x0073CB5F	0x0033CB5F	c7 85 fc fe ff ff 00 00 00 00   	mov     	dword ptr [ebp - 0x104], 0
0x0073CB69	0x0033CB69	33 c0                           	xor     	eax, eax
0x0073CB6B	0x0033CB6B	89 9d 1c ff ff ff               	mov     	dword ptr [ebp - 0xe4], ebx
0x0073CB71	0x0033CB71	89 9d 00 ff ff ff               	mov     	dword ptr [ebp - 0x100], ebx
0x0073CB77	0x0033CB77	89 85 e4 fe ff ff               	mov     	dword ptr [ebp - 0x11c], eax
0x0073CB7D	0x0033CB7D	89 85 04 ff ff ff               	mov     	dword ptr [ebp - 0xfc], eax
0x0073CB83	0x0033CB83	8b 8d 20 ff ff ff               	mov     	ecx, dword ptr [ebp - 0xe0]
0x0073CB89	0x0033CB89	8d 85 bc fe ff ff               	lea     	eax, [ebp - 0x144]
0x0073CB8F	0x0033CB8F	50                              	push    	eax
0x0073CB90	0x0033CB90	c7 45 fc 05 00 00 00            	mov     	dword ptr [ebp - 4], 5
0x0073CB97	0x0033CB97	e8 44 25 27 00                  	call    	0x9af0e0
0x0073CB9C	0x0033CB9C	c6 45 fc 06                     	mov     	byte ptr [ebp - 4], 6
0x0073CBA0	0x0033CBA0	8b 85 c0 fe ff ff               	mov     	eax, dword ptr [ebp - 0x140]
0x0073CBA6	0x0033CBA6	8b c8                           	mov     	ecx, eax
0x0073CBA8	0x0033CBA8	8b b5 bc fe ff ff               	mov     	esi, dword ptr [ebp - 0x144]
0x0073CBAE	0x0033CBAE	2b ce                           	sub     	ecx, esi
0x0073CBB0	0x0033CBB0	c1 f9 02                        	sar     	ecx, 2
0x0073CBB3	0x0033CBB3	85 c9                           	test    	ecx, ecx
0x0073CBB5	0x0033CBB5	74 3c                           	je      	0x73cbf3
0x0073CBB7	0x0033CBB7	81 f9 ff ff ff 1f               	cmp     	ecx, 0x1fffffff
0x0073CBBD	0x0033CBBD	0f 87 e1 0d 00 00               	ja      	0x73d9a4
0x0073CBC3	0x0033CBC3	51                              	push    	ecx
0x0073CBC4	0x0033CBC4	8d 8d fc fe ff ff               	lea     	ecx, [ebp - 0x104]
0x0073CBCA	0x0033CBCA	e8 31 5d 01 00                  	call    	0x752900
0x0073CBCF	0x0033CBCF	8b 85 04 ff ff ff               	mov     	eax, dword ptr [ebp - 0xfc]
0x0073CBD5	0x0033CBD5	8b 9d 00 ff ff ff               	mov     	ebx, dword ptr [ebp - 0x100]
0x0073CBDB	0x0033CBDB	8b b5 bc fe ff ff               	mov     	esi, dword ptr [ebp - 0x144]
0x0073CBE1	0x0033CBE1	89 85 e4 fe ff ff               	mov     	dword ptr [ebp - 0x11c], eax
0x0073CBE7	0x0033CBE7	8b 85 c0 fe ff ff               	mov     	eax, dword ptr [ebp - 0x140]
0x0073CBED	0x0033CBED	89 9d 1c ff ff ff               	mov     	dword ptr [ebp - 0xe4], ebx
0x0073CBF3	0x0033CBF3	3b f0                           	cmp     	esi, eax
0x0073CBF5	0x0033CBF5	8b 45 0c                        	mov     	eax, dword ptr [ebp + 0xc]
0x0073CBF8	0x0033CBF8	0f 84 8f 01 00 00               	je      	0x73cd8d
0x0073CBFE	0x0033CBFE	66 90                           	nop     	
0x0073CC00	0x0033CC00	89 85 08 ff ff ff               	mov     	dword ptr [ebp - 0xf8], eax
0x0073CC06	0x0033CC06	8b d8                           	mov     	ebx, eax
0x0073CC08	0x0033CC08	83 f8 01                        	cmp     	eax, 1
0x0073CC0B	0x0033CC0B	7e 11                           	jle     	0x73cc1e
0x0073CC0D	0x0033CC0D	f6 07 07                        	test    	byte ptr [edi], 7
0x0073CC10	0x0033CC10	b8 01 00 00 00                  	mov     	eax, 1
0x0073CC15	0x0033CC15	0f 44 d8                        	cmove   	ebx, eax
0x0073CC18	0x0033CC18	89 9d 08 ff ff ff               	mov     	dword ptr [ebp - 0xf8], ebx
0x0073CC1E	0x0033CC1E	8b 06                           	mov     	eax, dword ptr [esi]
0x0073CC20	0x0033CC20	8b 50 08                        	mov     	edx, dword ptr [eax + 8]
0x0073CC23	0x0033CC23	8b 48 0c                        	mov     	ecx, dword ptr [eax + 0xc]
0x0073CC26	0x0033CC26	83 fa 0c                        	cmp     	edx, 0xc
0x0073CC29	0x0033CC29	77 0c                           	ja      	0x73cc37
0x0073CC2B	0x0033CC2B	83 f9 0c                        	cmp     	ecx, 0xc
0x0073CC2E	0x0033CC2E	77 07                           	ja      	0x73cc37
0x0073CC30	0x0033CC30	6b c9 0d                        	imul    	ecx, ecx, 0xd
0x0073CC33	0x0033CC33	03 ca                           	add     	ecx, edx
0x0073CC35	0x0033CC35	eb 03                           	jmp     	0x73cc3a
0x0073CC37	0x0033CC37	83 c9 ff                        	or      	ecx, 0xffffffff
0x0073CC3A	0x0033CC3A	8b 95 2c ff ff ff               	mov     	edx, dword ptr [ebp - 0xd4]
0x0073CC40	0x0033CC40	3b 8a d0 82 01 00               	cmp     	ecx, dword ptr [edx + 0x182d0]
0x0073CC46	0x0033CC46	75 49                           	jne     	0x73cc91
0x0073CC48	0x0033CC48	83 78 40 00                     	cmp     	dword ptr [eax + 0x40], 0
0x0073CC4C	0x0033CC4C	75 43                           	jne     	0x73cc91
0x0073CC4E	0x0033CC4E	83 3a 0b                        	cmp     	dword ptr [edx], 0xb
0x0073CC51	0x0033CC51	75 1e                           	jne     	0x73cc71
0x0073CC53	0x0033CC53	8b 42 04                        	mov     	eax, dword ptr [edx + 4]
0x0073CC56	0x0033CC56	83 f8 01                        	cmp     	eax, 1
0x0073CC59	0x0033CC59	75 09                           	jne     	0x73cc64
0x0073CC5B	0x0033CC5B	b8 11 00 00 00                  	mov     	eax, 0x11
0x0073CC60	0x0033CC60	33 c9                           	xor     	ecx, ecx
0x0073CC62	0x0033CC62	eb 14                           	jmp     	0x73cc78
0x0073CC64	0x0033CC64	85 c0                           	test    	eax, eax
0x0073CC66	0x0033CC66	75 09                           	jne     	0x73cc71
0x0073CC68	0x0033CC68	b8 10 00 00 00                  	mov     	eax, 0x10
0x0073CC6D	0x0033CC6D	33 c9                           	xor     	ecx, ecx
0x0073CC6F	0x0033CC6F	eb 07                           	jmp     	0x73cc78
0x0073CC71	0x0033CC71	33 c0                           	xor     	eax, eax
0x0073CC73	0x0033CC73	b9 02 00 00 00                  	mov     	ecx, 2
0x0073CC78	0x0033CC78	6a ff                           	push    	-1
0x0073CC7A	0x0033CC7A	51                              	push    	ecx
0x0073CC7B	0x0033CC7B	8b 8d 24 ff ff ff               	mov     	ecx, dword ptr [ebp - 0xdc]
0x0073CC81	0x0033CC81	6a 01                           	push    	1
0x0073CC83	0x0033CC83	50                              	push    	eax
0x0073CC84	0x0033CC84	e8 97 fa 0e 00                  	call    	0x82c720
0x0073CC89	0x0033CC89	8b bd c8 fe ff ff               	mov     	edi, dword ptr [ebp - 0x138]
0x0073CC8F	0x0033CC8F	eb 58                           	jmp     	0x73cce9
0x0073CC91	0x0033CC91	8b 8d dc fe ff ff               	mov     	ecx, dword ptr [ebp - 0x124]
0x0073CC97	0x0033CC97	8d 78 1c                        	lea     	edi, [eax + 0x1c]
0x0073CC9A	0x0033CC9A	8b 40 18                        	mov     	eax, dword ptr [eax + 0x18]
0x0073CC9D	0x0033CC9D	8b 1a                           	mov     	ebx, dword ptr [edx]
0x0073CC9F	0x0033CC9F	89 85 34 ff ff ff               	mov     	dword ptr [ebp - 0xcc], eax
0x0073CCA5	0x0033CCA5	e8 46 c4 0a 00                  	call    	0x7e90f0
0x0073CCAA	0x0033CCAA	6a ff                           	push    	-1
0x0073CCAC	0x0033CCAC	6a 00                           	push    	0
0x0073CCAE	0x0033CCAE	57                              	push    	edi
0x0073CCAF	0x0033CCAF	8b bd c8 fe ff ff               	mov     	edi, dword ptr [ebp - 0x138]
0x0073CCB5	0x0033CCB5	33 c9                           	xor     	ecx, ecx
0x0073CCB7	0x0033CCB7	57                              	push    	edi
0x0073CCB8	0x0033CCB8	ff b5 08 ff ff ff               	push    	dword ptr [ebp - 0xf8]
0x0073CCBE	0x0033CCBE	83 fb 0b                        	cmp     	ebx, 0xb
0x0073CCC1	0x0033CCC1	6a ff                           	push    	-1
0x0073CCC3	0x0033CCC3	0f 94 c1                        	sete    	cl
0x0073CCC6	0x0033CCC6	51                              	push    	ecx
0x0073CCC7	0x0033CCC7	ff b5 34 ff ff ff               	push    	dword ptr [ebp - 0xcc]
0x0073CCCD	0x0033CCCD	8b 8d 24 ff ff ff               	mov     	ecx, dword ptr [ebp - 0xdc]
0x0073CCD3	0x0033CCD3	6a 01                           	push    	1
0x0073CCD5	0x0033CCD5	ff b5 d8 fe ff ff               	push    	dword ptr [ebp - 0x128]
0x0073CCDB	0x0033CCDB	6a 01                           	push    	1
0x0073CCDD	0x0033CCDD	50                              	push    	eax
0x0073CCDE	0x0033CCDE	e8 ed fa 0e 00                  	call    	0x82c7d0
0x0073CCE3	0x0033CCE3	8b 9d 08 ff ff ff               	mov     	ebx, dword ptr [ebp - 0xf8]
0x0073CCE9	0x0033CCE9	85 c0                           	test    	eax, eax
0x0073CCEB	0x0033CCEB	0f 84 ac 01 00 00               	je      	0x73ce9d
0x0073CCF1	0x0033CCF1	8b bd dc fe ff ff               	mov     	edi, dword ptr [ebp - 0x124]
0x0073CCF7	0x0033CCF7	8b 9d 2c ff ff ff               	mov     	ebx, dword ptr [ebp - 0xd4]
0x0073CCFD	0x0033CCFD	6a 00                           	push    	0
0x0073CCFF	0x0033CCFF	51                              	push    	ecx
0x0073CD00	0x0033CD00	ff 37                           	push    	dword ptr [edi]
0x0073CD02	0x0033CD02	8b cb                           	mov     	ecx, ebx
0x0073CD04	0x0033CD04	50                              	push    	eax
0x0073CD05	0x0033CD05	ff 36                           	push    	dword ptr [esi]
0x0073CD07	0x0033CD07	e8 a4 bd ff ff                  	call    	0x738ab0
0x0073CD0C	0x0033CD0C	69 83 cc 82 01 00 b8 00 00 00   	imul    	eax, dword ptr [ebx + 0x182cc], 0xb8
0x0073CD16	0x0033CD16	81 c3 5c ff ff ff               	add     	ebx, 0xffffff5c
0x0073CD1C	0x0033CD1C	8b 0e                           	mov     	ecx, dword ptr [esi]
0x0073CD1E	0x0033CD1E	89 8d f4 fe ff ff               	mov     	dword ptr [ebp - 0x10c], ecx
0x0073CD24	0x0033CD24	03 c3                           	add     	eax, ebx
0x0073CD26	0x0033CD26	8b 9d 1c ff ff ff               	mov     	ebx, dword ptr [ebp - 0xe4]
0x0073CD2C	0x0033CD2C	89 85 f0 fe ff ff               	mov     	dword ptr [ebp - 0x110], eax
0x0073CD32	0x0033CD32	3b 9d e4 fe ff ff               	cmp     	ebx, dword ptr [ebp - 0x11c]
0x0073CD38	0x0033CD38	74 10                           	je      	0x73cd4a
0x0073CD3A	0x0033CD3A	89 03                           	mov     	dword ptr [ebx], eax
0x0073CD3C	0x0033CD3C	89 4b 04                        	mov     	dword ptr [ebx + 4], ecx
0x0073CD3F	0x0033CD3F	83 c3 08                        	add     	ebx, 8
0x0073CD42	0x0033CD42	89 9d 00 ff ff ff               	mov     	dword ptr [ebp - 0x100], ebx
0x0073CD48	0x0033CD48	eb 25                           	jmp     	0x73cd6f
0x0073CD4A	0x0033CD4A	8d 85 f0 fe ff ff               	lea     	eax, [ebp - 0x110]
0x0073CD50	0x0033CD50	50                              	push    	eax
0x0073CD51	0x0033CD51	53                              	push    	ebx
0x0073CD52	0x0033CD52	8d 8d fc fe ff ff               	lea     	ecx, [ebp - 0x104]
0x0073CD58	0x0033CD58	e8 b3 f7 e8 ff                  	call    	0x5cc510
0x0073CD5D	0x0033CD5D	8b 85 04 ff ff ff               	mov     	eax, dword ptr [ebp - 0xfc]
0x0073CD63	0x0033CD63	8b 9d 00 ff ff ff               	mov     	ebx, dword ptr [ebp - 0x100]
0x0073CD69	0x0033CD69	89 85 e4 fe ff ff               	mov     	dword ptr [ebp - 0x11c], eax
0x0073CD6F	0x0033CD6F	8b 45 0c                        	mov     	eax, dword ptr [ebp + 0xc]
0x0073CD72	0x0033CD72	83 c6 04                        	add     	esi, 4
0x0073CD75	0x0033CD75	89 9d 1c ff ff ff               	mov     	dword ptr [ebp - 0xe4], ebx
0x0073CD7B	0x0033CD7B	3b b5 c0 fe ff ff               	cmp     	esi, dword ptr [ebp - 0x140]
0x0073CD81	0x0033CD81	0f 85 79 fe ff ff               	jne     	0x73cc00
0x0073CD87	0x0033CD87	8b b5 bc fe ff ff               	mov     	esi, dword ptr [ebp - 0x144]
0x0073CD8D	0x0033CD8D	8b 85 20 ff ff ff               	mov     	eax, dword ptr [ebp - 0xe0]
0x0073CD93	0x0033CD93	8b 88 68 03 00 00               	mov     	ecx, dword ptr [eax + 0x368]
0x0073CD99	0x0033CD99	2b 88 64 03 00 00               	sub     	ecx, dword ptr [eax + 0x364]
0x0073CD9F	0x0033CD9F	b8 39 8e e3 38                  	mov     	eax, 0x38e38e39
0x0073CDA4	0x0033CDA4	f7 e9                           	imul    	ecx
0x0073CDA6	0x0033CDA6	c1 fa 04                        	sar     	edx, 4
0x0073CDA9	0x0033CDA9	8b c2                           	mov     	eax, edx
0x0073CDAB	0x0033CDAB	c1 e8 1f                        	shr     	eax, 0x1f
0x0073CDAE	0x0033CDAE	03 c2                           	add     	eax, edx
0x0073CDB0	0x0033CDB0	89 85 34 ff ff ff               	mov     	dword ptr [ebp - 0xcc], eax
0x0073CDB6	0x0033CDB6	8b 85 c0 fe ff ff               	mov     	eax, dword ptr [ebp - 0x140]
0x0073CDBC	0x0033CDBC	2b c6                           	sub     	eax, esi
0x0073CDBE	0x0033CDBE	8b b5 34 ff ff ff               	mov     	esi, dword ptr [ebp - 0xcc]
0x0073CDC4	0x0033CDC4	c1 f8 02                        	sar     	eax, 2
0x0073CDC7	0x0033CDC7	2b f0                           	sub     	esi, eax
0x0073CDC9	0x0033CDC9	85 f6                           	test    	esi, esi
0x0073CDCB	0x0033CDCB	7e 0f                           	jle     	0x73cddc
0x0073CDCD	0x0033CDCD	0f 1f 00                        	nop     	dword ptr [eax]
0x0073CDD0	0x0033CDD0	8b cf                           	mov     	ecx, edi
0x0073CDD2	0x0033CDD2	e8 19 c3 0a 00                  	call    	0x7e90f0
0x0073CDD7	0x0033CDD7	83 ee 01                        	sub     	esi, 1
0x0073CDDA	0x0033CDDA	75 f4                           	jne     	0x73cdd0
0x0073CDDC	0x0033CDDC	83 bd 28 ff ff ff 00            	cmp     	dword ptr [ebp - 0xd8], 0
0x0073CDE3	0x0033CDE3	0f 86 67 03 00 00               	jbe     	0x73d150
0x0073CDE9	0x0033CDE9	8b b5 fc fe ff ff               	mov     	esi, dword ptr [ebp - 0x104]
0x0073CDEF	0x0033CDEF	2b de                           	sub     	ebx, esi
0x0073CDF1	0x0033CDF1	8b 07                           	mov     	eax, dword ptr [edi]
0x0073CDF3	0x0033CDF3	f3 0f 7e 05 b4 f6 b1 00         	movq    	xmm0, qword ptr [0xb1f6b4]
0x0073CDFB	0x0033CDFB	c1 fb 03                        	sar     	ebx, 3
0x0073CDFE	0x0033CDFE	89 85 44 ff ff ff               	mov     	dword ptr [ebp - 0xbc], eax
0x0073CE04	0x0033CE04	a1 bc f6 b1 00                  	mov     	eax, dword ptr [0xb1f6bc]
0x0073CE09	0x0033CE09	89 85 50 ff ff ff               	mov     	dword ptr [ebp - 0xb0], eax
0x0073CE0F	0x0033CE0F	8d 43 ff                        	lea     	eax, [ebx - 1]
0x0073CE12	0x0033CE12	66 0f d6 85 48 ff ff ff         	movq    	qword ptr [ebp - 0xb8], xmm0
0x0073CE1A	0x0033CE1A	89 9d 1c ff ff ff               	mov     	dword ptr [ebp - 0xe4], ebx
0x0073CE20	0x0033CE20	89 85 34 ff ff ff               	mov     	dword ptr [ebp - 0xcc], eax
0x0073CE26	0x0033CE26	85 c0                           	test    	eax, eax
0x0073CE28	0x0033CE28	7e 4f                           	jle     	0x73ce79
0x0073CE2A	0x0033CE2A	8b bd fc fe ff ff               	mov     	edi, dword ptr [ebp - 0x104]
0x0073CE30	0x0033CE30	8b d8                           	mov     	ebx, eax
0x0073CE32	0x0033CE32	8d 34 de                        	lea     	esi, [esi + ebx*8]
0x0073CE35	0x0033CE35	8d 43 01                        	lea     	eax, [ebx + 1]
0x0073CE38	0x0033CE38	50                              	push    	eax
0x0073CE39	0x0033CE39	8d 8d 44 ff ff ff               	lea     	ecx, [ebp - 0xbc]
0x0073CE3F	0x0033CE3F	e8 dc c1 0a 00                  	call    	0x7e9020
0x0073CE44	0x0033CE44	8d 14 c7                        	lea     	edx, [edi + eax*8]
0x0073CE47	0x0033CE47	3b f2                           	cmp     	esi, edx
0x0073CE49	0x0033CE49	74 14                           	je      	0x73ce5f
0x0073CE4B	0x0033CE4B	8b 0e                           	mov     	ecx, dword ptr [esi]
0x0073CE4D	0x0033CE4D	8b 02                           	mov     	eax, dword ptr [edx]
0x0073CE4F	0x0033CE4F	89 06                           	mov     	dword ptr [esi], eax
0x0073CE51	0x0033CE51	8b 42 04                        	mov     	eax, dword ptr [edx + 4]
0x0073CE54	0x0033CE54	89 0a                           	mov     	dword ptr [edx], ecx
0x0073CE56	0x0033CE56	8b 4e 04                        	mov     	ecx, dword ptr [esi + 4]
0x0073CE59	0x0033CE59	89 46 04                        	mov     	dword ptr [esi + 4], eax
0x0073CE5C	0x0033CE5C	89 4a 04                        	mov     	dword ptr [edx + 4], ecx
0x0073CE5F	0x0033CE5F	4b                              	dec     	ebx
0x0073CE60	0x0033CE60	83 ee 08                        	sub     	esi, 8
0x0073CE63	0x0033CE63	85 db                           	test    	ebx, ebx
0x0073CE65	0x0033CE65	7f ce                           	jg      	0x73ce35
0x0073CE67	0x0033CE67	8b bd dc fe ff ff               	mov     	edi, dword ptr [ebp - 0x124]
0x0073CE6D	0x0033CE6D	8b 9d 1c ff ff ff               	mov     	ebx, dword ptr [ebp - 0xe4]
0x0073CE73	0x0033CE73	8b b5 fc fe ff ff               	mov     	esi, dword ptr [ebp - 0x104]
0x0073CE79	0x0033CE79	8b 85 d8 fe ff ff               	mov     	eax, dword ptr [ebp - 0x128]
0x0073CE7F	0x0033CE7F	89 85 14 ff ff ff               	mov     	dword ptr [ebp - 0xec], eax
0x0073CE85	0x0033CE85	83 f8 1c                        	cmp     	eax, 0x1c
0x0073CE88	0x0033CE88	0f 85 98 00 00 00               	jne     	0x73cf26
0x0073CE8E	0x0033CE8E	c7 85 14 ff ff ff 1b 00 00 00   	mov     	dword ptr [ebp - 0xec], 0x1b
0x0073CE98	0x0033CE98	e9 ae 00 00 00                  	jmp     	0x73cf4b
0x0073CE9D	0x0033CE9D	8b 0e                           	mov     	ecx, dword ptr [esi]
0x0073CE9F	0x0033CE9F	8d 85 3c ff ff ff               	lea     	eax, [ebp - 0xc4]
0x0073CEA5	0x0033CEA5	83 ec 08                        	sub     	esp, 8
0x0073CEA8	0x0033CEA8	83 c1 1c                        	add     	ecx, 0x1c
0x0073CEAB	0x0033CEAB	50                              	push    	eax
0x0073CEAC	0x0033CEAC	e8 7f 5d 01 00                  	call    	0x752c30
0x0073CEB1	0x0033CEB1	c6 45 fc 07                     	mov     	byte ptr [ebp - 4], 7
0x0073CEB5	0x0033CEB5	83 78 14 10                     	cmp     	dword ptr [eax + 0x14], 0x10
0x0073CEB9	0x0033CEB9	72 02                           	jb      	0x73cebd
0x0073CEBB	0x0033CEBB	8b 00                           	mov     	eax, dword ptr [eax]
0x0073CEBD	0x0033CEBD	50                              	push    	eax
0x0073CEBE	0x0033CEBE	8b 06                           	mov     	eax, dword ptr [esi]
0x0073CEC0	0x0033CEC0	57                              	push    	edi
0x0073CEC1	0x0033CEC1	53                              	push    	ebx
0x0073CEC2	0x0033CEC2	ff 70 18                        	push    	dword ptr [eax + 0x18]
0x0073CEC5	0x0033CEC5	68 f0 a4 b6 00                  	push    	0xb6a4f0
0x0073CECA	0x0033CECA	6a 01                           	push    	1
0x0073CECC	0x0033CECC	e8 ef 43 2d 00                  	call    	0xa112c0
0x0073CED1	0x0033CED1	83 c4 18                        	add     	esp, 0x18
0x0073CED4	0x0033CED4	8d 8d 3c ff ff ff               	lea     	ecx, [ebp - 0xc4]
0x0073CEDA	0x0033CEDA	e8 61 01 cd ff                  	call    	0x40d040
0x0073CEDF	0x0033CEDF	8d 8d bc fe ff ff               	lea     	ecx, [ebp - 0x144]
0x0073CEE5	0x0033CEE5	e8 e6 7a cd ff                  	call    	0x4149d0
0x0073CEEA	0x0033CEEA	8b 8d fc fe ff ff               	mov     	ecx, dword ptr [ebp - 0x104]
0x0073CEF0	0x0033CEF0	85 c9                           	test    	ecx, ecx
0x0073CEF2	0x0033CEF2	74 12                           	je      	0x73cf06
0x0073CEF4	0x0033CEF4	8b 85 e4 fe ff ff               	mov     	eax, dword ptr [ebp - 0x11c]
0x0073CEFA	0x0033CEFA	2b c1                           	sub     	eax, ecx
0x0073CEFC	0x0033CEFC	c1 f8 03                        	sar     	eax, 3
0x0073CEFF	0x0033CEFF	50                              	push    	eax
0x0073CF00	0x0033CF00	51                              	push    	ecx
0x0073CF01	0x0033CF01	e8 3a 9a ce ff                  	call    	0x426940
0x0073CF06	0x0033CF06	32 c0                           	xor     	al, al
0x0073CF08	0x0033CF08	8b 4d f4                        	mov     	ecx, dword ptr [ebp - 0xc]
0x0073CF0B	0x0033CF0B	64 89 0d 00 00 00 00            	mov     	dword ptr fs:[0], ecx
0x0073CF12	0x0033CF12	59                              	pop     	ecx
0x0073CF13	0x0033CF13	5f                              	pop     	edi
0x0073CF14	0x0033CF14	5e                              	pop     	esi
0x0073CF15	0x0033CF15	5b                              	pop     	ebx
0x0073CF16	0x0033CF16	8b 4d ec                        	mov     	ecx, dword ptr [ebp - 0x14]
0x0073CF19	0x0033CF19	33 cd                           	xor     	ecx, ebp
0x0073CF1B	0x0033CF1B	e8 0b 22 3b 00                  	call    	0xaef12b
0x0073CF20	0x0033CF20	8b e5                           	mov     	esp, ebp
0x0073CF22	0x0033CF22	5d                              	pop     	ebp
0x0073CF23	0x0033CF23	c2 0c 00                        	ret     	0xc
0x0073CF26	0x0033CF26	83 f8 1e                        	cmp     	eax, 0x1e
0x0073CF29	0x0033CF29	75 0c                           	jne     	0x73cf37
0x0073CF2B	0x0033CF2B	c7 85 14 ff ff ff 1d 00 00 00   	mov     	dword ptr [ebp - 0xec], 0x1d
0x0073CF35	0x0033CF35	eb 14                           	jmp     	0x73cf4b
0x0073CF37	0x0033CF37	83 f8 08                        	cmp     	eax, 8
0x0073CF3A	0x0033CF3A	74 05                           	je      	0x73cf41
0x0073CF3C	0x0033CF3C	83 f8 09                        	cmp     	eax, 9
0x0073CF3F	0x0033CF3F	75 0a                           	jne     	0x73cf4b
0x0073CF41	0x0033CF41	c7 85 14 ff ff ff 07 00 00 00   	mov     	dword ptr [ebp - 0xec], 7
0x0073CF4B	0x0033CF4B	8b 8d 2c ff ff ff               	mov     	ecx, dword ptr [ebp - 0xd4]
0x0073CF51	0x0033CF51	8d 85 f0 fe ff ff               	lea     	eax, [ebp - 0x110]
0x0073CF57	0x0033CF57	50                              	push    	eax
0x0073CF58	0x0033CF58	e8 03 55 01 00                  	call    	0x752460
0x0073CF5D	0x0033CF5D	c6 45 fc 08                     	mov     	byte ptr [ebp - 4], 8
0x0073CF61	0x0033CF61	33 c0                           	xor     	eax, eax
0x0073CF63	0x0033CF63	8b 95 28 ff ff ff               	mov     	edx, dword ptr [ebp - 0xd8]
0x0073CF69	0x0033CF69	89 85 30 ff ff ff               	mov     	dword ptr [ebp - 0xd0], eax
0x0073CF6F	0x0033CF6F	8d 0c 13                        	lea     	ecx, [ebx + edx]
0x0073CF72	0x0033CF72	89 8d 0c ff ff ff               	mov     	dword ptr [ebp - 0xf4], ecx
0x0073CF78	0x0033CF78	85 c9                           	test    	ecx, ecx
0x0073CF7A	0x0033CF7A	0f 84 a1 01 00 00               	je      	0x73d121
0x0073CF80	0x0033CF80	85 d2                           	test    	edx, edx
0x0073CF82	0x0033CF82	0f 8e 9d 01 00 00               	jle     	0x73d125
0x0073CF88	0x0033CF88	33 d2                           	xor     	edx, edx
0x0073CF8A	0x0033CF8A	89 95 08 ff ff ff               	mov     	dword ptr [ebp - 0xf8], edx
0x0073CF90	0x0033CF90	3b c3                           	cmp     	eax, ebx
0x0073CF92	0x0033CF92	73 29                           	jae     	0x73cfbd
0x0073CF94	0x0033CF94	8b 14 c6                        	mov     	edx, dword ptr [esi + eax*8]
0x0073CF97	0x0033CF97	8b 4c c6 04                     	mov     	ecx, dword ptr [esi + eax*8 + 4]
0x0073CF9B	0x0033CF9B	89 95 08 ff ff ff               	mov     	dword ptr [ebp - 0xf8], edx
0x0073CFA1	0x0033CFA1	89 8d 1c ff ff ff               	mov     	dword ptr [ebp - 0xe4], ecx
0x0073CFA7	0x0033CFA7	8b 02                           	mov     	eax, dword ptr [edx]
0x0073CFA9	0x0033CFA9	8b 95 2c ff ff ff               	mov     	edx, dword ptr [ebp - 0xd4]
0x0073CFAF	0x0033CFAF	3b 82 d0 82 01 00               	cmp     	eax, dword ptr [edx + 0x182d0]
0x0073CFB5	0x0033CFB5	0f 84 47 01 00 00               	je      	0x73d102
0x0073CFBB	0x0033CFBB	eb 23                           	jmp     	0x73cfe0
0x0073CFBD	0x0033CFBD	8d 85 f0 fe ff ff               	lea     	eax, [ebp - 0x110]
0x0073CFC3	0x0033CFC3	50                              	push    	eax
0x0073CFC4	0x0033CFC4	51                              	push    	ecx
0x0073CFC5	0x0033CFC5	8b 8d 20 ff ff ff               	mov     	ecx, dword ptr [ebp - 0xe0]
0x0073CFCB	0x0033CFCB	e8 20 0e 27 00                  	call    	0x9addf0
0x0073CFD0	0x0033CFD0	8b c8                           	mov     	ecx, eax
0x0073CFD2	0x0033CFD2	89 8d 1c ff ff ff               	mov     	dword ptr [ebp - 0xe4], ecx
0x0073CFD8	0x0033CFD8	85 c9                           	test    	ecx, ecx
0x0073CFDA	0x0033CFDA	0f 84 a4 01 00 00               	je      	0x73d184
0x0073CFE0	0x0033CFE0	8b 55 0c                        	mov     	edx, dword ptr [ebp + 0xc]
0x0073CFE3	0x0033CFE3	8b c2                           	mov     	eax, edx
0x0073CFE5	0x0033CFE5	89 95 cc fe ff ff               	mov     	dword ptr [ebp - 0x134], edx
0x0073CFEB	0x0033CFEB	83 fa 01                        	cmp     	edx, 1
0x0073CFEE	0x0033CFEE	7e 15                           	jle     	0x73d005
0x0073CFF0	0x0033CFF0	f6 85 44 ff ff ff 07            	test    	byte ptr [ebp - 0xbc], 7
0x0073CFF7	0x0033CFF7	ba 01 00 00 00                  	mov     	edx, 1
0x0073CFFC	0x0033CFFC	0f 44 c2                        	cmove   	eax, edx
0x0073CFFF	0x0033CFFF	89 85 cc fe ff ff               	mov     	dword ptr [ebp - 0x134], eax
0x0073D005	0x0033D005	8b 71 18                        	mov     	esi, dword ptr [ecx + 0x18]
0x0073D008	0x0033D008	8d 8d 44 ff ff ff               	lea     	ecx, [ebp - 0xbc]
0x0073D00E	0x0033D00E	e8 dd c0 0a 00                  	call    	0x7e90f0
0x0073D013	0x0033D013	8b 8d 1c ff ff ff               	mov     	ecx, dword ptr [ebp - 0xe4]
0x0073D019	0x0033D019	83 c1 1c                        	add     	ecx, 0x1c
0x0073D01C	0x0033D01C	51                              	push    	ecx
0x0073D01D	0x0033D01D	6a 01                           	push    	1
0x0073D01F	0x0033D01F	51                              	push    	ecx
0x0073D020	0x0033D020	ff b5 c8 fe ff ff               	push    	dword ptr [ebp - 0x138]
0x0073D026	0x0033D026	89 8d 34 ff ff ff               	mov     	dword ptr [ebp - 0xcc], ecx
0x0073D02C	0x0033D02C	ff b5 cc fe ff ff               	push    	dword ptr [ebp - 0x134]
0x0073D032	0x0033D032	8b 8d 24 ff ff ff               	mov     	ecx, dword ptr [ebp - 0xdc]
0x0073D038	0x0033D038	83 ec 08                        	sub     	esp, 8
0x0073D03B	0x0033D03B	56                              	push    	esi
0x0073D03C	0x0033D03C	6a 01                           	push    	1
0x0073D03E	0x0033D03E	ff b5 14 ff ff ff               	push    	dword ptr [ebp - 0xec]
0x0073D044	0x0033D044	ff b5 d8 fe ff ff               	push    	dword ptr [ebp - 0x128]
0x0073D04A	0x0033D04A	6a 01                           	push    	1
0x0073D04C	0x0033D04C	50                              	push    	eax
0x0073D04D	0x0033D04D	e8 7e fd 0e 00                  	call    	0x82cdd0
0x0073D052	0x0033D052	8b f0                           	mov     	esi, eax
0x0073D054	0x0033D054	85 f6                           	test    	esi, esi
0x0073D056	0x0033D056	75 47                           	jne     	0x73d09f
0x0073D058	0x0033D058	8b 85 1c ff ff ff               	mov     	eax, dword ptr [ebp - 0xe4]
0x0073D05E	0x0033D05E	8d 8d 44 ff ff ff               	lea     	ecx, [ebp - 0xbc]
0x0073D064	0x0033D064	8b 70 18                        	mov     	esi, dword ptr [eax + 0x18]
0x0073D067	0x0033D067	e8 84 c0 0a 00                  	call    	0x7e90f0
0x0073D06C	0x0033D06C	51                              	push    	ecx
0x0073D06D	0x0033D06D	6a 01                           	push    	1
0x0073D06F	0x0033D06F	ff b5 34 ff ff ff               	push    	dword ptr [ebp - 0xcc]
0x0073D075	0x0033D075	8b 8d 24 ff ff ff               	mov     	ecx, dword ptr [ebp - 0xdc]
0x0073D07B	0x0033D07B	6a 0a                           	push    	0xa
0x0073D07D	0x0033D07D	6a 01                           	push    	1
0x0073D07F	0x0033D07F	83 ec 08                        	sub     	esp, 8
0x0073D082	0x0033D082	56                              	push    	esi
0x0073D083	0x0033D083	6a 01                           	push    	1
0x0073D085	0x0033D085	ff b5 14 ff ff ff               	push    	dword ptr [ebp - 0xec]
0x0073D08B	0x0033D08B	ff b5 d8 fe ff ff               	push    	dword ptr [ebp - 0x128]
0x0073D091	0x0033D091	6a 01                           	push    	1
0x0073D093	0x0033D093	50                              	push    	eax
0x0073D094	0x0033D094	e8 37 fd 0e 00                  	call    	0x82cdd0
0x0073D099	0x0033D099	8b f0                           	mov     	esi, eax
0x0073D09B	0x0033D09B	85 f6                           	test    	esi, esi
0x0073D09D	0x0033D09D	74 5d                           	je      	0x73d0fc
0x0073D09F	0x0033D09F	8b 95 28 ff ff ff               	mov     	edx, dword ptr [ebp - 0xd8]
0x0073D0A5	0x0033D0A5	8b 8d 08 ff ff ff               	mov     	ecx, dword ptr [ebp - 0xf8]
0x0073D0AB	0x0033D0AB	4a                              	dec     	edx
0x0073D0AC	0x0033D0AC	89 95 28 ff ff ff               	mov     	dword ptr [ebp - 0xd8], edx
0x0073D0B2	0x0033D0B2	85 c9                           	test    	ecx, ecx
0x0073D0B4	0x0033D0B4	74 11                           	je      	0x73d0c7
0x0073D0B6	0x0033D0B6	89 71 10                        	mov     	dword ptr [ecx + 0x10], esi
0x0073D0B9	0x0033D0B9	8b 46 38                        	mov     	eax, dword ptr [esi + 0x38]
0x0073D0BC	0x0033D0BC	8b b5 fc fe ff ff               	mov     	esi, dword ptr [ebp - 0x104]
0x0073D0C2	0x0033D0C2	89 41 18                        	mov     	dword ptr [ecx + 0x18], eax
0x0073D0C5	0x0033D0C5	eb 41                           	jmp     	0x73d108
0x0073D0C7	0x0033D0C7	6a 00                           	push    	0
0x0073D0C9	0x0033D0C9	51                              	push    	ecx
0x0073D0CA	0x0033D0CA	8d 8d 44 ff ff ff               	lea     	ecx, [ebp - 0xbc]
0x0073D0D0	0x0033D0D0	e8 1b c0 0a 00                  	call    	0x7e90f0
0x0073D0D5	0x0033D0D5	8b 8d 2c ff ff ff               	mov     	ecx, dword ptr [ebp - 0xd4]
0x0073D0DB	0x0033D0DB	50                              	push    	eax
0x0073D0DC	0x0033D0DC	56                              	push    	esi
0x0073D0DD	0x0033D0DD	ff b5 1c ff ff ff               	push    	dword ptr [ebp - 0xe4]
0x0073D0E3	0x0033D0E3	e8 c8 b9 ff ff                  	call    	0x738ab0
0x0073D0E8	0x0033D0E8	8b 95 28 ff ff ff               	mov     	edx, dword ptr [ebp - 0xd8]
0x0073D0EE	0x0033D0EE	8b b5 fc fe ff ff               	mov     	esi, dword ptr [ebp - 0x104]
0x0073D0F4	0x0033D0F4	89 95 28 ff ff ff               	mov     	dword ptr [ebp - 0xd8], edx
0x0073D0FA	0x0033D0FA	eb 0c                           	jmp     	0x73d108
0x0073D0FC	0x0033D0FC	8b b5 fc fe ff ff               	mov     	esi, dword ptr [ebp - 0x104]
0x0073D102	0x0033D102	8b 95 28 ff ff ff               	mov     	edx, dword ptr [ebp - 0xd8]
0x0073D108	0x0033D108	8b 85 30 ff ff ff               	mov     	eax, dword ptr [ebp - 0xd0]
0x0073D10E	0x0033D10E	40                              	inc     	eax
0x0073D10F	0x0033D10F	89 85 30 ff ff ff               	mov     	dword ptr [ebp - 0xd0], eax
0x0073D115	0x0033D115	3b 85 0c ff ff ff               	cmp     	eax, dword ptr [ebp - 0xf4]
0x0073D11B	0x0033D11B	0f 82 5f fe ff ff               	jb      	0x73cf80
0x0073D121	0x0033D121	85 d2                           	test    	edx, edx
0x0073D123	0x0033D123	7f 5f                           	jg      	0x73d184
0x0073D125	0x0033D125	c6 45 fc 06                     	mov     	byte ptr [ebp - 4], 6
0x0073D129	0x0033D129	8b 85 f0 fe ff ff               	mov     	eax, dword ptr [ebp - 0x110]
0x0073D12F	0x0033D12F	ff 70 04                        	push    	dword ptr [eax + 4]
0x0073D132	0x0033D132	8d 85 f0 fe ff ff               	lea     	eax, [ebp - 0x110]
0x0073D138	0x0033D138	50                              	push    	eax
0x0073D139	0x0033D139	8b c8                           	mov     	ecx, eax
0x0073D13B	0x0033D13B	e8 00 74 ce ff                  	call    	0x424540
0x0073D140	0x0033D140	6a 14                           	push    	0x14
0x0073D142	0x0033D142	ff b5 f0 fe ff ff               	push    	dword ptr [ebp - 0x110]
0x0073D148	0x0033D148	e8 0f 20 3b 00                  	call    	0xaef15c
0x0073D14D	0x0033D14D	83 c4 08                        	add     	esp, 8
0x0073D150	0x0033D150	8b 35 78 16 c7 00               	mov     	esi, dword ptr [0xc71678]
0x0073D156	0x0033D156	8b ce                           	mov     	ecx, esi
0x0073D158	0x0033D158	6a 0f                           	push    	0xf
0x0073D15A	0x0033D15A	e8 41 46 ce ff                  	call    	0x4217a0
0x0073D15F	0x0033D15F	84 c0                           	test    	al, al
0x0073D161	0x0033D161	74 6d                           	je      	0x73d1d0
0x0073D163	0x0033D163	6a 10                           	push    	0x10
0x0073D165	0x0033D165	8b ce                           	mov     	ecx, esi
0x0073D167	0x0033D167	e8 34 46 ce ff                  	call    	0x4217a0
0x0073D16C	0x0033D16C	8b 9d d0 fe ff ff               	mov     	ebx, dword ptr [ebp - 0x130]
0x0073D172	0x0033D172	33 c9                           	xor     	ecx, ecx
0x0073D174	0x0033D174	84 c0                           	test    	al, al
0x0073D176	0x0033D176	0f b6 db                        	movzx   	ebx, bl
0x0073D179	0x0033D179	0f 45 d9                        	cmovne  	ebx, ecx
0x0073D17C	0x0033D17C	89 9d d0 fe ff ff               	mov     	dword ptr [ebp - 0x130], ebx
0x0073D182	0x0033D182	eb 52                           	jmp     	0x73d1d6
0x0073D184	0x0033D184	8b 85 f0 fe ff ff               	mov     	eax, dword ptr [ebp - 0x110]
0x0073D18A	0x0033D18A	ff 70 04                        	push    	dword ptr [eax + 4]
0x0073D18D	0x0033D18D	8d 85 f0 fe ff ff               	lea     	eax, [ebp - 0x110]
0x0073D193	0x0033D193	50                              	push    	eax
0x0073D194	0x0033D194	8b c8                           	mov     	ecx, eax
0x0073D196	0x0033D196	e8 a5 73 ce ff                  	call    	0x424540
0x0073D19B	0x0033D19B	6a 14                           	push    	0x14
0x0073D19D	0x0033D19D	ff b5 f0 fe ff ff               	push    	dword ptr [ebp - 0x110]
0x0073D1A3	0x0033D1A3	e8 b4 1f 3b 00                  	call    	0xaef15c
0x0073D1A8	0x0033D1A8	83 c4 08                        	add     	esp, 8
0x0073D1AB	0x0033D1AB	8d 8d bc fe ff ff               	lea     	ecx, [ebp - 0x144]
0x0073D1B1	0x0033D1B1	e8 1a 78 cd ff                  	call    	0x4149d0
0x0073D1B6	0x0033D1B6	85 f6                           	test    	esi, esi
0x0073D1B8	0x0033D1B8	0f 84 48 fd ff ff               	je      	0x73cf06
0x0073D1BE	0x0033D1BE	8b 85 e4 fe ff ff               	mov     	eax, dword ptr [ebp - 0x11c]
0x0073D1C4	0x0033D1C4	2b c6                           	sub     	eax, esi
0x0073D1C6	0x0033D1C6	c1 f8 03                        	sar     	eax, 3
0x0073D1C9	0x0033D1C9	50                              	push    	eax
0x0073D1CA	0x0033D1CA	56                              	push    	esi
0x0073D1CB	0x0033D1CB	e9 31 fd ff ff                  	jmp     	0x73cf01
0x0073D1D0	0x0033D1D0	8b 9d d0 fe ff ff               	mov     	ebx, dword ptr [ebp - 0x130]
0x0073D1D6	0x0033D1D6	f3 0f 10 05 54 a4 ba 00         	movss   	xmm0, dword ptr [0xbaa454]
0x0073D1DE	0x0033D1DE	8b ce                           	mov     	ecx, esi
0x0073D1E0	0x0033D1E0	6a 00                           	push    	0
0x0073D1E2	0x0033D1E2	f3 0f 11 85 28 ff ff ff         	movss   	dword ptr [ebp - 0xd8], xmm0
0x0073D1EA	0x0033D1EA	e8 81 a6 cd ff                  	call    	0x417870
0x0073D1EF	0x0033D1EF	83 b8 68 13 00 00 14            	cmp     	dword ptr [eax + 0x1368], 0x14
0x0073D1F6	0x0033D1F6	7c 10                           	jl      	0x73d208
0x0073D1F8	0x0033D1F8	f3 0f 10 05 7c a4 ba 00         	movss   	xmm0, dword ptr [0xbaa47c]
0x0073D200	0x0033D200	f3 0f 11 85 28 ff ff ff         	movss   	dword ptr [ebp - 0xd8], xmm0
0x0073D208	0x0033D208	8b 35 78 16 c7 00               	mov     	esi, dword ptr [0xc71678]
0x0073D20E	0x0033D20E	8b ce                           	mov     	ecx, esi
0x0073D210	0x0033D210	6a 1e                           	push    	0x1e
0x0073D212	0x0033D212	e8 89 45 ce ff                  	call    	0x4217a0
0x0073D217	0x0033D217	84 c0                           	test    	al, al
0x0073D219	0x0033D219	74 27                           	je      	0x73d242
0x0073D21B	0x0033D21B	6a 00                           	push    	0
0x0073D21D	0x0033D21D	8d 8e 48 65 02 00               	lea     	ecx, [esi + 0x26548]
0x0073D223	0x0033D223	6a 1e                           	push    	0x1e
0x0073D225	0x0033D225	e8 86 a0 d9 ff                  	call    	0x4d72b0
0x0073D22A	0x0033D22A	f3 0f 10 85 28 ff ff ff         	movss   	xmm0, dword ptr [ebp - 0xd8]
0x0073D232	0x0033D232	f3 0f 58 05 20 a1 ba 00         	addss   	xmm0, dword ptr [0xbaa120]
0x0073D23A	0x0033D23A	f3 0f 11 85 28 ff ff ff         	movss   	dword ptr [ebp - 0xd8], xmm0
0x0073D242	0x0033D242	6a 1f                           	push    	0x1f
0x0073D244	0x0033D244	8b ce                           	mov     	ecx, esi
0x0073D246	0x0033D246	e8 55 45 ce ff                  	call    	0x4217a0
0x0073D24B	0x0033D24B	84 c0                           	test    	al, al
0x0073D24D	0x0033D24D	74 21                           	je      	0x73d270
0x0073D24F	0x0033D24F	6a 00                           	push    	0
0x0073D251	0x0033D251	8d 8e 48 65 02 00               	lea     	ecx, [esi + 0x26548]
0x0073D257	0x0033D257	6a 1f                           	push    	0x1f
0x0073D259	0x0033D259	e8 52 a0 d9 ff                  	call    	0x4d72b0
0x0073D25E	0x0033D25E	f3 0f 10 8d 28 ff ff ff         	movss   	xmm1, dword ptr [ebp - 0xd8]
0x0073D266	0x0033D266	f3 0f 58 0d 8c a0 ba 00         	addss   	xmm1, dword ptr [0xbaa08c]
0x0073D26E	0x0033D26E	eb 08                           	jmp     	0x73d278
0x0073D270	0x0033D270	f3 0f 10 8d 28 ff ff ff         	movss   	xmm1, dword ptr [ebp - 0xd8]
0x0073D278	0x0033D278	8b 86 6c 65 02 00               	mov     	eax, dword ptr [esi + 0x2656c]
0x0073D27E	0x0033D27E	b9 05 00 00 00                  	mov     	ecx, 5
0x0073D283	0x0033D283	83 f8 05                        	cmp     	eax, 5
0x0073D286	0x0033D286	c7 86 6c 65 02 00 00 00 00 00   	mov     	dword ptr [esi + 0x2656c], 0
0x0073D290	0x0033D290	0f 4c c8                        	cmovl   	ecx, eax
0x0073D293	0x0033D293	66 0f 6e c1                     	movd    	xmm0, ecx
0x0073D297	0x0033D297	8b cf                           	mov     	ecx, edi
0x0073D299	0x0033D299	0f 5b c0                        	cvtdq2ps	xmm0, xmm0
0x0073D29C	0x0033D29C	f3 0f 59 05 d0 a0 ba 00         	mulss   	xmm0, dword ptr [0xbaa0d0]
0x0073D2A4	0x0033D2A4	f3 0f 5c c8                     	subss   	xmm1, xmm0
0x0073D2A8	0x0033D2A8	f3 0f 59 0d 30 a2 ba 00         	mulss   	xmm1, dword ptr [0xbaa230]
0x0073D2B0	0x0033D2B0	f3 0f 11 8d 28 ff ff ff         	movss   	dword ptr [ebp - 0xd8], xmm1
0x0073D2B8	0x0033D2B8	e8 33 be 0a 00                  	call    	0x7e90f0
0x0073D2BD	0x0033D2BD	8b 0f                           	mov     	ecx, dword ptr [edi]
0x0073D2BF	0x0033D2BF	8b c1                           	mov     	eax, ecx
0x0073D2C1	0x0033D2C1	f3 0f 10 8d 28 ff ff ff         	movss   	xmm1, dword ptr [ebp - 0xd8]
0x0073D2C9	0x0033D2C9	c1 e8 1f                        	shr     	eax, 0x1f
0x0073D2CC	0x0033D2CC	66 0f 6e c1                     	movd    	xmm0, ecx
0x0073D2D0	0x0033D2D0	f3 0f e6 c0                     	cvtdq2pd	xmm0, xmm0
0x0073D2D4	0x0033D2D4	f2 0f 58 04 c5 00 cb ba 00      	addsd   	xmm0, qword ptr [eax*8 + 0xbacb00]
0x0073D2DD	0x0033D2DD	66 0f 5a c0                     	cvtpd2ps	xmm0, xmm0
0x0073D2E1	0x0033D2E1	f3 0f 59 05 f0 9f ba 00         	mulss   	xmm0, dword ptr [0xba9ff0]
0x0073D2E9	0x0033D2E9	0f 2f c8                        	comiss  	xmm1, xmm0
0x0073D2EC	0x0033D2EC	76 6d                           	jbe     	0x73d35b
0x0073D2EE	0x0033D2EE	84 db                           	test    	bl, bl
0x0073D2F0	0x0033D2F0	8b 9d 2c ff ff ff               	mov     	ebx, dword ptr [ebp - 0xd4]
0x0073D2F6	0x0033D2F6	74 69                           	je      	0x73d361
0x0073D2F8	0x0033D2F8	8b b5 b8 fe ff ff               	mov     	esi, dword ptr [ebp - 0x148]
0x0073D2FE	0x0033D2FE	85 f6                           	test    	esi, esi
0x0073D300	0x0033D300	78 5f                           	js      	0x73d361
0x0073D302	0x0033D302	83 3b 04                        	cmp     	dword ptr [ebx], 4
0x0073D305	0x0033D305	7e 5a                           	jle     	0x73d361
0x0073D307	0x0033D307	f3 0f 7e 05 58 f5 b1 00         	movq    	xmm0, qword ptr [0xb1f558]
0x0073D30F	0x0033D30F	a1 60 f5 b1 00                  	mov     	eax, dword ptr [0xb1f560]
0x0073D314	0x0033D314	89 8d 44 ff ff ff               	mov     	dword ptr [ebp - 0xbc], ecx
0x0073D31A	0x0033D31A	8d 8d 44 ff ff ff               	lea     	ecx, [ebp - 0xbc]
0x0073D320	0x0033D320	68 e8 03 00 00                  	push    	0x3e8
0x0073D325	0x0033D325	66 0f d6 85 48 ff ff ff         	movq    	qword ptr [ebp - 0xb8], xmm0
0x0073D32D	0x0033D32D	89 85 50 ff ff ff               	mov     	dword ptr [ebp - 0xb0], eax
0x0073D333	0x0033D333	e8 e8 bc 0a 00                  	call    	0x7e9020
0x0073D338	0x0033D338	8b 95 d0 fe ff ff               	mov     	edx, dword ptr [ebp - 0x130]
0x0073D33E	0x0033D33E	0f b6 ca                        	movzx   	ecx, dl
0x0073D341	0x0033D341	33 d2                           	xor     	edx, edx
0x0073D343	0x0033D343	85 c0                           	test    	eax, eax
0x0073D345	0x0033D345	0f 45 ca                        	cmovne  	ecx, edx
0x0073D348	0x0033D348	69 c6 b8 00 00 00               	imul    	eax, esi, 0xb8
0x0073D34E	0x0033D34E	88 8d d0 fe ff ff               	mov     	byte ptr [ebp - 0x130], cl
0x0073D354	0x0033D354	83 4c 18 58 10                  	or      	dword ptr [eax + ebx + 0x58], 0x10
0x0073D359	0x0033D359	eb 06                           	jmp     	0x73d361
0x0073D35B	0x0033D35B	8b 9d 2c ff ff ff               	mov     	ebx, dword ptr [ebp - 0xd4]
0x0073D361	0x0033D361	8b cf                           	mov     	ecx, edi
0x0073D363	0x0033D363	e8 88 bd 0a 00                  	call    	0x7e90f0
0x0073D368	0x0033D368	8b 0f                           	mov     	ecx, dword ptr [edi]
0x0073D36A	0x0033D36A	8b c1                           	mov     	eax, ecx
0x0073D36C	0x0033D36C	f3 0f 10 8d 28 ff ff ff         	movss   	xmm1, dword ptr [ebp - 0xd8]
0x0073D374	0x0033D374	c1 e8 1f                        	shr     	eax, 0x1f
0x0073D377	0x0033D377	66 0f 6e c1                     	movd    	xmm0, ecx
0x0073D37B	0x0033D37B	f3 0f e6 c0                     	cvtdq2pd	xmm0, xmm0
0x0073D37F	0x0033D37F	f2 0f 58 04 c5 00 cb ba 00      	addsd   	xmm0, qword ptr [eax*8 + 0xbacb00]
0x0073D388	0x0033D388	66 0f 5a c0                     	cvtpd2ps	xmm0, xmm0
0x0073D38C	0x0033D38C	f3 0f 59 05 f0 9f ba 00         	mulss   	xmm0, dword ptr [0xba9ff0]
0x0073D394	0x0033D394	0f 2f c8                        	comiss  	xmm1, xmm0
0x0073D397	0x0033D397	76 54                           	jbe     	0x73d3ed
0x0073D399	0x0033D399	80 bd d0 fe ff ff 00            	cmp     	byte ptr [ebp - 0x130], 0
0x0073D3A0	0x0033D3A0	74 4b                           	je      	0x73d3ed
0x0073D3A2	0x0033D3A2	8b b5 d4 fe ff ff               	mov     	esi, dword ptr [ebp - 0x12c]
0x0073D3A8	0x0033D3A8	85 f6                           	test    	esi, esi
0x0073D3AA	0x0033D3AA	78 41                           	js      	0x73d3ed
0x0073D3AC	0x0033D3AC	83 3b 03                        	cmp     	dword ptr [ebx], 3
0x0073D3AF	0x0033D3AF	7e 3c                           	jle     	0x73d3ed
0x0073D3B1	0x0033D3B1	f3 0f 7e 05 58 f5 b1 00         	movq    	xmm0, qword ptr [0xb1f558]
0x0073D3B9	0x0033D3B9	a1 60 f5 b1 00                  	mov     	eax, dword ptr [0xb1f560]
0x0073D3BE	0x0033D3BE	89 8d 44 ff ff ff               	mov     	dword ptr [ebp - 0xbc], ecx
0x0073D3C4	0x0033D3C4	8d 8d 44 ff ff ff               	lea     	ecx, [ebp - 0xbc]
0x0073D3CA	0x0033D3CA	68 e8 03 00 00                  	push    	0x3e8
0x0073D3CF	0x0033D3CF	66 0f d6 85 48 ff ff ff         	movq    	qword ptr [ebp - 0xb8], xmm0
0x0073D3D7	0x0033D3D7	89 85 50 ff ff ff               	mov     	dword ptr [ebp - 0xb0], eax
0x0073D3DD	0x0033D3DD	e8 3e bc 0a 00                  	call    	0x7e9020
0x0073D3E2	0x0033D3E2	69 c6 b8 00 00 00               	imul    	eax, esi, 0xb8
0x0073D3E8	0x0033D3E8	83 4c 18 58 10                  	or      	dword ptr [eax + ebx + 0x58], 0x10
0x0073D3ED	0x0033D3ED	6a ff                           	push    	-1
0x0073D3EF	0x0033D3EF	6a fe                           	push    	-2
0x0073D3F1	0x0033D3F1	8b cb                           	mov     	ecx, ebx
0x0073D3F3	0x0033D3F3	e8 c8 37 00 00                  	call    	0x740bc0
0x0073D3F8	0x0033D3F8	57                              	push    	edi
0x0073D3F9	0x0033D3F9	8b c8                           	mov     	ecx, eax
0x0073D3FB	0x0033D3FB	e8 40 b5 ce ff                  	call    	0x428940
0x0073D400	0x0033D400	8b cf                           	mov     	ecx, edi
0x0073D402	0x0033D402	c7 85 34 ff ff ff 00 00 00 00   	mov     	dword ptr [ebp - 0xcc], 0
0x0073D40C	0x0033D40C	e8 df bc 0a 00                  	call    	0x7e90f0
0x0073D411	0x0033D411	6a ff                           	push    	-1
0x0073D413	0x0033D413	6a ff                           	push    	-1
0x0073D415	0x0033D415	8d 8d 34 ff ff ff               	lea     	ecx, [ebp - 0xcc]
0x0073D41B	0x0033D41B	51                              	push    	ecx
0x0073D41C	0x0033D41C	8b 8d 24 ff ff ff               	mov     	ecx, dword ptr [ebp - 0xdc]
0x0073D422	0x0033D422	6a 0a                           	push    	0xa
0x0073D424	0x0033D424	6a 01                           	push    	1
0x0073D426	0x0033D426	6a ff                           	push    	-1
0x0073D428	0x0033D428	6a 00                           	push    	0
0x0073D42A	0x0033D42A	6a 0d                           	push    	0xd
0x0073D42C	0x0033D42C	6a 03                           	push    	3
0x0073D42E	0x0033D42E	6a 00                           	push    	0
0x0073D430	0x0033D430	6a 01                           	push    	1
0x0073D432	0x0033D432	50                              	push    	eax
0x0073D433	0x0033D433	e8 98 f3 0e 00                  	call    	0x82c7d0
0x0073D438	0x0033D438	6a ff                           	push    	-1
0x0073D43A	0x0033D43A	6a fe                           	push    	-2
0x0073D43C	0x0033D43C	8b cb                           	mov     	ecx, ebx
0x0073D43E	0x0033D43E	8b f0                           	mov     	esi, eax
0x0073D440	0x0033D440	e8 7b 37 00 00                  	call    	0x740bc0
0x0073D445	0x0033D445	6a ff                           	push    	-1
0x0073D447	0x0033D447	6a fa                           	push    	-6
0x0073D449	0x0033D449	8b cb                           	mov     	ecx, ebx
0x0073D44B	0x0033D44B	89 70 10                        	mov     	dword ptr [eax + 0x10], esi
0x0073D44E	0x0033D44E	e8 6d 37 00 00                  	call    	0x740bc0
0x0073D453	0x0033D453	57                              	push    	edi
0x0073D454	0x0033D454	8b c8                           	mov     	ecx, eax
0x0073D456	0x0033D456	e8 e5 b4 ce ff                  	call    	0x428940
0x0073D45B	0x0033D45B	8b cf                           	mov     	ecx, edi
0x0073D45D	0x0033D45D	c7 85 34 ff ff ff 00 00 00 00   	mov     	dword ptr [ebp - 0xcc], 0
0x0073D467	0x0033D467	e8 84 bc 0a 00                  	call    	0x7e90f0
0x0073D46C	0x0033D46C	6a ff                           	push    	-1
0x0073D46E	0x0033D46E	6a ff                           	push    	-1
0x0073D470	0x0033D470	8d 8d 34 ff ff ff               	lea     	ecx, [ebp - 0xcc]
0x0073D476	0x0033D476	51                              	push    	ecx
0x0073D477	0x0033D477	8b 8d 24 ff ff ff               	mov     	ecx, dword ptr [ebp - 0xdc]
0x0073D47D	0x0033D47D	6a 0a                           	push    	0xa
0x0073D47F	0x0033D47F	6a 01                           	push    	1
0x0073D481	0x0033D481	6a ff                           	push    	-1
0x0073D483	0x0033D483	6a 00                           	push    	0
0x0073D485	0x0033D485	6a 0d                           	push    	0xd
0x0073D487	0x0033D487	6a 16                           	push    	0x16
0x0073D489	0x0033D489	6a 00                           	push    	0
0x0073D48B	0x0033D48B	6a 01                           	push    	1
0x0073D48D	0x0033D48D	50                              	push    	eax
0x0073D48E	0x0033D48E	e8 3d f3 0e 00                  	call    	0x82c7d0
0x0073D493	0x0033D493	6a ff                           	push    	-1
0x0073D495	0x0033D495	6a fa                           	push    	-6
0x0073D497	0x0033D497	8b cb                           	mov     	ecx, ebx
0x0073D499	0x0033D499	8b f0                           	mov     	esi, eax
0x0073D49B	0x0033D49B	e8 20 37 00 00                  	call    	0x740bc0
0x0073D4A0	0x0033D4A0	6a ff                           	push    	-1
0x0073D4A2	0x0033D4A2	6a fc                           	push    	-4
0x0073D4A4	0x0033D4A4	8b cb                           	mov     	ecx, ebx
0x0073D4A6	0x0033D4A6	89 70 10                        	mov     	dword ptr [eax + 0x10], esi
0x0073D4A9	0x0033D4A9	e8 12 37 00 00                  	call    	0x740bc0
0x0073D4AE	0x0033D4AE	57                              	push    	edi
0x0073D4AF	0x0033D4AF	8b c8                           	mov     	ecx, eax
0x0073D4B1	0x0033D4B1	e8 8a b4 ce ff                  	call    	0x428940
0x0073D4B6	0x0033D4B6	8b cf                           	mov     	ecx, edi
0x0073D4B8	0x0033D4B8	c7 85 34 ff ff ff 00 00 00 00   	mov     	dword ptr [ebp - 0xcc], 0
0x0073D4C2	0x0033D4C2	e8 29 bc 0a 00                  	call    	0x7e90f0
0x0073D4C7	0x0033D4C7	6a ff                           	push    	-1
0x0073D4C9	0x0033D4C9	6a ff                           	push    	-1
0x0073D4CB	0x0033D4CB	8d 8d 34 ff ff ff               	lea     	ecx, [ebp - 0xcc]
0x0073D4D1	0x0033D4D1	51                              	push    	ecx
0x0073D4D2	0x0033D4D2	6a 0a                           	push    	0xa
0x0073D4D4	0x0033D4D4	6a 01                           	push    	1
0x0073D4D6	0x0033D4D6	6a ff                           	push    	-1
0x0073D4D8	0x0033D4D8	6a 00                           	push    	0
0x0073D4DA	0x0033D4DA	6a 0d                           	push    	0xd
0x0073D4DC	0x0033D4DC	8b 8d 24 ff ff ff               	mov     	ecx, dword ptr [ebp - 0xdc]
0x0073D4E2	0x0033D4E2	6a 10                           	push    	0x10
0x0073D4E4	0x0033D4E4	6a 00                           	push    	0
0x0073D4E6	0x0033D4E6	6a 01                           	push    	1
0x0073D4E8	0x0033D4E8	50                              	push    	eax
0x0073D4E9	0x0033D4E9	e8 e2 f2 0e 00                  	call    	0x82c7d0
0x0073D4EE	0x0033D4EE	6a ff                           	push    	-1
0x0073D4F0	0x0033D4F0	6a fc                           	push    	-4
0x0073D4F2	0x0033D4F2	8b cb                           	mov     	ecx, ebx
0x0073D4F4	0x0033D4F4	8b f0                           	mov     	esi, eax
0x0073D4F6	0x0033D4F6	e8 c5 36 00 00                  	call    	0x740bc0
0x0073D4FB	0x0033D4FB	6a ff                           	push    	-1
0x0073D4FD	0x0033D4FD	6a fb                           	push    	-5
0x0073D4FF	0x0033D4FF	8b cb                           	mov     	ecx, ebx
0x0073D501	0x0033D501	89 70 10                        	mov     	dword ptr [eax + 0x10], esi
0x0073D504	0x0033D504	e8 b7 36 00 00                  	call    	0x740bc0
0x0073D509	0x0033D509	57                              	push    	edi
0x0073D50A	0x0033D50A	8b c8                           	mov     	ecx, eax
0x0073D50C	0x0033D50C	e8 2f b4 ce ff                  	call    	0x428940
0x0073D511	0x0033D511	8b 0d 78 16 c7 00               	mov     	ecx, dword ptr [0xc71678]
0x0073D517	0x0033D517	6a 01                           	push    	1
0x0073D519	0x0033D519	81 c1 a8 ba 01 00               	add     	ecx, 0x1baa8
0x0073D51F	0x0033D51F	51                              	push    	ecx
0x0073D520	0x0033D520	68 26 02 00 00                  	push    	0x226
0x0073D525	0x0033D525	e8 56 0b 28 00                  	call    	0x9be080
0x0073D52A	0x0033D52A	8b cf                           	mov     	ecx, edi
0x0073D52C	0x0033D52C	85 c0                           	test    	eax, eax
0x0073D52E	0x0033D52E	74 1a                           	je      	0x73d54a
0x0073D530	0x0033D530	e8 bb bb 0a 00                  	call    	0x7e90f0
0x0073D535	0x0033D535	8b 8d 24 ff ff ff               	mov     	ecx, dword ptr [ebp - 0xdc]
0x0073D53B	0x0033D53B	6a ff                           	push    	-1
0x0073D53D	0x0033D53D	6a 00                           	push    	0
0x0073D53F	0x0033D53F	6a 11                           	push    	0x11
0x0073D541	0x0033D541	6a 00                           	push    	0
0x0073D543	0x0033D543	e8 d8 f1 0e 00                  	call    	0x82c720
0x0073D548	0x0033D548	eb 36                           	jmp     	0x73d580
0x0073D54A	0x0033D54A	c7 85 34 ff ff ff 00 00 00 00   	mov     	dword ptr [ebp - 0xcc], 0
0x0073D554	0x0033D554	e8 97 bb 0a 00                  	call    	0x7e90f0
0x0073D559	0x0033D559	6a ff                           	push    	-1
0x0073D55B	0x0033D55B	6a ff                           	push    	-1
0x0073D55D	0x0033D55D	8d 8d 34 ff ff ff               	lea     	ecx, [ebp - 0xcc]
0x0073D563	0x0033D563	51                              	push    	ecx
0x0073D564	0x0033D564	8b 8d 24 ff ff ff               	mov     	ecx, dword ptr [ebp - 0xdc]
0x0073D56A	0x0033D56A	6a 0a                           	push    	0xa
0x0073D56C	0x0033D56C	6a 01                           	push    	1
0x0073D56E	0x0033D56E	6a ff                           	push    	-1
0x0073D570	0x0033D570	6a 00                           	push    	0
0x0073D572	0x0033D572	6a 0d                           	push    	0xd
0x0073D574	0x0033D574	6a 11                           	push    	0x11
0x0073D576	0x0033D576	6a 00                           	push    	0
0x0073D578	0x0033D578	6a 01                           	push    	1
0x0073D57A	0x0033D57A	50                              	push    	eax
0x0073D57B	0x0033D57B	e8 50 f2 0e 00                  	call    	0x82c7d0
0x0073D580	0x0033D580	6a ff                           	push    	-1
0x0073D582	0x0033D582	6a fb                           	push    	-5
0x0073D584	0x0033D584	8b cb                           	mov     	ecx, ebx
0x0073D586	0x0033D586	8b f0                           	mov     	esi, eax
0x0073D588	0x0033D588	e8 33 36 00 00                  	call    	0x740bc0
0x0073D58D	0x0033D58D	6a ff                           	push    	-1
0x0073D58F	0x0033D58F	6a f9                           	push    	-7
0x0073D591	0x0033D591	8b cb                           	mov     	ecx, ebx
0x0073D593	0x0033D593	89 70 10                        	mov     	dword ptr [eax + 0x10], esi
0x0073D596	0x0033D596	e8 25 36 00 00                  	call    	0x740bc0
0x0073D59B	0x0033D59B	57                              	push    	edi
0x0073D59C	0x0033D59C	8b c8                           	mov     	ecx, eax
0x0073D59E	0x0033D59E	e8 9d b3 ce ff                  	call    	0x428940
0x0073D5A3	0x0033D5A3	8b cf                           	mov     	ecx, edi
0x0073D5A5	0x0033D5A5	c7 85 34 ff ff ff 00 00 00 00   	mov     	dword ptr [ebp - 0xcc], 0
0x0073D5AF	0x0033D5AF	e8 3c bb 0a 00                  	call    	0x7e90f0
0x0073D5B4	0x0033D5B4	6a ff                           	push    	-1
0x0073D5B6	0x0033D5B6	6a 37                           	push    	0x37
0x0073D5B8	0x0033D5B8	8d 8d 34 ff ff ff               	lea     	ecx, [ebp - 0xcc]
0x0073D5BE	0x0033D5BE	51                              	push    	ecx
0x0073D5BF	0x0033D5BF	8b 8d 24 ff ff ff               	mov     	ecx, dword ptr [ebp - 0xdc]
0x0073D5C5	0x0033D5C5	6a 0a                           	push    	0xa
0x0073D5C7	0x0033D5C7	6a 01                           	push    	1
0x0073D5C9	0x0033D5C9	6a ff                           	push    	-1
0x0073D5CB	0x0033D5CB	6a 00                           	push    	0
0x0073D5CD	0x0033D5CD	6a 0d                           	push    	0xd
0x0073D5CF	0x0033D5CF	6a 05                           	push    	5
0x0073D5D1	0x0033D5D1	6a 00                           	push    	0
0x0073D5D3	0x0033D5D3	6a 01                           	push    	1
0x0073D5D5	0x0033D5D5	50                              	push    	eax
0x0073D5D6	0x0033D5D6	e8 f5 f1 0e 00                  	call    	0x82c7d0
0x0073D5DB	0x0033D5DB	6a ff                           	push    	-1
0x0073D5DD	0x0033D5DD	6a f9                           	push    	-7
0x0073D5DF	0x0033D5DF	8b cb                           	mov     	ecx, ebx
0x0073D5E1	0x0033D5E1	8b f0                           	mov     	esi, eax
0x0073D5E3	0x0033D5E3	e8 d8 35 00 00                  	call    	0x740bc0
0x0073D5E8	0x0033D5E8	83 bd d8 fe ff ff 0d            	cmp     	dword ptr [ebp - 0x128], 0xd
0x0073D5EF	0x0033D5EF	8b cb                           	mov     	ecx, ebx
0x0073D5F1	0x0033D5F1	6a ff                           	push    	-1
0x0073D5F3	0x0033D5F3	89 70 10                        	mov     	dword ptr [eax + 0x10], esi
0x0073D5F6	0x0033D5F6	75 4d                           	jne     	0x73d645
0x0073D5F8	0x0033D5F8	6a f7                           	push    	-9
0x0073D5FA	0x0033D5FA	e8 c1 35 00 00                  	call    	0x740bc0
0x0073D5FF	0x0033D5FF	57                              	push    	edi
0x0073D600	0x0033D600	8b c8                           	mov     	ecx, eax
0x0073D602	0x0033D602	e8 39 b3 ce ff                  	call    	0x428940
0x0073D607	0x0033D607	8b cf                           	mov     	ecx, edi
0x0073D609	0x0033D609	c7 85 34 ff ff ff 00 00 00 00   	mov     	dword ptr [ebp - 0xcc], 0
0x0073D613	0x0033D613	e8 d8 ba 0a 00                  	call    	0x7e90f0
0x0073D618	0x0033D618	6a ff                           	push    	-1
0x0073D61A	0x0033D61A	6a 01                           	push    	1
0x0073D61C	0x0033D61C	8d 8d 34 ff ff ff               	lea     	ecx, [ebp - 0xcc]
0x0073D622	0x0033D622	51                              	push    	ecx
0x0073D623	0x0033D623	8b 8d 24 ff ff ff               	mov     	ecx, dword ptr [ebp - 0xdc]
0x0073D629	0x0033D629	6a 00                           	push    	0
0x0073D62B	0x0033D62B	6a 00                           	push    	0
0x0073D62D	0x0033D62D	6a ff                           	push    	-1
0x0073D62F	0x0033D62F	6a 00                           	push    	0
0x0073D631	0x0033D631	6a 0d                           	push    	0xd
0x0073D633	0x0033D633	6a 01                           	push    	1
0x0073D635	0x0033D635	6a 0d                           	push    	0xd
0x0073D637	0x0033D637	6a 01                           	push    	1
0x0073D639	0x0033D639	50                              	push    	eax
0x0073D63A	0x0033D63A	e8 91 f1 0e 00                  	call    	0x82c7d0
0x0073D63F	0x0033D63F	6a ff                           	push    	-1
0x0073D641	0x0033D641	6a f7                           	push    	-9
0x0073D643	0x0033D643	eb 4b                           	jmp     	0x73d690
0x0073D645	0x0033D645	6a f8                           	push    	-8
0x0073D647	0x0033D647	e8 74 35 00 00                  	call    	0x740bc0
0x0073D64C	0x0033D64C	57                              	push    	edi
0x0073D64D	0x0033D64D	8b c8                           	mov     	ecx, eax
0x0073D64F	0x0033D64F	e8 ec b2 ce ff                  	call    	0x428940
0x0073D654	0x0033D654	8b cf                           	mov     	ecx, edi
0x0073D656	0x0033D656	c7 85 34 ff ff ff 00 00 00 00   	mov     	dword ptr [ebp - 0xcc], 0
0x0073D660	0x0033D660	e8 8b ba 0a 00                  	call    	0x7e90f0
0x0073D665	0x0033D665	6a ff                           	push    	-1
0x0073D667	0x0033D667	6a 01                           	push    	1
0x0073D669	0x0033D669	8d 8d 34 ff ff ff               	lea     	ecx, [ebp - 0xcc]
0x0073D66F	0x0033D66F	51                              	push    	ecx
0x0073D670	0x0033D670	8b 8d 24 ff ff ff               	mov     	ecx, dword ptr [ebp - 0xdc]
0x0073D676	0x0033D676	6a 00                           	push    	0
0x0073D678	0x0033D678	6a 00                           	push    	0
0x0073D67A	0x0033D67A	6a ff                           	push    	-1
0x0073D67C	0x0033D67C	6a 00                           	push    	0
0x0073D67E	0x0033D67E	6a 0d                           	push    	0xd
0x0073D680	0x0033D680	6a 01                           	push    	1
0x0073D682	0x0033D682	6a 0d                           	push    	0xd
0x0073D684	0x0033D684	6a 01                           	push    	1
0x0073D686	0x0033D686	50                              	push    	eax
0x0073D687	0x0033D687	e8 44 f1 0e 00                  	call    	0x82c7d0
0x0073D68C	0x0033D68C	6a ff                           	push    	-1
0x0073D68E	0x0033D68E	6a f8                           	push    	-8
0x0073D690	0x0033D690	8b cb                           	mov     	ecx, ebx
0x0073D692	0x0033D692	8b f0                           	mov     	esi, eax
0x0073D694	0x0033D694	e8 27 35 00 00                  	call    	0x740bc0
0x0073D699	0x0033D699	8b 0d 9c 16 c7 00               	mov     	ecx, dword ptr [0xc7169c]
0x0073D69F	0x0033D69F	89 70 10                        	mov     	dword ptr [eax + 0x10], esi
0x0073D6A2	0x0033D6A2	80 b9 e4 00 00 00 00            	cmp     	byte ptr [ecx + 0xe4], 0
0x0073D6A9	0x0033D6A9	a1 78 16 c7 00                  	mov     	eax, dword ptr [0xc71678]
0x0073D6AE	0x0033D6AE	75 23                           	jne     	0x73d6d3
0x0073D6B0	0x0033D6B0	83 79 08 02                     	cmp     	dword ptr [ecx + 8], 2
0x0073D6B4	0x0033D6B4	75 16                           	jne     	0x73d6cc
0x0073D6B6	0x0033D6B6	85 c0                           	test    	eax, eax
0x0073D6B8	0x0033D6B8	74 12                           	je      	0x73d6cc
0x0073D6BA	0x0033D6BA	83 b8 30 66 02 00 00            	cmp     	dword ptr [eax + 0x26630], 0
0x0073D6C1	0x0033D6C1	77 10                           	ja      	0x73d6d3
0x0073D6C3	0x0033D6C3	80 b8 89 65 02 00 00            	cmp     	byte ptr [eax + 0x26589], 0
0x0073D6CA	0x0033D6CA	75 07                           	jne     	0x73d6d3
0x0073D6CC	0x0033D6CC	bb 01 00 00 00                  	mov     	ebx, 1
0x0073D6D1	0x0033D6D1	eb 05                           	jmp     	0x73d6d8
0x0073D6D3	0x0033D6D3	bb 02 00 00 00                  	mov     	ebx, 2
0x0073D6D8	0x0033D6D8	80 b9 e5 00 00 00 00            	cmp     	byte ptr [ecx + 0xe5], 0
0x0073D6DF	0x0033D6DF	75 23                           	jne     	0x73d704
0x0073D6E1	0x0033D6E1	83 79 08 02                     	cmp     	dword ptr [ecx + 8], 2
0x0073D6E5	0x0033D6E5	75 16                           	jne     	0x73d6fd
0x0073D6E7	0x0033D6E7	85 c0                           	test    	eax, eax
0x0073D6E9	0x0033D6E9	74 12                           	je      	0x73d6fd
0x0073D6EB	0x0033D6EB	83 b8 30 66 02 00 00            	cmp     	dword ptr [eax + 0x26630], 0
0x0073D6F2	0x0033D6F2	77 10                           	ja      	0x73d704
0x0073D6F4	0x0033D6F4	80 b8 89 65 02 00 00            	cmp     	byte ptr [eax + 0x26589], 0
0x0073D6FB	0x0033D6FB	75 07                           	jne     	0x73d704
0x0073D6FD	0x0033D6FD	be 01 00 00 00                  	mov     	esi, 1
0x0073D702	0x0033D702	eb 05                           	jmp     	0x73d709
0x0073D704	0x0033D704	be 02 00 00 00                  	mov     	esi, 2
0x0073D709	0x0033D709	80 b9 e6 00 00 00 00            	cmp     	byte ptr [ecx + 0xe6], 0
0x0073D710	0x0033D710	75 1c                           	jne     	0x73d72e
0x0073D712	0x0033D712	83 79 08 02                     	cmp     	dword ptr [ecx + 8], 2
0x0073D716	0x0033D716	75 17                           	jne     	0x73d72f
0x0073D718	0x0033D718	85 c0                           	test    	eax, eax
0x0073D71A	0x0033D71A	74 13                           	je      	0x73d72f
0x0073D71C	0x0033D71C	83 b8 30 66 02 00 00            	cmp     	dword ptr [eax + 0x26630], 0
0x0073D723	0x0033D723	77 09                           	ja      	0x73d72e
0x0073D725	0x0033D725	80 b8 89 65 02 00 00            	cmp     	byte ptr [eax + 0x26589], 0
0x0073D72C	0x0033D72C	74 01                           	je      	0x73d72f
0x0073D72E	0x0033D72E	43                              	inc     	ebx
0x0073D72F	0x0033D72F	8b cf                           	mov     	ecx, edi
0x0073D731	0x0033D731	e8 ba b9 0a 00                  	call    	0x7e90f0
0x0073D736	0x0033D736	f3 0f 7e 05 ac f5 b1 00         	movq    	xmm0, qword ptr [0xb1f5ac]
0x0073D73E	0x0033D73E	8d 8d 44 ff ff ff               	lea     	ecx, [ebp - 0xbc]
0x0073D744	0x0033D744	89 85 44 ff ff ff               	mov     	dword ptr [ebp - 0xbc], eax
0x0073D74A	0x0033D74A	a1 b4 f5 b1 00                  	mov     	eax, dword ptr [0xb1f5b4]
0x0073D74F	0x0033D74F	56                              	push    	esi
0x0073D750	0x0033D750	66 0f d6 85 48 ff ff ff         	movq    	qword ptr [ebp - 0xb8], xmm0
0x0073D758	0x0033D758	89 85 50 ff ff ff               	mov     	dword ptr [ebp - 0xb0], eax
0x0073D75E	0x0033D75E	e8 bd b8 0a 00                  	call    	0x7e9020
0x0073D763	0x0033D763	53                              	push    	ebx
0x0073D764	0x0033D764	8d 8d 44 ff ff ff               	lea     	ecx, [ebp - 0xbc]
0x0073D76A	0x0033D76A	8b f8                           	mov     	edi, eax
0x0073D76C	0x0033D76C	e8 af b8 0a 00                  	call    	0x7e9020
0x0073D771	0x0033D771	8b 8d 2c ff ff ff               	mov     	ecx, dword ptr [ebp - 0xd4]
0x0073D777	0x0033D777	03 f8                           	add     	edi, eax
0x0073D779	0x0033D779	6a ff                           	push    	-1
0x0073D77B	0x0033D77B	6a f3                           	push    	-0xd
0x0073D77D	0x0033D77D	e8 3e 34 00 00                  	call    	0x740bc0
0x0073D782	0x0033D782	8d 8d 44 ff ff ff               	lea     	ecx, [ebp - 0xbc]
0x0073D788	0x0033D788	51                              	push    	ecx
0x0073D789	0x0033D789	8b c8                           	mov     	ecx, eax
0x0073D78B	0x0033D78B	e8 b0 b1 ce ff                  	call    	0x428940
0x0073D790	0x0033D790	8d 8d 44 ff ff ff               	lea     	ecx, [ebp - 0xbc]
0x0073D796	0x0033D796	c7 85 34 ff ff ff 00 00 00 00   	mov     	dword ptr [ebp - 0xcc], 0
0x0073D7A0	0x0033D7A0	e8 4b b9 0a 00                  	call    	0x7e90f0
0x0073D7A5	0x0033D7A5	6a ff                           	push    	-1
0x0073D7A7	0x0033D7A7	57                              	push    	edi
0x0073D7A8	0x0033D7A8	8d 8d 34 ff ff ff               	lea     	ecx, [ebp - 0xcc]
0x0073D7AE	0x0033D7AE	51                              	push    	ecx
0x0073D7AF	0x0033D7AF	8b 8d 24 ff ff ff               	mov     	ecx, dword ptr [ebp - 0xdc]
0x0073D7B5	0x0033D7B5	6a 0a                           	push    	0xa
0x0073D7B7	0x0033D7B7	6a 01                           	push    	1
0x0073D7B9	0x0033D7B9	6a ff                           	push    	-1
0x0073D7BB	0x0033D7BB	6a 00                           	push    	0
0x0073D7BD	0x0033D7BD	6a 0d                           	push    	0xd
0x0073D7BF	0x0033D7BF	6a 02                           	push    	2
0x0073D7C1	0x0033D7C1	6a 00                           	push    	0
0x0073D7C3	0x0033D7C3	6a 01                           	push    	1
0x0073D7C5	0x0033D7C5	50                              	push    	eax
0x0073D7C6	0x0033D7C6	e8 05 f0 0e 00                  	call    	0x82c7d0
0x0073D7CB	0x0033D7CB	8b bd 2c ff ff ff               	mov     	edi, dword ptr [ebp - 0xd4]
0x0073D7D1	0x0033D7D1	8b f0                           	mov     	esi, eax
0x0073D7D3	0x0033D7D3	6a ff                           	push    	-1
0x0073D7D5	0x0033D7D5	6a f3                           	push    	-0xd
0x0073D7D7	0x0033D7D7	8b cf                           	mov     	ecx, edi
0x0073D7D9	0x0033D7D9	e8 e2 33 00 00                  	call    	0x740bc0
0x0073D7DE	0x0033D7DE	8b 9d dc fe ff ff               	mov     	ebx, dword ptr [ebp - 0x124]
0x0073D7E4	0x0033D7E4	8b cb                           	mov     	ecx, ebx
0x0073D7E6	0x0033D7E6	89 70 10                        	mov     	dword ptr [eax + 0x10], esi
0x0073D7E9	0x0033D7E9	e8 02 b9 0a 00                  	call    	0x7e90f0
0x0073D7EE	0x0033D7EE	f3 0f 7e 05 b8 f5 b1 00         	movq    	xmm0, qword ptr [0xb1f5b8]
0x0073D7F6	0x0033D7F6	8b cf                           	mov     	ecx, edi
0x0073D7F8	0x0033D7F8	6a ff                           	push    	-1
0x0073D7FA	0x0033D7FA	89 85 44 ff ff ff               	mov     	dword ptr [ebp - 0xbc], eax
0x0073D800	0x0033D800	a1 c0 f5 b1 00                  	mov     	eax, dword ptr [0xb1f5c0]
0x0073D805	0x0033D805	6a ee                           	push    	-0x12
0x0073D807	0x0033D807	66 0f d6 85 48 ff ff ff         	movq    	qword ptr [ebp - 0xb8], xmm0
0x0073D80F	0x0033D80F	89 85 50 ff ff ff               	mov     	dword ptr [ebp - 0xb0], eax
0x0073D815	0x0033D815	e8 a6 33 00 00                  	call    	0x740bc0
0x0073D81A	0x0033D81A	8d 8d 44 ff ff ff               	lea     	ecx, [ebp - 0xbc]
0x0073D820	0x0033D820	51                              	push    	ecx
0x0073D821	0x0033D821	8b c8                           	mov     	ecx, eax
0x0073D823	0x0033D823	e8 18 b1 ce ff                  	call    	0x428940
0x0073D828	0x0033D828	8d 8d 44 ff ff ff               	lea     	ecx, [ebp - 0xbc]
0x0073D82E	0x0033D82E	c7 85 34 ff ff ff 00 00 00 00   	mov     	dword ptr [ebp - 0xcc], 0
0x0073D838	0x0033D838	e8 b3 b8 0a 00                  	call    	0x7e90f0
0x0073D83D	0x0033D83D	6a ff                           	push    	-1
0x0073D83F	0x0033D83F	6a 01                           	push    	1
0x0073D841	0x0033D841	8d 8d 34 ff ff ff               	lea     	ecx, [ebp - 0xcc]
0x0073D847	0x0033D847	51                              	push    	ecx
0x0073D848	0x0033D848	8b 8d 24 ff ff ff               	mov     	ecx, dword ptr [ebp - 0xdc]
0x0073D84E	0x0033D84E	6a 0a                           	push    	0xa
0x0073D850	0x0033D850	6a 01                           	push    	1
0x0073D852	0x0033D852	6a ff                           	push    	-1
0x0073D854	0x0033D854	6a 00                           	push    	0
0x0073D856	0x0033D856	6a 0d                           	push    	0xd
0x0073D858	0x0033D858	6a 0f                           	push    	0xf
0x0073D85A	0x0033D85A	6a 00                           	push    	0
0x0073D85C	0x0033D85C	6a 01                           	push    	1
0x0073D85E	0x0033D85E	50                              	push    	eax
0x0073D85F	0x0033D85F	e8 6c ef 0e 00                  	call    	0x82c7d0
0x0073D864	0x0033D864	6a ff                           	push    	-1
0x0073D866	0x0033D866	6a ee                           	push    	-0x12
0x0073D868	0x0033D868	8b cf                           	mov     	ecx, edi
0x0073D86A	0x0033D86A	8b f0                           	mov     	esi, eax
0x0073D86C	0x0033D86C	e8 4f 33 00 00                  	call    	0x740bc0
0x0073D871	0x0033D871	89 70 10                        	mov     	dword ptr [eax + 0x10], esi
0x0073D874	0x0033D874	8b 47 04                        	mov     	eax, dword ptr [edi + 4]
0x0073D877	0x0033D877	83 f8 04                        	cmp     	eax, 4
0x0073D87A	0x0033D87A	74 09                           	je      	0x73d885
0x0073D87C	0x0033D87C	83 f8 05                        	cmp     	eax, 5
0x0073D87F	0x0033D87F	0f 85 a0 00 00 00               	jne     	0x73d925
0x0073D885	0x0033D885	8b 07                           	mov     	eax, dword ptr [edi]
0x0073D887	0x0033D887	83 f8 08                        	cmp     	eax, 8
0x0073D88A	0x0033D88A	74 33                           	je      	0x73d8bf
0x0073D88C	0x0033D88C	83 f8 07                        	cmp     	eax, 7
0x0073D88F	0x0033D88F	0f 85 90 00 00 00               	jne     	0x73d925
0x0073D895	0x0033D895	a1 78 16 c7 00                  	mov     	eax, dword ptr [0xc71678]
0x0073D89A	0x0033D89A	8b b0 50 65 02 00               	mov     	esi, dword ptr [eax + 0x26550]
0x0073D8A0	0x0033D8A0	0b 77 0c                        	or      	esi, dword ptr [edi + 0xc]
0x0073D8A3	0x0033D8A3	e8 58 bb fb ff                  	call    	0x6f9400
0x0073D8A8	0x0033D8A8	8b f8                           	mov     	edi, eax
0x0073D8AA	0x0033D8AA	0b fe                           	or      	edi, esi
0x0073D8AC	0x0033D8AC	e8 ef bc fb ff                  	call    	0x6f95a0
0x0073D8B1	0x0033D8B1	f7 d0                           	not     	eax
0x0073D8B3	0x0033D8B3	23 c7                           	and     	eax, edi
0x0073D8B5	0x0033D8B5	a8 02                           	test    	al, 2
0x0073D8B7	0x0033D8B7	74 6c                           	je      	0x73d925
0x0073D8B9	0x0033D8B9	8b bd 2c ff ff ff               	mov     	edi, dword ptr [ebp - 0xd4]
0x0073D8BF	0x0033D8BF	8b cb                           	mov     	ecx, ebx
0x0073D8C1	0x0033D8C1	e8 2a b8 0a 00                  	call    	0x7e90f0
0x0073D8C6	0x0033D8C6	6a ff                           	push    	-1
0x0073D8C8	0x0033D8C8	6a f6                           	push    	-0xa
0x0073D8CA	0x0033D8CA	8b cf                           	mov     	ecx, edi
0x0073D8CC	0x0033D8CC	e8 ef 32 00 00                  	call    	0x740bc0
0x0073D8D1	0x0033D8D1	53                              	push    	ebx
0x0073D8D2	0x0033D8D2	8b c8                           	mov     	ecx, eax
0x0073D8D4	0x0033D8D4	e8 67 b0 ce ff                  	call    	0x428940
0x0073D8D9	0x0033D8D9	8b cb                           	mov     	ecx, ebx
0x0073D8DB	0x0033D8DB	c7 85 34 ff ff ff 00 00 00 00   	mov     	dword ptr [ebp - 0xcc], 0
0x0073D8E5	0x0033D8E5	e8 06 b8 0a 00                  	call    	0x7e90f0
0x0073D8EA	0x0033D8EA	6a ff                           	push    	-1
0x0073D8EC	0x0033D8EC	6a 58                           	push    	0x58
0x0073D8EE	0x0033D8EE	8d 8d 34 ff ff ff               	lea     	ecx, [ebp - 0xcc]
0x0073D8F4	0x0033D8F4	51                              	push    	ecx
0x0073D8F5	0x0033D8F5	8b 8d 24 ff ff ff               	mov     	ecx, dword ptr [ebp - 0xdc]
0x0073D8FB	0x0033D8FB	6a 0a                           	push    	0xa
0x0073D8FD	0x0033D8FD	6a 01                           	push    	1
0x0073D8FF	0x0033D8FF	6a ff                           	push    	-1
0x0073D901	0x0033D901	6a 00                           	push    	0
0x0073D903	0x0033D903	6a 0d                           	push    	0xd
0x0073D905	0x0033D905	6a 05                           	push    	5
0x0073D907	0x0033D907	ff b5 d8 fe ff ff               	push    	dword ptr [ebp - 0x128]
0x0073D90D	0x0033D90D	6a 01                           	push    	1
0x0073D90F	0x0033D90F	50                              	push    	eax
0x0073D910	0x0033D910	e8 bb ee 0e 00                  	call    	0x82c7d0
0x0073D915	0x0033D915	6a ff                           	push    	-1
0x0073D917	0x0033D917	6a f6                           	push    	-0xa
0x0073D919	0x0033D919	8b cf                           	mov     	ecx, edi
0x0073D91B	0x0033D91B	8b f0                           	mov     	esi, eax
0x0073D91D	0x0033D91D	e8 9e 32 00 00                  	call    	0x740bc0
0x0073D922	0x0033D922	89 70 10                        	mov     	dword ptr [eax + 0x10], esi
0x0073D925	0x0033D925	8d 8d bc fe ff ff               	lea     	ecx, [ebp - 0x144]
0x0073D92B	0x0033D92B	e8 a0 70 cd ff                  	call    	0x4149d0
0x0073D930	0x0033D930	8b 8d fc fe ff ff               	mov     	ecx, dword ptr [ebp - 0x104]
0x0073D936	0x0033D936	85 c9                           	test    	ecx, ecx
0x0073D938	0x0033D938	74 12                           	je      	0x73d94c
0x0073D93A	0x0033D93A	8b 85 e4 fe ff ff               	mov     	eax, dword ptr [ebp - 0x11c]
0x0073D940	0x0033D940	2b c1                           	sub     	eax, ecx
0x0073D942	0x0033D942	c1 f8 03                        	sar     	eax, 3
0x0073D945	0x0033D945	50                              	push    	eax
0x0073D946	0x0033D946	51                              	push    	ecx
0x0073D947	0x0033D947	e8 f4 8f ce ff                  	call    	0x426940
0x0073D94C	0x0033D94C	b0 01                           	mov     	al, 1
0x0073D94E	0x0033D94E	e9 b5 f5 ff ff                  	jmp     	0x73cf08
0x0073D953	0x0033D953	68 8c 10 c8 00                  	push    	0xc8108c
0x0073D958	0x0033D958	e8 40 19 3b 00                  	call    	0xaef29d
0x0073D95D	0x0033D95D	83 c4 04                        	add     	esp, 4
0x0073D960	0x0033D960	83 3d 8c 10 c8 00 ff            	cmp     	dword ptr [0xc8108c], -1
0x0073D967	0x0033D967	0f 85 d2 ba ff ff               	jne     	0x73943f
0x0073D96D	0x0033D96D	b9 90 10 c8 00                  	mov     	ecx, 0xc81090
0x0073D972	0x0033D972	c7 45 fc 00 00 00 00            	mov     	dword ptr [ebp - 4], 0
0x0073D979	0x0033D979	e8 12 1c fb ff                  	call    	0x6ef590
0x0073D97E	0x0033D97E	68 30 5b b1 00                  	push    	0xb15b30
0x0073D983	0x0033D983	e8 27 1c 3b 00                  	call    	0xaef5af
0x0073D988	0x0033D988	83 c4 04                        	add     	esp, 4
0x0073D98B	0x0033D98B	c7 45 fc ff ff ff ff            	mov     	dword ptr [ebp - 4], 0xffffffff
0x0073D992	0x0033D992	68 8c 10 c8 00                  	push    	0xc8108c
0x0073D997	0x0033D997	e8 b7 18 3b 00                  	call    	0xaef253
0x0073D99C	0x0033D99C	83 c4 04                        	add     	esp, 4
0x0073D99F	0x0033D99F	e9 9b ba ff ff                  	jmp     	0x73943f
0x0073D9A4	0x0033D9A4	e8 17 82 cd ff                  	call    	0x415bc0
0x0073D9A9	0x0033D9A9	cc                              	int3    	
0x0073D9AA	0x0033D9AA	cc                              	int3    	
0x0073D9AB	0x0033D9AB	cc                              	int3    	
0x0073D9AC	0x0033D9AC	cc                              	int3    	
0x0073D9AD	0x0033D9AD	cc                              	int3    	
0x0073D9AE	0x0033D9AE	cc                              	int3    	
0x0073D9AF	0x0033D9AF	cc                              	int3    	
0x0073D9B0	0x0033D9B0	55                              	push    	ebp
0x0073D9B1	0x0033D9B1	8b ec                           	mov     	ebp, esp
0x0073D9B3	0x0033D9B3	56                              	push    	esi
0x0073D9B4	0x0033D9B4	8b 75 08                        	mov     	esi, dword ptr [ebp + 8]
0x0073D9B7	0x0033D9B7	57                              	push    	edi
0x0073D9B8	0x0033D9B8	ff 75 14                        	push    	dword ptr [ebp + 0x14]
0x0073D9BB	0x0033D9BB	56                              	push    	esi
0x0073D9BC	0x0033D9BC	e8 ff 31 00 00                  	call    	0x740bc0
0x0073D9C1	0x0033D9C1	8b f8                           	mov     	edi, eax
0x0073D9C3	0x0033D9C3	85 f6                           	test    	esi, esi
0x0073D9C5	0x0033D9C5	78 04                           	js      	0x73d9cb
0x0073D9C7	0x0033D9C7	2b 37                           	sub     	esi, dword ptr [edi]
0x0073D9C9	0x0033D9C9	eb 02                           	jmp     	0x73d9cd
0x0073D9CB	0x0033D9CB	33 f6                           	xor     	esi, esi
0x0073D9CD	0x0033D9CD	b8 4f ec c4 4e                  	mov     	eax, 0x4ec4ec4f
0x0073D9D2	0x0033D9D2	f7 ee                           	imul    	esi
0x0073D9D4	0x0033D9D4	c1 fa 02                        	sar     	edx, 2
0x0073D9D7	0x0033D9D7	8b ca                           	mov     	ecx, edx
0x0073D9D9	0x0033D9D9	c1 e9 1f                        	shr     	ecx, 0x1f
0x0073D9DC	0x0033D9DC	03 ca                           	add     	ecx, edx
0x0073D9DE	0x0033D9DE	6b c1 0d                        	imul    	eax, ecx, 0xd
0x0073D9E1	0x0033D9E1	2b f0                           	sub     	esi, eax
0x0073D9E3	0x0033D9E3	8b 45 0c                        	mov     	eax, dword ptr [ebp + 0xc]
0x0073D9E6	0x0033D9E6	83 f8 01                        	cmp     	eax, 1
0x0073D9E9	0x0033D9E9	74 05                           	je      	0x73d9f0
0x0073D9EB	0x0033D9EB	83 f8 03                        	cmp     	eax, 3
0x0073D9EE	0x0033D9EE	75 04                           	jne     	0x73d9f4
0x0073D9F0	0x0033D9F0	85 f6                           	test    	esi, esi
0x0073D9F2	0x0033D9F2	7f 0d                           	jg      	0x73da01
0x0073D9F4	0x0033D9F4	85 c0                           	test    	eax, eax
0x0073D9F6	0x0033D9F6	74 05                           	je      	0x73d9fd
0x0073D9F8	0x0033D9F8	83 f8 02                        	cmp     	eax, 2
0x0073D9FB	0x0033D9FB	75 07                           	jne     	0x73da04
0x0073D9FD	0x0033D9FD	85 c9                           	test    	ecx, ecx
